"cruise","cast","niskin","date","latitude","longitude","depth"
"AR22","1",1,2017-09-02 15:24:59,41.129833,-70.831333,27.7390517789283
"AR22","1",2,2017-09-02 15:27:23,41.129833,-70.831333,20.6999711669835
"AR22","1",3,2017-09-02 15:28:52,41.129833,-70.831333,12.636726689828
"AR22","1",4,2017-09-02 15:30:00,41.129833,-70.831333,2.86952624040125
"AR22","2",1,2017-09-02 17:47:48,40.796333,-70.828333,50.7481206757908
"AR22","2",2,2017-09-02 17:49:24,40.796333,-70.828333,40.8336315049449
"AR22","2",3,2017-09-02 17:51:48,40.796333,-70.828333,33.9009417289298
"AR22","2",4,2017-09-02 17:54:11,40.796333,-70.828333,22.8555746002678
"AR22","2",5,2017-09-02 17:56:00,40.796333,-70.828333,12.7710593397814
"AR22","2",6,2017-09-02 17:57:29,40.796333,-70.828333,2.79321023507367
"AR22","3",1,2017-09-02 20:03:40,40.500833,-70.8315,69.5389859060302
"AR22","3",2,2017-09-02 20:05:37,40.500833,-70.8315,58.4069550096545
"AR22","3",3,2017-09-02 20:07:23,40.500833,-70.8315,50.412192299668
"AR22","3",4,2017-09-02 20:09:15,40.500833,-70.8315,30.5246221477563
"AR22","3",5,2017-09-02 20:11:53,40.500833,-70.8315,22.3561302641059
"AR22","3",6,2017-09-02 20:13:48,40.500833,-70.8315,2.53330815979901
"AR22","4",1,2017-09-02 21:06:41,40.42,-70.828167,77.129859358522
"AR22","4",2,2017-09-02 21:08:50,40.42,-70.828167,66.3572556128455
"AR22","4",3,2017-09-02 21:10:45,40.42,-70.828167,50.3500640759157
"AR22","4",4,2017-09-02 21:12:23,40.42,-70.828167,30.437537559696
"AR22","4",5,2017-09-02 21:13:59,40.42,-70.828167,19.2844460514256
"AR22","4",6,2017-09-02 21:15:37,40.42,-70.828167,2.11755774596993
"AR22","5",1,2017-09-02 22:20:18,40.329667,-70.829333,94.1454323363826
"AR22","5",2,2017-09-02 22:22:14,40.329667,-70.829333,70.1937782172592
"AR22","5",3,2017-09-02 22:24:44,40.329667,-70.829333,48.4109834781689
"AR22","5",4,2017-09-02 22:27:13,40.329667,-70.829333,38.449329453282
"AR22","5",5,2017-09-02 22:28:42,40.329667,-70.829333,27.5198223105736
"AR22","5",6,2017-09-02 22:30:33,40.329667,-70.829333,2.58891623472128
"AR22","6",1,2017-09-02 23:31:56,40.249833,-70.830333,113.233561090424
"AR22","6",2,2017-09-02 23:34:14,40.249833,-70.830333,92.1723068548069
"AR22","6",3,2017-09-02 23:36:12,40.249833,-70.830333,69.5276798108796
"AR22","6",4,2017-09-02 23:38:21,40.249833,-70.830333,44.554088518195
"AR22","6",5,2017-09-02 23:39:59,40.249833,-70.830333,31.3180602785754
"AR22","6",6,2017-09-02 23:41:44,40.249833,-70.830333,2.45795100399181
"AR22","7",1,2017-09-03 00:44:55,40.170667,-70.830333,127.153454204119
"AR22","7",2,2017-09-03 00:47:11,40.170667,-70.830333,102.228363600473
"AR22","7",3,2017-09-03 00:49:41,40.170667,-70.830333,67.3448084192774
"AR22","7",4,2017-09-03 00:51:33,40.170667,-70.830333,47.3957833417374
"AR22","7",5,2017-09-03 00:53:24,40.170667,-70.830333,33.3938967963695
"AR22","7",6,2017-09-03 00:55:24,40.170667,-70.830333,2.48178416727082
"AR22","8",1,2017-09-03 02:02:04,40.079333,-70.829333,139.155894559044
"AR22","8",2,2017-09-03 02:02:14,40.079333,-70.829333,139.280843303755
"AR22","8",3,2017-09-03 02:05:21,40.079333,-70.829333,102.376004307074
"AR22","8",4,2017-09-03 02:07:40,40.079333,-70.829333,59.4796128065253
"AR22","8",5,2017-09-03 02:09:31,40.079333,-70.829333,36.2724363309822
"AR22","8",6,2017-09-03 02:10:54,40.079333,-70.829333,25.2304444056807
"AR22","8",7,2017-09-03 02:12:40,40.079333,-70.829333,2.33593384121262
"AR22","9",1,2017-09-03 03:07:19,39.9995,-70.829833,290.910709649448
"AR22","9",2,2017-09-03 03:09:41,39.9995,-70.829833,251.456938779905
"AR22","9",3,2017-09-03 03:12:17,39.9995,-70.829833,201.659911209377
"AR22","9",4,2017-09-03 03:15:00,39.9995,-70.829833,151.790317137474
"AR22","9",5,2017-09-03 03:17:33,39.9995,-70.829833,101.96711595126
"AR22","9",6,2017-09-03 03:19:16,39.9995,-70.829833,76.9354093073444
"AR22","9",7,2017-09-03 03:20:50,39.9995,-70.829833,52.1466807319065
"AR22","9",8,2017-09-03 03:22:19,39.9995,-70.829833,27.2914493790812
"AR22","9",9,2017-09-03 03:24:19,39.9995,-70.829833,2.24465669872222
"AR22","10",1,2017-09-03 04:25:47,39.922,-70.828167,551.314523087118
"AR22","10",2,2017-09-03 04:28:00,39.922,-70.828167,501.300505684724
"AR22","10",3,2017-09-03 04:31:16,39.922,-70.828167,401.437170025294
"AR22","10",4,2017-09-03 04:34:19,39.922,-70.828167,301.608673108065
"AR22","10",5,2017-09-03 04:37:17,39.922,-70.828167,202.01524949917
"AR22","10",6,2017-09-03 04:40:28,39.922,-70.828167,102.202902432836
"AR22","10",7,2017-09-03 04:43:28,39.922,-70.828167,52.4714618178576
"AR22","10",8,2017-09-03 04:46:09,39.922,-70.828167,2.56519623025972
"AR22","11",1,2017-09-03 07:33:09,40.334167,-70.9495,85.5825586569287
"AR22","11",2,2017-09-03 07:34:49,40.334167,-70.9495,68.2792427985982
"AR22","11",3,2017-09-03 07:36:02,40.334167,-70.9495,53.4992441417358
"AR22","11",4,2017-09-03 07:37:28,40.334167,-70.9495,42.4792717072878
"AR22","11",5,2017-09-03 07:38:51,40.334167,-70.9495,23.3427136705105
"AR22","11",6,2017-09-03 07:40:21,40.334167,-70.9495,3.57326987651877
"AR22","12",1,2017-09-03 08:44:31,40.3355,-71.068,83.444015616042
"AR22","12",2,2017-09-03 08:46:34,40.3355,-71.068,58.0933626157089
"AR22","12",3,2017-09-03 08:48:22,40.3355,-71.068,43.3473538582406
"AR22","12",4,2017-09-03 08:49:47,40.3355,-71.068,32.5857874765315
"AR22","12",5,2017-09-03 08:52:06,40.3355,-71.068,23.039099048058
"AR22","12",6,2017-09-03 08:53:43,40.3355,-71.068,3.35298082459357
"AR24A","1",1,2017-10-22 20:03:01,41.129667,-70.829167,32.0863944834565
"AR24A","1",2,2017-10-22 20:03:15,41.129667,-70.829167,32.7243011559881
"AR24A","1",3,2017-10-22 20:05:34,41.129667,-70.829167,20.1691782675606
"AR24A","1",4,2017-10-22 20:05:58,41.129667,-70.829167,20.5461904114451
"AR24A","1",5,2017-10-22 20:07:36,41.129667,-70.829167,12.4422605547187
"AR24A","1",6,2017-10-22 20:07:56,41.129667,-70.829167,12.5950555414298
"AR24A","1",7,2017-10-22 20:09:36,41.129667,-70.829167,1.90210750231038
"AR24A","1",8,2017-10-22 20:09:57,41.129667,-70.829167,2.51331825969743
"AR24A","2",1,2017-10-22 21:17:08,40.9645,-70.8305,47.3556485144637
"AR24A","3",1,2017-10-22 22:42:36,40.7985,-70.831167,53.0813282033477
"AR24A","3",2,2017-10-22 22:44:38,40.7985,-70.831167,33.2897995386332
"AR24A","3",3,2017-10-22 22:47:03,40.7985,-70.831167,19.3026317121257
"AR24A","3",4,2017-10-22 22:47:11,40.7985,-70.831167,19.3224751583356
"AR24A","3",5,2017-10-22 22:48:42,40.7985,-70.831167,2.95593901740419
"AR24A","3",6,2017-10-22 22:48:50,40.7985,-70.831167,2.82396950575976
"AR24A","4",1,2017-10-23 00:36:40,40.649,-70.832167,61.7352786913907
"AR24A","4",2,2017-10-23 00:39:28,40.649,-70.832167,1.98653396027438
"AR24A","5",1,2017-10-23 02:35:46,40.498833,-70.836833,70.8096902909259
"AR24A","5",2,2017-10-23 02:39:04,40.498833,-70.836833,44.1155717213003
"AR24A","5",3,2017-10-23 02:53:39,40.498833,-70.836833,31.7409939496646
"AR24A","5",4,2017-10-23 02:55:28,40.498833,-70.836833,20.4977640064075
"AR24A","5",5,2017-10-23 02:55:37,40.498833,-70.836833,20.2774968897579
"AR24A","5",6,2017-10-23 02:57:14,40.498833,-70.836833,11.2364185349837
"AR24A","5",7,2017-10-23 02:58:40,40.498833,-70.836833,2.86969154283039
"AR24A","5",8,2017-10-23 02:58:50,40.498833,-70.836833,2.78435551487946
"AR24A","6",1,2017-10-24 02:06:18,40.619667,-70.753,46.8809533622511
"AR24A","6",2,2017-10-24 02:10:41,40.619667,-70.753,15.2498163103437
"AR24A","6",3,2017-10-24 02:12:28,40.619667,-70.753,1.89028881577482
"AR24A","8",1,2017-10-24 04:22:33,40.492667,-70.7495,72.1865526301593
"AR24A","8",2,2017-10-24 04:24:28,40.492667,-70.7495,64.2746564817515
"AR24A","8",3,2017-10-24 04:27:00,40.492667,-70.7495,34.2491256499766
"AR24A","8",4,2017-10-24 04:30:22,40.492667,-70.7495,20.4094702183236
"AR24A","8",5,2017-10-24 04:32:00,40.493,-70.75,2.37
"AR24A","10",1,2017-10-24 06:15:25,40.351167,-70.75,91.0337902750938
"AR24A","10",2,2017-10-24 06:18:51,40.351167,-70.75,52.2184245616647
"AR24A","10",3,2017-10-24 06:20:33,40.351167,-70.75,40.310462840503
"AR24A","10",4,2017-10-24 06:23:18,40.351167,-70.75,23.288106901662
"AR24A","10",5,2017-10-24 06:25:04,40.351167,-70.75,2.2951919615377
"AR24A","11",1,2017-10-24 20:14:22,39.940667,-70.7745,442.152989137442
"AR24A","11",2,2017-10-24 20:23:23,39.940667,-70.7745,54.6370918862709
"AR24A","11",3,2017-10-24 20:25:59,39.940667,-70.7745,7.10009456410353
"AR24A","11",4,2017-10-24 20:27:03,39.940667,-70.7745,2.98395516042639
"AR24A","12",1,2017-10-24 21:16:47,40.008333,-70.775667,257.537175390693
"AR24A","13",1,2017-10-24 22:16:07,40.073,-70.775333,135.141705518127
"AR24A","14",1,2017-10-24 23:15:05,40.138667,-70.779167,127.692321945039
"AR24A","14",2,2017-10-24 23:17:29,40.138667,-70.779167,63.3362965223452
"AR24A","14",3,2017-10-24 23:19:16,40.138667,-70.779167,40.5434007111825
"AR24A","14",4,2017-10-24 23:21:20,40.138667,-70.779167,7.07019805004765
"AR24A","15",1,2017-10-25 00:45:12,40.2235,-70.776,19.8017393442296
"AR24A","15",2,2017-10-25 00:46:31,40.2235,-70.776,3.33019206602469
"AR24A","16",1,2017-10-25 01:50:36,40.2925,-70.773167,33.0899285132331
"AR24A","16",2,2017-10-25 01:52:37,40.2925,-70.773167,1.96675245080565
"AR24A","17",1,2017-10-25 02:51:24,40.3645,-70.7725,84.7402055335735
"AR24A","17",2,2017-10-25 02:55:05,40.3645,-70.7725,51.9038804140868
"AR24A","17",3,2017-10-25 02:56:57,40.3645,-70.7725,27.7062632318411
"AR24A","17",4,2017-10-25 02:57:07,40.3645,-70.7725,27.2578015046347
"AR24A","17",5,2017-10-25 02:58:56,40.3645,-70.7725,6.7197807939924
"AR24A","17",6,2017-10-25 02:59:49,40.3645,-70.7725,2.16817548815777
"AR24A","17",7,2017-10-25 02:59:57,40.3645,-70.7725,3.19519796043214
"AR24B","1",1,2017-10-27 23:55:20,41.130333,-70.8295,31.5685259616725
"AR24B","1",2,2017-10-27 23:57:05,41.130333,-70.8295,20.0074584692686
"AR24B","1",3,2017-10-27 23:57:15,41.130333,-70.8295,20.146357862335
"AR24B","1",4,2017-10-27 23:58:36,41.130333,-70.8295,11.9233513269936
"AR24B","1",5,2017-10-27 23:59:42,41.130333,-70.8295,2.18687624472967
"AR24B","1",6,2017-10-27 23:59:50,41.130333,-70.8295,1.88127062518409
"AR24B","2",1,2017-10-28 02:15:59,40.800167,-70.829,52.3224322416441
"AR24B","2",2,2017-10-28 02:16:07,40.800167,-70.829,52.3244162659239
"AR24B","2",3,2017-10-28 02:17:40,40.800167,-70.829,30.1725787411553
"AR24B","2",4,2017-10-28 02:17:48,40.800167,-70.829,30.0951934054176
"AR24B","2",5,2017-10-28 02:19:19,40.800167,-70.829,17.8153572297636
"AR24B","2",6,2017-10-28 02:19:27,40.800167,-70.829,17.5206797297411
"AR24B","2",7,2017-10-28 02:20:47,40.800167,-70.829,2.59078969105686
"AR24B","2",8,2017-10-28 02:20:59,40.800167,-70.829,2.77733322030126
"AR24B","3",1,2017-10-28 15:32:49,39.939833,-70.884,439.539841865352
"AR24B","3",2,2017-10-28 15:32:58,39.939833,-70.884,439.338826589348
"AR24B","3",3,2017-10-28 15:38:09,39.939833,-70.884,236.099218780164
"AR24B","3",4,2017-10-28 15:38:16,39.939833,-70.884,236.400543787625
"AR24B","3",5,2017-10-28 15:44:16,39.939833,-70.884,56.1678676969979
"AR24B","3",6,2017-10-28 15:44:28,39.939833,-70.884,55.9972313696904
"AR24B","3",7,2017-10-28 15:47:19,39.939833,-70.884,22.1627932844343
"AR24B","3",8,2017-10-28 15:47:28,39.939833,-70.884,22.2788848732098
"AR24B","3",9,2017-10-28 15:47:37,39.939833,-70.884,22.2332420341979
"AR24B","3",10,2017-10-28 15:49:26,39.939833,-70.884,7.53770296355436
"AR24B","3",11,2017-10-28 15:49:34,39.939833,-70.884,7.33527223238861
"AR24B","3",12,2017-10-28 15:50:28,39.939833,-70.884,2.05910256912876
"AR24B","3",13,2017-10-28 15:50:36,39.939833,-70.884,2.46298194255393
"AR24B","4",1,2017-10-28 19:45:03,39.994333,-70.779833,294.293861235548
"AR24B","4",2,2017-10-28 19:48:21,39.994333,-70.779833,202.153703914306
"AR24B","4",3,2017-10-28 19:51:18,39.994333,-70.779833,102.188345044994
"AR24B","4",4,2017-10-28 19:54:27,39.994333,-70.779833,50.7587724383895
"AR24B","4",5,2017-10-28 19:54:37,39.994333,-70.779833,50.6159110609414
"AR24B","4",6,2017-10-28 19:54:45,39.994333,-70.779833,50.6327766454131
"AR24B","4",7,2017-10-28 19:56:58,39.994333,-70.779833,27.493872178152
"AR24B","4",8,2017-10-28 19:57:06,39.994333,-70.779833,27.332142647058
"AR24B","4",9,2017-10-28 19:59:08,39.994333,-70.779833,2.48678558735515
"AR24B","4",10,2017-10-28 19:59:16,39.994333,-70.779833,2.36076006979644
"AR24B","5",1,2017-10-28 22:33:21,40.024833,-70.6205,184.801670524638
"AR24B","5",2,2017-10-28 22:37:23,40.024833,-70.6205,102.594716118721
"AR24B","5",3,2017-10-28 22:40:35,40.024833,-70.6205,55.681322175694
"AR24B","5",4,2017-10-28 22:42:38,40.024833,-70.6205,27.6565171310521
"AR24B","5",5,2017-10-28 22:44:33,40.024833,-70.6205,2.83706871523307
"AR24B","6",1,2017-10-29 00:09:27,40.078,-70.720167,129.650657591173
"AR24B","6",2,2017-10-29 00:11:41,40.078,-70.720167,92.5913304206944
"AR24B","6",3,2017-10-29 00:15:05,40.078,-70.720167,50.7653310434643
"AR24B","6",4,2017-10-29 00:17:27,40.078,-70.720167,25.7751693412187
"AR24B","6",5,2017-10-29 00:19:15,40.078,-70.720167,2.94918683511609
"AR24B","7",1,2017-10-29 14:48:07,40.135667,-70.7745,127.923424468253
"AR24B","7",2,2017-10-29 14:48:26,40.135667,-70.7745,128.080113994534
"AR24B","7",3,2017-10-29 14:51:44,40.135667,-70.7745,73.2195592828267
"AR24B","7",4,2017-10-29 14:51:54,40.135667,-70.7745,73.0033094917417
"AR24B","7",5,2017-10-29 14:54:15,40.135667,-70.7745,38.0898612835671
"AR24B","7",6,2017-10-29 14:54:24,40.135667,-70.7745,38.4430632470364
"AR24B","7",7,2017-10-29 14:54:32,40.135667,-70.7745,38.0789477300448
"AR24B","7",8,2017-10-29 14:57:17,40.135667,-70.7745,6.84991112090211
"AR24B","7",9,2017-10-29 14:57:30,40.135667,-70.7745,7.32521876632619
"AR24B","7",10,2017-10-29 14:58:27,40.135667,-70.7745,3.56440364458622
"AR24B","7",11,2017-10-29 14:58:35,40.135667,-70.7745,3.59218828424612
"AR24B","8",1,2017-11-01 02:30:21,39.849667,-70.7355,801.295807230977
"AR24B","8",2,2017-11-01 02:37:05,39.849667,-70.7355,500.698947272778
"AR24B","8",3,2017-11-01 02:43:05,39.849667,-70.7355,241.417931005814
"AR24B","8",4,2017-11-01 02:48:05,39.849667,-70.7355,81.9310085863108
"AR24B","8",5,2017-11-01 02:48:21,39.849667,-70.7355,81.8962901724526
"AR24B","8",6,2017-11-01 02:51:20,39.849667,-70.7355,36.7157030847001
"AR24B","8",7,2017-11-01 02:51:29,39.849667,-70.7355,36.9319968265217
"AR24B","8",8,2017-11-01 02:53:55,39.849667,-70.7355,2.32605917681809
"AR24B","8",9,2017-11-01 02:54:03,39.849667,-70.7355,2.26850342420633
"AR24B","9",1,2017-11-01 12:46:10,40.363833,-70.8835,89.0836711069603
"AR24B","9",2,2017-11-01 12:46:20,40.363833,-70.8835,88.9011662878516
"AR24B","9",3,2017-11-01 12:49:20,40.363833,-70.8835,42.2936342978123
"AR24B","9",4,2017-11-01 12:49:34,40.363833,-70.8835,42.4980068415982
"AR24B","9",5,2017-11-01 12:49:47,40.363833,-70.8835,41.4186000313586
"AR24B","9",6,2017-11-01 12:58:28,40.363833,-70.8835,12.0888983965582
"AR24B","9",7,2017-11-01 12:58:36,40.363833,-70.8835,12.0273790937261
"AR24B","9",8,2017-11-01 12:58:44,40.363833,-70.8835,12.0472240321449
"AR24B","9",9,2017-11-01 13:00:07,40.363833,-70.8835,7.6296932574611
"AR24B","9",10,2017-11-01 13:00:15,40.363833,-70.8835,7.31315942470548
"AR24B","9",11,2017-11-01 13:01:35,40.363833,-70.8835,2.36365760111692
"AR24B","9",12,2017-11-01 13:01:42,40.363833,-70.8835,2.28129719524006
"AR24B","9b",1,2017-11-01 12:57:36,40.363833,-70.8835,11.9331156099473
"AR24B","9b",2,2017-11-01 12:57:43,40.363833,-70.8835,12.3369599138307
"AR24B","9b",3,2017-11-01 12:57:50,40.363833,-70.8835,12.4421379063484
"AR24B","9b",4,2017-11-01 12:57:57,40.363833,-70.8835,12.2149136849223
"AR24B","9b",5,2017-11-01 12:58:07,40.363833,-70.8835,12.2168981770316
"AR24B","9b",6,2017-11-01 12:58:28,40.363833,-70.8835,12.0888983965582
"AR24B","9b",7,2017-11-01 12:58:36,40.363833,-70.8835,12.0273790937261
"AR24B","9b",8,2017-11-01 12:58:44,40.363833,-70.8835,12.0472240321449
"AR24B","9b",9,2017-11-01 13:00:07,40.363833,-70.8835,7.6296932574611
"AR24B","9b",10,2017-11-01 13:00:15,40.363833,-70.8835,7.31315942470548
"AR24B","9b",11,2017-11-01 13:01:35,40.363833,-70.8835,2.36365760111692
"AR24B","9b",12,2017-11-01 13:01:42,40.363833,-70.8835,2.28129719524006
"AR24B","10",1,2017-11-02 23:16:22,39.923167,-70.908167,481.328682277221
"AR24B","10",2,2017-11-02 23:16:39,39.923167,-70.908167,481.311851875421
"AR24B","10",3,2017-11-02 23:22:08,39.923167,-70.908167,251.279288106432
"AR24B","10",4,2017-11-02 23:22:14,39.923167,-70.908167,251.457691375423
"AR24B","10",5,2017-11-02 23:29:50,39.923167,-70.908167,22.0507039561425
"AR24B","10",6,2017-11-02 23:29:58,39.923167,-70.908167,21.8145511452421
"AR24B","10",7,2017-11-02 23:30:05,39.923167,-70.908167,21.8155433845136
"AR24B","10",8,2017-11-02 23:31:50,39.923167,-70.908167,6.93538221745752
"AR24B","10",9,2017-11-02 23:31:57,39.923167,-70.908167,6.90164362575856
"AR24B","10",10,2017-11-02 23:33:19,39.923167,-70.908167,2.14246181713046
"AR24B","10",11,2017-11-02 23:33:27,39.923167,-70.908167,1.97574952121619
"AR24B","11",1,2017-11-03 11:29:55,40.365833,-70.773667,86.5335325141581
"AR24B","11",2,2017-11-03 11:30:04,40.365833,-70.773667,86.5682485121284
"AR24B","11",3,2017-11-03 11:33:45,40.365833,-70.773667,42.5337146639335
"AR24B","11",4,2017-11-03 11:33:55,40.365833,-70.773667,42.28965819444
"AR24B","11",5,2017-11-03 11:34:06,40.365833,-70.773667,42.6289561340695
"AR24B","11",6,2017-11-03 11:36:12,40.365833,-70.773667,22.3732725663227
"AR24B","11",7,2017-11-03 11:36:25,40.365833,-70.773667,22.366327189909
"AR24B","11",8,2017-11-03 11:38:10,40.365833,-70.773667,7.31514263201597
"AR24B","11",9,2017-11-03 11:38:17,40.365833,-70.773667,7.30125085650615
"AR24B","11",10,2017-11-03 11:39:23,40.365833,-70.773667,2.14237556334819
"AR24B","11",11,2017-11-03 11:39:30,40.365833,-70.773667,2.12352196242419
"AR24B","12",1,2017-11-03 12:41:09,40.293167,-70.774667,107.929096885225
"AR24B","12",2,2017-11-03 12:41:17,40.293167,-70.774667,107.90132679841
"AR24B","12",3,2017-11-03 12:45:32,40.293167,-70.774667,38.4623548461575
"AR24B","12",4,2017-11-03 12:45:40,40.293167,-70.774667,38.5208902232249
"AR24B","12",5,2017-11-03 12:48:21,40.293167,-70.774667,9.44956602454962
"AR24B","12",6,2017-11-03 12:48:27,40.293167,-70.774667,9.73831518522956
"AR24B","12",7,2017-11-03 12:49:41,40.293167,-70.774667,2.83402257798099
"AR24B","13",1,2017-11-03 14:20:48,40.219167,-70.775167,120.207883415599
"AR24B","13",2,2017-11-03 14:20:57,40.219167,-70.775167,120.328875174813
"AR24B","13",3,2017-11-03 14:24:09,40.219167,-70.775167,67.1629766692233
"AR24B","13",4,2017-11-03 14:24:16,40.219167,-70.775167,67.1917444581733
"AR24B","13",5,2017-11-03 14:27:45,40.219167,-70.775167,12.8292820191248
"AR24B","13",6,2017-11-03 14:27:52,40.219167,-70.775167,12.6119778074844
"AR24B","13",7,2017-11-03 14:28:00,40.219167,-70.775167,12.6159468362505
"AR24B","13",8,2017-11-03 14:29:36,40.219167,-70.775167,2.36269642102598
"AR24B","13",9,2017-11-03 14:29:45,40.219167,-70.775167,2.6822189994253
"AR24B","13",10,2017-11-03 14:29:53,40.219167,-70.775167,2.62466527992473
"AR24B","14",1,2017-11-03 16:11:24,40.1365,-70.774,130.035738031391
"AR24B","14",2,2017-11-03 16:11:32,40.1365,-70.774,130.029787855602
"AR24B","14",3,2017-11-03 16:15:31,40.1365,-70.774,72.1125111975938
"AR24B","14",4,2017-11-03 16:15:38,40.1365,-70.774,71.6690973198138
"AR24B","14",5,2017-11-03 16:19:04,40.1365,-70.774,9.86248879166142
"AR24B","14",6,2017-11-03 16:19:12,40.1365,-70.774,10.1383418895774
"AR24B","14",7,2017-11-03 16:20:22,40.1365,-70.774,2.1285278606229
"AR24B","14",8,2017-11-03 16:20:31,40.1365,-70.774,1.94594172389588
"AR24B","15",1,2017-11-03 17:40:44,40.071833,-70.775,135.116927926541
"AR24B","15",2,2017-11-03 17:40:53,40.071833,-70.775,135.079244188995
"AR24B","15",3,2017-11-03 17:44:34,40.071833,-70.775,77.2890324884069
"AR24B","15",4,2017-11-03 17:44:44,40.071833,-70.775,77.1015525207029
"AR24B","15",5,2017-11-03 17:48:49,40.071833,-70.775,20.1790616886059
"AR24B","15",6,2017-11-03 17:48:57,40.071833,-70.775,20.0699159415651
"AR24B","15",7,2017-11-03 17:49:05,40.071833,-70.775,20.1909684938518
"AR24B","15",8,2017-11-03 17:50:44,40.071833,-70.775,2.45005224192392
"AR24B","15",9,2017-11-03 17:50:52,40.071833,-70.775,2.55821507071751
"AR24B","15",10,2017-11-03 17:51:01,40.071833,-70.775,2.35776648039378
"AR24B","16",1,2017-11-03 19:03:10,40.008167,-70.773667,258.558001364742
"AR24B","16",2,2017-11-03 19:03:18,40.008167,-70.773667,258.047590953774
"AR24B","16",3,2017-11-03 19:08:04,40.008167,-70.773667,92.06423266106
"AR24B","16",4,2017-11-03 19:08:11,40.008167,-70.773667,91.8648624222355
"AR24B","16",5,2017-11-03 19:11:49,40.008167,-70.773667,22.7411249156691
"AR24B","16",6,2017-11-03 19:11:56,40.008167,-70.773667,23.0755051811274
"AR24B","16",7,2017-11-03 19:13:33,40.008167,-70.773667,2.26053215475509
"AR24B","16",8,2017-11-03 19:13:41,40.008167,-70.773667,2.547314299033
"AR24B","17",1,2017-11-03 20:10:26,39.940833,-70.774333,441.896517941788
"AR24B","17",2,2017-11-03 20:10:41,39.940833,-70.774333,441.643023731254
"AR24B","17",3,2017-11-03 20:17:08,39.940833,-70.774333,251.461252403252
"AR24B","17",4,2017-11-03 20:17:16,39.940833,-70.774333,251.748679099765
"AR24B","17",5,2017-11-03 20:21:47,39.940833,-70.774333,87.2570131523542
"AR24B","17",6,2017-11-03 20:25:22,39.940833,-70.774333,22.0397539711683
"AR24B","17",7,2017-11-03 20:25:38,39.940833,-70.774333,22.9347494175571
"AR24B","17",8,2017-11-03 20:25:47,39.940833,-70.774333,22.2312555433238
"AR24B","17",9,2017-11-03 20:27:42,39.940833,-70.774333,2.11368071744031
"AR24B","17",10,2017-11-03 20:27:53,39.940833,-70.774333,2.34092490262254
"AR24C","1",1,2017-11-06 02:02:09,40.801833,-70.8305,27.6396777751183
"AR24C","1",2,2017-11-06 02:04:09,40.801833,-70.8305,2.28715961794655
"AR24C","2",1,2017-11-06 15:27:36,40.136833,-70.774667,126.822614137032
"AR24C","2",2,2017-11-06 15:27:47,40.136833,-70.774667,127.46028361449
"AR24C","2",3,2017-11-06 15:32:47,40.136833,-70.774667,48.2848452764414
"AR24C","2",4,2017-11-06 15:32:55,40.136833,-70.774667,48.1727388851759
"AR24C","2",5,2017-11-06 15:35:02,40.136833,-70.774667,29.9055216958408
"AR24C","2",6,2017-11-06 15:35:09,40.136833,-70.774667,29.7031167180682
"AR24C","2",7,2017-11-06 15:37:04,40.136833,-70.774667,7.52962968452879
"AR24C","2",8,2017-11-06 15:37:13,40.136833,-70.774667,7.88288436521545
"AR24C","2",9,2017-11-06 15:38:02,40.136833,-70.774667,2.4976688244087
"AR24C","3",1,2017-11-06 20:40:05,40.096167,-70.8835,141.859908270341
"AR24C","3",2,2017-11-06 20:40:18,40.096167,-70.8835,141.724053214698
"AR24C","3",3,2017-11-06 20:44:19,40.096167,-70.8835,79.8798311879703
"AR24C","3",4,2017-11-06 20:44:31,40.096167,-70.8835,79.4622230514221
"AR24C","3",5,2017-11-06 20:48:07,40.096167,-70.8835,34.549994958479
"AR24C","3",6,2017-11-06 20:48:17,40.096167,-70.8835,34.6363130278762
"AR24C","3",7,2017-11-06 20:50:22,40.096167,-70.8835,6.34287171166828
"AR24C","3",8,2017-11-06 20:50:30,40.096167,-70.8835,6.47881659005952
"AR24C","4",1,2017-11-07 16:33:25,40.227333,-70.8835,121.12812237739
"AR24C","4",2,2017-11-07 16:33:36,40.227333,-70.8835,120.751264313701
"AR24C","4",3,2017-11-07 16:37:05,40.227333,-70.8835,61.8100676793558
"AR24C","4",4,2017-11-07 16:37:14,40.227333,-70.8835,62.5798721884805
"AR24C","4",5,2017-11-07 16:39:38,40.227333,-70.8835,32.1703930117403
"AR24C","4",6,2017-11-07 16:39:47,40.227333,-70.8835,31.5145731280524
"AR24C","4",7,2017-11-07 16:42:02,40.227333,-70.8835,7.58612771057055
"AR24C","4",8,2017-11-07 16:42:12,40.227333,-70.8835,7.05029535407151
"AR24C","4",9,2017-11-07 16:42:58,40.227333,-70.8835,2.51253284400804
"AR24C","5",1,2017-11-08 13:58:41,40.366833,-70.776,17.4717609946955
"AR24C","5",2,2017-11-08 14:00:07,40.366833,-70.776,2.45097877138603
"AR24C","6",1,2017-11-08 14:43:24,40.3665,-70.813667,18.3052248980173
"AR24C","6",2,2017-11-08 14:45:03,40.3665,-70.813667,2.55417731063654
"AR24C","8",1,2017-11-08 16:00:44,40.363667,-70.882833,87.2635763312737
"AR24C","9",1,2017-11-09 14:41:10,40.365167,-70.775,90.6736272632914
"AR24C","9",2,2017-11-09 14:41:18,40.365167,-70.775,91.1358361849699
"AR24C","9",3,2017-11-09 14:44:24,40.365167,-70.775,47.5169695541814
"AR24C","9",4,2017-11-09 14:44:32,40.365167,-70.775,47.9534819952739
"AR24C","9",5,2017-11-09 14:47:27,40.365167,-70.775,10.9964305592218
"AR24C","9",6,2017-11-09 14:47:35,40.365167,-70.775,11.0559656615002
"AR24C","9",7,2017-11-09 14:48:55,40.365167,-70.775,3.25969658617202
"AR24C","9",8,2017-11-09 14:49:13,40.365167,-70.775,2.85583441008085
"AR24C","10",1,2017-11-10 01:55:26,39.941167,-70.883,433.746906052895
"AR24C","10",2,2017-11-10 01:55:35,39.941167,-70.883,433.92911201598
"AR24C","10",3,2017-11-10 02:00:41,39.941167,-70.883,269.475183537268
"AR24C","10",4,2017-11-10 02:00:49,39.941167,-70.883,269.585188988098
"AR24C","10",5,2017-11-10 02:08:05,39.941167,-70.883,28.0724626568098
"AR24C","10",6,2017-11-10 02:08:14,39.941167,-70.883,27.7390807297516
"AR24C","10",7,2017-11-10 02:10:21,39.941167,-70.883,2.64755522222187
"AR24C","10",8,2017-11-10 02:10:29,39.941167,-70.883,2.50565189470619
"AR24C","10",9,2017-11-10 02:10:42,39.941167,-70.883,2.71503369307645
"AR24C","11",1,2017-11-11 17:18:05,39.939833,-70.776167,446.463361787345
"AR24C","11",2,2017-11-11 17:18:14,39.939833,-70.776167,446.925779684464
"AR24C","11",3,2017-11-11 17:23:23,39.939833,-70.776167,262.400056458321
"AR24C","11",4,2017-11-11 17:23:31,39.939833,-70.776167,262.131475070244
"AR24C","11",5,2017-11-11 17:31:29,39.939833,-70.776167,23.0538193469606
"AR24C","11",6,2017-11-11 17:31:46,39.939833,-70.776167,23.5806937344473
"AR24C","11",7,2017-11-11 17:33:38,39.939833,-70.776167,6.98994875806362
"AR24C","11",8,2017-11-11 17:33:50,39.939833,-70.776167,6.96613332455319
"AR24C","11",9,2017-11-11 17:34:28,39.939833,-70.776167,3.01174059955206
"AR24C","12",1,2017-11-12 04:21:02,40.3635,-70.884167,86.9382399673909
"AR24C","12",2,2017-11-12 04:21:10,40.3635,-70.884167,86.8697999605252
"AR24C","12",3,2017-11-12 04:24:08,40.3635,-70.884167,42.3154617847718
"AR24C","12",4,2017-11-12 04:24:16,40.3635,-70.884167,42.3362958867919
"AR24C","12",5,2017-11-12 04:26:03,40.3635,-70.884167,22.3851836813234
"AR24C","12",6,2017-11-12 04:26:11,40.3635,-70.884167,22.6689517598478
"AR24C","12",7,2017-11-12 04:27:37,40.3635,-70.884167,7.5255052875928
"AR24C","12",8,2017-11-12 04:27:49,40.3635,-70.884167,7.64358524499114
"AR24C","12",9,2017-11-12 04:28:29,40.3635,-70.884167,2.42617217749436
"EN608","1",1,2018-01-31 19:34:26,41.19634,-70.87844,17.329
"EN608","1",2,2018-01-31 19:34:45,41.19634,-70.87844,17.48
"EN608","1",3,2018-01-31 19:34:54,41.19634,-70.87844,17.894
"EN608","1",4,2018-01-31 19:37:01,41.19636,-70.87832,12.474
"EN608","1",5,2018-01-31 19:37:05,41.19636,-70.87831,11.591
"EN608","1",6,2018-01-31 19:37:20,41.19636,-70.8783,11.852
"EN608","1",7,2018-01-31 19:38:07,41.19636,-70.87824,12.366
"EN608","1",8,2018-01-31 19:40:35,41.19636,-70.87806,7.375
"EN608","1",9,2018-01-31 19:40:43,41.19636,-70.87806,7.022
"EN608","1",10,2018-01-31 19:40:51,41.19636,-70.87804,7.394
"EN608","1",11,2018-01-31 19:44:50,41.1964,-70.87774,2.993
"EN608","1",12,2018-01-31 19:44:56,41.1964,-70.87772,2.848
"EN608","1",13,2018-01-31 19:45:03,41.19642,-70.87772,2.551
"EN608","1",14,2018-01-31 19:45:09,41.19642,-70.87772,2.983
"EN608","1",15,2018-01-31 19:45:17,41.19642,-70.87772,2.701
"EN608","1",16,2018-01-31 19:45:23,41.19644,-70.8777,2.637
"EN608","1",17,2018-01-31 19:45:30,41.19644,-70.8777,2.922
"EN608","1",18,2018-01-31 19:45:36,41.19644,-70.8777,2.772
"EN608","1",19,2018-01-31 19:45:42,41.19644,-70.87768,2.726
"EN608","1",20,2018-01-31 19:45:50,41.19644,-70.87768,2.743
"EN608","1",21,2018-01-31 19:46:00,41.19646,-70.87768,2.63
"EN608","1",22,2018-01-31 19:46:07,41.19646,-70.87768,2.613
"EN608","1",23,2018-01-31 19:46:14,41.19646,-70.87767,2.698
"EN608","1",24,2018-01-31 19:46:21,41.19646,-70.87766,2.767
"EN608","2",1,2018-02-01 00:35:19,41.0286,-70.65053,9.7128569806608
"EN608","2",2,2018-02-01 00:35:34,41.0286,-70.65042,9.6195903459888
"EN608","2",3,2018-02-01 00:37:55,41.02868,-70.64938,4.0661801068145
"EN608","2",4,2018-02-01 00:38:04,41.0287,-70.6493,3.91833846170943
"EN608","3",1,2018-02-01 03:38:00,41.02574,-71.09488,9.85871261372119
"EN608","3",2,2018-02-01 03:38:10,41.0257,-71.09478,9.5957801245949
"EN608","3",3,2018-02-01 03:39:58,41.02532,-71.09385,6.74914206229829
"EN608","3",4,2018-02-01 03:40:05,41.0253,-71.09378,6.30661473593626
"EN608","4",1,2018-02-01 05:44:26,41.02064,-70.87162,43.662
"EN608","4",2,2018-02-01 05:44:40,41.02056,-70.87158,43.821
"EN608","4",3,2018-02-01 05:47:02,41.0201,-70.87136,29.71
"EN608","4",4,2018-02-01 05:47:15,41.02006,-70.87133,29.595
"EN608","4",5,2018-02-01 05:47:25,41.02002,-70.8713,29.524
"EN608","4",6,2018-02-01 05:47:34,41.01998,-70.87126,29.461
"EN608","4",7,2018-02-01 05:49:28,41.01946,-70.87094,15.368
"EN608","4",8,2018-02-01 05:49:37,41.01943,-70.87094,15.567
"EN608","4",9,2018-02-01 05:49:44,41.01938,-70.87092,15.078
"EN608","4",10,2018-02-01 05:49:51,41.01935,-70.87092,15.215
"EN608","4",11,2018-02-01 05:52:14,41.0187,-70.87068,3.979
"EN608","4",12,2018-02-01 05:52:23,41.01866,-70.87066,3.546
"EN608","4",13,2018-02-01 05:52:30,41.01861,-70.87064,3.462
"EN608","4",14,2018-02-01 05:52:40,41.01856,-70.87062,3.737
"EN608","5",1,2018-02-01 09:24:00,40.85798,-70.88402,44.244
"EN608","5",2,2018-02-01 09:24:09,40.85795,-70.88402,44.874
"EN608","5",3,2018-02-01 09:24:16,40.85793,-70.88402,44.915
"EN608","5",4,2018-02-01 09:24:23,40.8579,-70.88402,44.757
"EN608","5",5,2018-02-01 09:26:50,40.85748,-70.8841,30.037
"EN608","5",6,2018-02-01 09:26:57,40.85744,-70.88412,30.14
"EN608","5",7,2018-02-01 09:27:04,40.85742,-70.88414,30.221
"EN608","5",8,2018-02-01 09:27:15,40.85736,-70.88414,29.857
"EN608","5",9,2018-02-01 09:29:30,40.8568,-70.88424,15.079
"EN608","5",10,2018-02-01 09:29:33,40.85678,-70.88425,14.979
"EN608","5",11,2018-02-01 09:29:39,40.85676,-70.88426,15.136
"EN608","5",12,2018-02-01 09:29:52,40.85672,-70.8843,15.06
"EN608","5",13,2018-02-01 09:32:45,40.85608,-70.88436,3.237
"EN608","5",14,2018-02-01 09:32:54,40.85604,-70.88436,3.288
"EN608","5",15,2018-02-01 09:33:01,40.85601,-70.88438,2.993
"EN608","5",16,2018-02-01 09:33:08,40.85598,-70.8844,3.175
"EN608","5",17,2018-02-01 09:33:15,40.85596,-70.88442,3.178
"EN608","5",18,2018-02-01 09:33:23,40.85593,-70.88442,2.955
"EN608","5",19,2018-02-01 09:33:30,40.85591,-70.88444,3.474
"EN608","5",20,2018-02-01 09:33:37,40.85589,-70.88446,2.911
"EN608","6",1,2018-02-01 13:54:08,40.69095,-70.65586,10.553
"EN608","6",2,2018-02-01 13:54:16,40.69088,-70.65584,10.492
"EN608","6",3,2018-02-01 13:56:43,40.68994,-70.65543,4.913
"EN608","6",4,2018-02-01 13:56:50,40.68989,-70.65543,5.235
"EN608","7",1,2018-02-01 17:37:38,40.69006,-71.09536,10.069
"EN608","7",2,2018-02-01 17:37:46,40.69002,-71.0953,10.192
"EN608","7",3,2018-02-01 17:39:49,40.6894,-71.09458,4.73
"EN608","7",4,2018-02-01 17:39:58,40.68934,-71.09452,4.397
"EN608","8",1,2018-02-01 19:20:33,40.69588,-70.88512,61.897
"EN608","8",2,2018-02-01 19:20:46,40.6958,-70.88511,61.731
"EN608","8",3,2018-02-01 19:22:58,40.69526,-70.88492,44.874
"EN608","8",4,2018-02-01 19:23:05,40.69524,-70.88488,44.417
"EN608","8",5,2018-02-01 19:23:12,40.69522,-70.88488,44
"EN608","8",6,2018-02-01 19:23:21,40.69518,-70.88484,44.761
"EN608","8",7,2018-02-01 19:25:30,40.69459,-70.8846,29.177
"EN608","8",8,2018-02-01 19:25:45,40.69452,-70.88458,29.332
"EN608","8",9,2018-02-01 19:25:56,40.69446,-70.88457,29.65
"EN608","8",10,2018-02-01 19:26:05,40.69441,-70.88456,29.632
"EN608","8",11,2018-02-01 19:28:14,40.69378,-70.88452,14.965
"EN608","8",12,2018-02-01 19:28:22,40.69375,-70.8845,14.602
"EN608","8",13,2018-02-01 19:28:30,40.69372,-70.88448,14.271
"EN608","8",14,2018-02-01 19:28:37,40.69368,-70.88446,14.34
"EN608","8",15,2018-02-01 19:30:48,40.69306,-70.88426,5.48
"EN608","8",16,2018-02-01 19:30:57,40.69302,-70.88424,5.443
"EN608","8",17,2018-02-01 19:31:03,40.69298,-70.88423,5.283
"EN608","8",18,2018-02-01 19:31:11,40.69294,-70.88424,5.303
"EN608","8",19,2018-02-01 19:31:18,40.6929,-70.88422,5.175
"EN608","8",20,2018-02-01 19:31:25,40.69287,-70.88422,5.372
"EN608","8",21,2018-02-01 19:31:32,40.69282,-70.88421,5.055
"EN608","8",22,2018-02-01 19:31:43,40.69276,-70.8842,5.288
"EN608","8",23,2018-02-01 19:31:53,40.6927,-70.8842,5.592
"EN608","8",24,2018-02-01 19:31:59,40.69266,-70.88421,4.947
"EN608","9",1,2018-02-01 23:38:22,40.52355,-70.89454,71.1735752265204
"EN608","9",2,2018-02-01 23:38:30,40.52352,-70.89457,71.3382383681576
"EN608","9",3,2018-02-01 23:41:18,40.52313,-70.89522,45.9131096421002
"EN608","9",4,2018-02-01 23:41:26,40.52312,-70.89524,45.5420758109578
"EN608","9",5,2018-02-01 23:41:33,40.52309,-70.89526,44.5519876003811
"EN608","9",6,2018-02-01 23:41:40,40.52307,-70.89528,44.3982160172771
"EN608","9",7,2018-02-01 23:43:59,40.52268,-70.89572,29.8846281884103
"EN608","9",8,2018-02-01 23:44:05,40.52268,-70.89574,29.2228657272728
"EN608","9",9,2018-02-01 23:44:13,40.52266,-70.89578,29.4302248632838
"EN608","9",10,2018-02-01 23:44:22,40.52264,-70.8958,29.3369629629676
"EN608","9",11,2018-02-01 23:46:38,40.52236,-70.89628,14.1426344281059
"EN608","9",12,2018-02-01 23:46:46,40.52234,-70.8963,14.8223056548424
"EN608","9",13,2018-02-01 23:46:52,40.52232,-70.89633,14.5008264457625
"EN608","9",14,2018-02-01 23:46:59,40.5223,-70.89632,14.4809820583167
"EN608","9",15,2018-02-01 23:48:59,40.52209,-70.89656,5.10031218227308
"EN608","9",16,2018-02-01 23:49:07,40.52208,-70.8966,4.99810873620535
"EN608","9",17,2018-02-01 23:49:13,40.52205,-70.89662,4.87804443638034
"EN608","9",18,2018-02-01 23:49:19,40.52204,-70.89662,4.78576355685179
"EN608","10",1,2018-02-02 04:07:39,40.35988,-70.66178,24.13
"EN608","10",2,2018-02-02 04:07:46,40.35986,-70.66176,24.153
"EN608","10",3,2018-02-02 04:10:35,40.35944,-70.66133,5.878
"EN608","10",4,2018-02-02 04:10:43,40.35942,-70.66132,5.495
"EN608","11",1,2018-02-02 07:04:25,40.36082,-71.10338,74.156
"EN608","11",2,2018-02-02 07:04:33,40.3608,-71.10338,73.68
"EN608","11",3,2018-02-02 07:04:40,40.36078,-71.10338,74.701
"EN608","11",4,2018-02-02 07:09:01,40.36017,-71.1034,3.643
"EN608","11",5,2018-02-02 07:09:14,40.36014,-71.1034,4.055
"EN608","12",1,2018-02-02 09:18:54,40.35838,-70.88038,88.077
"EN608","12",2,2018-02-02 09:19:39,40.35821,-70.88032,89.603
"EN608","12",3,2018-02-02 09:20:12,40.35808,-70.88028,88.555
"EN608","12",4,2018-02-02 09:22:28,40.3577,-70.8803,75.04
"EN608","12",5,2018-02-02 09:22:37,40.35764,-70.88031,75.355
"EN608","12",6,2018-02-02 09:22:45,40.35764,-70.8803,75.23
"EN608","12",7,2018-02-02 09:25:15,40.35722,-70.88016,55.571
"EN608","12",8,2018-02-02 09:25:23,40.35719,-70.88016,54.591
"EN608","12",9,2018-02-02 09:25:32,40.35716,-70.88014,54.971
"EN608","12",10,2018-02-02 09:25:40,40.35715,-70.88013,54.698
"EN608","12",11,2018-02-02 09:27:54,40.35679,-70.88002,35.583
"EN608","12",12,2018-02-02 09:28:04,40.35675,-70.88002,35.265
"EN608","12",13,2018-02-02 09:28:12,40.35674,-70.88004,35.126
"EN608","12",14,2018-02-02 09:30:24,40.3565,-70.88006,14.597
"EN608","12",15,2018-02-02 09:30:32,40.35648,-70.88006,14.732
"EN608","12",16,2018-02-02 09:30:39,40.35646,-70.88006,14.576
"EN608","12",17,2018-02-02 09:30:46,40.35644,-70.88006,14.952
"EN608","12",18,2018-02-02 09:32:47,40.35614,-70.88002,4.76
"EN608","12",19,2018-02-02 09:32:54,40.35612,-70.87999,4.806
"EN608","12",20,2018-02-02 09:32:59,40.35612,-70.87998,4.71
"EN608","12",21,2018-02-02 09:33:07,40.3561,-70.87996,4.758
"EN608","12",22,2018-02-02 09:33:15,40.35608,-70.87994,4.717
"EN608","13b",1,2018-02-02 15:24:27,40.21386,-70.89621,120.295
"EN608","13b",2,2018-02-02 15:24:34,40.21383,-70.89626,119.81
"EN608","13b",3,2018-02-02 15:24:42,40.2138,-70.8963,118.593
"EN608","13b",4,2018-02-02 15:24:49,40.21376,-70.89636,117.206
"EN608","13b",5,2018-02-02 15:26:58,40.21336,-70.89682,103.931
"EN608","13b",6,2018-02-02 15:27:05,40.21332,-70.89682,101.182
"EN608","13b",7,2018-02-02 15:27:11,40.2133,-70.89686,99.48
"EN608","13b",8,2018-02-02 15:27:19,40.2133,-70.89688,99.321
"EN608","13b",9,2018-02-02 15:29:27,40.21308,-70.89774,78.719
"EN608","13b",10,2018-02-02 15:29:34,40.21308,-70.89778,78.076
"EN608","13b",11,2018-02-02 15:29:41,40.21307,-70.89782,77.174
"EN608","13b",12,2018-02-02 15:29:48,40.21306,-70.89788,76.665
"EN608","13b",13,2018-02-02 15:31:47,40.21317,-70.89875,67.054
"EN608","13b",14,2018-02-02 15:31:54,40.21318,-70.89878,66.668
"EN608","13b",15,2018-02-02 15:32:01,40.21318,-70.8988,67.374
"EN608","13b",16,2018-02-02 15:32:08,40.21318,-70.89883,65.906
"EN608","13b",17,2018-02-02 15:34:31,40.21264,-70.89941,39.928
"EN608","13b",18,2018-02-02 15:34:39,40.21262,-70.89945,40.491
"EN608","13b",19,2018-02-02 15:34:46,40.2126,-70.8995,39.931
"EN608","13b",20,2018-02-02 15:34:53,40.21257,-70.89952,40.2
"EN608","13b",21,2018-02-02 15:39:35,40.2123,-70.90122,6.902
"EN608","13b",22,2018-02-02 15:39:42,40.2123,-70.90126,6.882
"EN608","13b",23,2018-02-02 15:39:47,40.2123,-70.9013,6.657
"EN608","13b",24,2018-02-02 15:39:54,40.21228,-70.90133,6.834
"EN608","14",1,2018-02-02 15:24:27,40.21386,-70.89621,120.295
"EN608","14",2,2018-02-02 15:24:34,40.21383,-70.89626,119.81
"EN608","14",3,2018-02-02 15:24:42,40.2138,-70.8963,118.593
"EN608","14",4,2018-02-02 15:24:49,40.21376,-70.89636,117.206
"EN608","14",5,2018-02-02 15:26:58,40.21336,-70.89682,103.931
"EN608","14",6,2018-02-02 15:27:05,40.21332,-70.89682,101.182
"EN608","14",7,2018-02-02 15:27:11,40.2133,-70.89686,99.48
"EN608","14",8,2018-02-02 15:27:19,40.2133,-70.89688,99.321
"EN608","14",9,2018-02-02 15:29:27,40.21308,-70.89774,78.719
"EN608","14",10,2018-02-02 15:29:34,40.21308,-70.89778,78.076
"EN608","14",11,2018-02-02 15:29:41,40.21307,-70.89782,77.174
"EN608","14",12,2018-02-02 15:29:48,40.21306,-70.89788,76.665
"EN608","14",13,2018-02-02 15:31:47,40.21317,-70.89875,67.054
"EN608","14",14,2018-02-02 15:31:54,40.21318,-70.89878,66.668
"EN608","14",15,2018-02-02 15:32:01,40.21318,-70.8988,67.374
"EN608","14",16,2018-02-02 15:32:08,40.21318,-70.89883,65.906
"EN608","14",17,2018-02-02 15:34:31,40.21264,-70.89941,39.928
"EN608","14",18,2018-02-02 15:34:39,40.21262,-70.89945,40.491
"EN608","14",19,2018-02-02 15:34:46,40.2126,-70.8995,39.931
"EN608","14",20,2018-02-02 15:34:53,40.21257,-70.89952,40.2
"EN608","14",21,2018-02-02 15:39:35,40.2123,-70.90122,6.902
"EN608","14",22,2018-02-02 15:39:42,40.2123,-70.90126,6.882
"EN608","14",23,2018-02-02 15:39:47,40.2123,-70.9013,6.657
"EN608","14",24,2018-02-02 15:39:54,40.21228,-70.90133,6.834
"EN608","15",1,2018-02-02 19:08:22,40.1237,-70.80062,128.747
"EN608","15",2,2018-02-02 19:08:31,40.12367,-70.8007,128.123
"EN608","15",3,2018-02-02 19:11:22,40.1229,-70.80176,90.731
"EN608","15",4,2018-02-02 19:11:30,40.12286,-70.8018,90.02
"EN608","15",5,2018-02-02 19:13:54,40.12236,-70.80281,60.48
"EN608","15",6,2018-02-02 19:14:02,40.12234,-70.80284,59.597
"EN608","15",7,2018-02-02 19:14:09,40.12234,-70.80289,58.44
"EN608","15",8,2018-02-02 19:15:58,40.1218,-70.80358,42.337
"EN608","15",9,2018-02-02 19:16:05,40.12178,-70.80362,41.243
"EN608","15",10,2018-02-02 19:16:12,40.12174,-70.80369,42.288
"EN608","15",11,2018-02-02 19:17:58,40.12134,-70.80432,34.152
"EN608","15",12,2018-02-02 19:18:04,40.12132,-70.80435,34.838
"EN608","15",13,2018-02-02 19:18:11,40.12131,-70.80436,34.955
"EN608","15",14,2018-02-02 19:18:18,40.12128,-70.80442,35.221
"EN608","15",15,2018-02-02 19:21:06,40.12068,-70.80541,14.387
"EN608","15",16,2018-02-02 19:21:14,40.12064,-70.80546,14.492
"EN608","15",17,2018-02-02 19:21:21,40.12062,-70.8055,15.113
"EN608","15",18,2018-02-02 19:21:30,40.12058,-70.80556,15.082
"EN608","15",19,2018-02-02 19:23:19,40.12008,-70.80616,6.252
"EN608","15",20,2018-02-02 19:23:26,40.12004,-70.8062,6.707
"EN608","15",21,2018-02-02 19:23:33,40.12001,-70.80623,6.7
"EN608","15",22,2018-02-02 19:23:39,40.11998,-70.80627,6.442
"EN608","15",23,2018-02-02 19:23:45,40.11996,-70.80632,6.165
"EN608","15",24,2018-02-02 19:23:53,40.11992,-70.80636,5.714
"EN608","16",1,2018-02-03 00:34:21,40.09466,-70.66817,36.232
"EN608","16",2,2018-02-03 00:34:29,40.09464,-70.66822,36.084
"EN608","16",3,2018-02-03 00:37:41,40.09432,-70.66957,5.689
"EN608","16",4,2018-02-03 00:37:48,40.0943,-70.66964,5.91
"EN608","17",1,2018-02-03 13:01:19,39.7713,-70.67842,85.096
"EN608","17",2,2018-02-03 13:01:31,39.77126,-70.67848,85.472
"EN608","17",3,2018-02-03 13:01:41,39.77124,-70.67849,85.744
"EN608","17",4,2018-02-03 13:05:56,39.7706,-70.67977,8.153
"EN608","17",5,2018-02-03 13:06:04,39.77059,-70.6798,8.43
"EN608","17",6,2018-02-03 13:06:14,39.77057,-70.67983,8.689
"EN608","18",1,2018-02-03 16:01:29,39.76962,-71.10559,151.604
"EN608","18",2,2018-02-03 16:01:38,39.7696,-71.10562,151.373
"EN608","18",3,2018-02-03 16:01:48,39.76958,-71.10564,152.638
"EN608","18",4,2018-02-03 16:07:41,39.7691,-71.10666,6.305
"EN608","18",5,2018-02-03 16:07:50,39.76908,-71.10668,5.268
"EN608","18",6,2018-02-03 16:08:00,39.76906,-71.10669,6.022
"EN608","19",1,2018-02-03 17:57:55,39.76652,-70.88725,497.705
"EN608","19",2,2018-02-03 17:58:03,39.7665,-70.88728,498.118
"EN608","19",3,2018-02-03 18:03:22,39.7656,-70.88762,300.111
"EN608","19",4,2018-02-03 18:03:30,39.76558,-70.88762,300.604
"EN608","19",5,2018-02-03 18:07:26,39.76484,-70.8878,169.368
"EN608","19",6,2018-02-03 18:07:33,39.76482,-70.88782,169.547
"EN608","19",7,2018-02-03 18:10:17,39.76454,-70.88838,99.576
"EN608","19",8,2018-02-03 18:10:24,39.76454,-70.8884,99.163
"EN608","19",9,2018-02-03 18:12:45,39.76432,-70.88898,64.658
"EN608","19",10,2018-02-03 18:12:51,39.76429,-70.889,64.93
"EN608","19",11,2018-02-03 18:14:30,39.76402,-70.88918,54.634
"EN608","19",12,2018-02-03 18:14:38,39.76398,-70.8892,54.38
"EN608","19",13,2018-02-03 18:14:45,39.76394,-70.88922,54.332
"EN608","19",14,2018-02-03 18:14:52,39.76392,-70.88922,54.129
"EN608","19",15,2018-02-03 18:17:18,39.76352,-70.8898,24.829
"EN608","19",16,2018-02-03 18:17:26,39.7635,-70.88984,25.261
"EN608","19",17,2018-02-03 18:17:33,39.76348,-70.88985,24.89
"EN608","19",18,2018-02-03 18:20:11,39.7632,-70.88985,4.273
"EN608","19",19,2018-02-03 18:20:18,39.76318,-70.88984,3.737
"EN608","19",20,2018-02-03 18:20:24,39.76316,-70.88982,3.991
"EN608","19",21,2018-02-03 18:20:30,39.76316,-70.8898,4.054
"EN608","19",22,2018-02-03 18:20:37,39.76314,-70.8898,4.17
"EN608","19",23,2018-02-03 18:20:43,39.76314,-70.88978,3.956
"EN608","19",24,2018-02-03 18:20:50,39.76312,-70.88978,4.141
"EN608","20",1,2018-02-03 21:20:22,39.92668,-70.768,463.516
"EN608","20",2,2018-02-03 21:20:32,39.92664,-70.76796,462.935
"EN608","20",3,2018-02-03 21:20:38,39.92662,-70.76793,462.686
"EN608","20",4,2018-02-03 21:20:45,39.92658,-70.76792,462.996
"EN608","20",5,2018-02-03 21:20:51,39.92656,-70.7679,462.643
"EN608","20",6,2018-02-03 21:21:01,39.92652,-70.76787,462.274
"EN608","20",7,2018-02-03 21:32:29,39.92304,-70.77047,5.075
"EN608","21",1,2018-02-03 22:50:27,39.9304,-70.8875,456.167
"EN608","21",2,2018-02-03 22:50:35,39.93038,-70.8875,456.418
"EN608","21",3,2018-02-03 22:56:36,39.9292,-70.88688,298.193
"EN608","21",4,2018-02-03 22:56:42,39.92918,-70.88684,298.084
"EN608","21",5,2018-02-03 23:07:06,39.92689,-70.8864,159.789
"EN608","21",6,2018-02-03 23:07:15,39.92688,-70.8864,160.04
"EN608","21",7,2018-02-03 23:07:23,39.92686,-70.8864,160.258
"EN608","21",8,2018-02-03 23:10:44,39.92622,-70.88645,98.968
"EN608","21",9,2018-02-03 23:10:51,39.92619,-70.88644,99.487
"EN608","21",10,2018-02-03 23:13:37,39.92551,-70.88635,64.432
"EN608","21",11,2018-02-03 23:13:44,39.92548,-70.88634,64.781
"EN608","21",12,2018-02-03 23:16:18,39.92486,-70.88626,30.887
"EN608","21",13,2018-02-03 23:16:25,39.92484,-70.88626,30.549
"EN608","21",14,2018-02-03 23:16:31,39.92482,-70.88626,30.552
"EN608","21",15,2018-02-03 23:16:38,39.9248,-70.88626,30.794
"EN608","21",16,2018-02-03 23:18:35,39.92439,-70.88626,14.54
"EN608","21",17,2018-02-03 23:18:42,39.92436,-70.88625,14.706
"EN608","21",18,2018-02-03 23:18:49,39.92432,-70.88622,14.468
"EN608","21",19,2018-02-03 23:20:44,39.9239,-70.88616,5.186
"EN608","21",20,2018-02-03 23:20:51,39.92387,-70.88616,5.108
"EN608","21",21,2018-02-03 23:20:58,39.92384,-70.88616,5.341
"EN608","21",22,2018-02-03 23:21:06,39.92382,-70.88616,4.281
"EN608","21",23,2018-02-03 23:21:12,39.92378,-70.88616,5.051
"EN608","21",24,2018-02-03 23:21:19,39.92376,-70.88616,5.751
"EN608","22",1,2018-02-04 03:20:45,40.0841,-70.85508,146.936
"EN608","22",2,2018-02-04 03:20:54,40.08408,-70.85504,147.107
"EN608","22",3,2018-02-04 03:23:32,40.08362,-70.85428,130.533
"EN608","22",4,2018-02-04 03:23:39,40.0836,-70.85424,129.461
"EN608","22",5,2018-02-04 03:26:37,40.08298,-70.85335,100.143
"EN608","22",6,2018-02-04 03:26:51,40.08295,-70.85329,100.75
"EN608","22",7,2018-02-04 03:26:58,40.08292,-70.85324,100.877
"EN608","22",8,2018-02-04 03:29:28,40.08244,-70.85259,80.987
"EN608","22",9,2018-02-04 03:29:36,40.08242,-70.85255,81.264
"EN608","22",10,2018-02-04 03:35:21,40.08139,-70.8508,59.169
"EN608","22",11,2018-02-04 03:35:30,40.08137,-70.85075,59.467
"EN608","22",12,2018-02-04 03:35:39,40.08134,-70.8507,59.048
"EN608","22",13,2018-02-04 03:38:15,40.08084,-70.84986,41.089
"EN608","22",14,2018-02-04 03:38:27,40.0808,-70.84981,41.075
"EN608","22",15,2018-02-04 03:38:38,40.08077,-70.84976,41.176
"EN608","22",16,2018-02-04 03:41:50,40.08024,-70.84886,19.65
"EN608","22",17,2018-02-04 03:42:00,40.08022,-70.84882,19.948
"EN608","22",18,2018-02-04 03:42:08,40.0802,-70.84876,19.867
"EN608","22",19,2018-02-04 03:44:44,40.07988,-70.84775,5.18
"EN608","22",20,2018-02-04 03:44:54,40.07986,-70.84769,5.549
"EN608","22",21,2018-02-04 03:45:02,40.07984,-70.84764,7.224
"EN608","22",22,2018-02-04 03:45:10,40.07982,-70.84758,6.448
"EN608","22",23,2018-02-04 03:45:20,40.0798,-70.84752,7.305
"EN608","22",24,2018-02-04 03:45:29,40.07977,-70.84747,6.611
"EN608","23",1,2018-02-04 06:29:33,40.206,-70.86258,6.672
"EN608","24",1,2018-02-04 08:41:45,40.35478,-70.76336,4.818
"EN608","25",1,2018-02-04 10:59:53,40.5274,-70.88318,4.52777155572995
"EN608","26",1,2018-02-04 12:43:22,40.69415,-70.88094,4.951
"EN608","27",1,2018-02-04 14:15:24,40.86251,-70.8818,5.075
"EN608","28",1,2018-02-04 18:25:02,41.02938,-70.87988,4.233
"EN608","29",1,2018-02-04 21:11:19,41.1971,-70.88366,3.526
"EN608","29",2,2018-02-04 21:11:26,41.19712,-70.88366,3.435
"EN608","30",1,2018-02-05 00:07:32,41.3224,-70.5752,13.388
"EN608","30",2,2018-02-05 00:07:39,41.3224,-70.57514,13.829
"EN608","30",3,2018-02-05 00:07:46,41.3224,-70.5751,14.11
"EN608","30",4,2018-02-05 00:07:54,41.32238,-70.57506,14.163
"EN608","30",5,2018-02-05 00:09:33,41.32224,-70.5747,10.248
"EN608","30",6,2018-02-05 00:09:39,41.32224,-70.57469,10.232
"EN608","30",7,2018-02-05 00:09:46,41.32224,-70.57466,9.875
"EN608","30",8,2018-02-05 00:09:52,41.32224,-70.57464,9.921
"EN608","30",9,2018-02-05 00:11:54,41.32222,-70.57423,4.014
"EN608","30",10,2018-02-05 00:12:00,41.32222,-70.5742,3.649
"EN608","30",11,2018-02-05 00:12:06,41.3222,-70.5742,3.203
"EN608","30",12,2018-02-05 00:12:13,41.32218,-70.57417,4.119
"EN608","30",13,2018-02-05 00:12:19,41.32218,-70.57412,4.027
"EN608","30",14,2018-02-05 00:12:26,41.32216,-70.57409,4.185
"AR28A","1",1,2018-03-24 15:51:08,39.94,-70.883333,438.966495552483
"AR28A","1",2,2018-03-24 15:51:28,39.94,-70.883333,438.928866988076
"AR28A","1",3,2018-03-24 15:57:04,39.94,-70.883333,221.775855823209
"AR28A","1",4,2018-03-24 15:57:15,39.94,-70.883333,221.514160245415
"AR28A","1",5,2018-03-24 16:01:23,39.94,-70.883333,77.0260945040506
"AR28A","1",6,2018-03-24 16:01:31,39.94,-70.883333,76.9427689895942
"AR28A","1",7,2018-03-24 16:05:04,39.94,-70.883333,7.25390285043805
"AR28A","1",8,2018-03-24 16:05:13,39.94,-70.883333,7.30153364695815
"AR28A","2",1,2018-03-24 22:42:00,40.136167,-70.774333,128.118784678941
"AR28A","2",2,2018-03-24 22:42:08,40.136167,-70.774333,128.089033519238
"AR28A","2",3,2018-03-24 22:45:20,40.136167,-70.774333,87.5093910203547
"AR28A","2",4,2018-03-24 22:45:28,40.136167,-70.774333,87.2772858779494
"AR28A","2",5,2018-03-24 22:48:30,40.136167,-70.774333,42.5643672659665
"AR28A","2",6,2018-03-24 22:48:38,40.136167,-70.774333,42.4274547333212
"AR28A","2",7,2018-03-24 22:51:04,40.136167,-70.774333,7.66656602448127
"AR28A","2",8,2018-03-24 22:51:12,40.136167,-70.774333,7.47505421929672
"AR28A","3",1,2018-03-25 16:05:14,40.3635,-70.887333,88.0987409510453
"AR28A","3",2,2018-03-25 16:05:23,40.3635,-70.887333,88.0461713905081
"AR28A","3",3,2018-03-25 16:08:51,40.3635,-70.887333,42.0714050031941
"AR28A","3",4,2018-03-25 16:08:59,40.3635,-70.887333,42.158709901577
"AR28A","3",5,2018-03-25 16:11:24,40.3635,-70.887333,22.8892190180367
"AR28A","3",6,2018-03-25 16:11:32,40.3635,-70.887333,22.8485390467637
"AR28A","3",7,2018-03-25 16:13:38,40.3635,-70.887333,7.85989961198781
"AR28A","3",8,2018-03-25 16:13:49,40.3635,-70.887333,7.95416497558476
"AR28A","4",1,2018-03-31 14:35:12,39.922167,-70.756,102.596664927801
"AR28A","4",2,2018-03-31 14:38:06,39.922167,-70.756,77.9507349134537
"AR28A","4",3,2018-03-31 14:38:16,39.922167,-70.756,77.6918312745726
"AR28A","4",4,2018-03-31 14:40:55,39.922167,-70.756,52.554796628823
"AR28A","4",5,2018-03-31 14:42:54,39.922167,-70.756,33.1297379946269
"AR28A","4",6,2018-03-31 14:43:01,39.922167,-70.756,32.8578792604352
"AR28A","4",7,2018-03-31 14:44:41,39.922167,-70.756,17.589554295054
"AR28A","4",8,2018-03-31 14:46:06,39.922167,-70.756,2.49176355618265
"AR28A","5",1,2018-03-31 20:58:20,40.293,-70.774833,109.952337616035
"AR28A","6",1,2018-03-31 21:55:37,40.22,-70.774833,117.833644695297
"AR28A","7",1,2018-03-31 22:53:40,40.138,-70.777,128.560071609826
"AR28A","8",1,2018-03-31 23:45:59,40.072833,-70.774333,137.19149369048
"AR28A","9",1,2018-04-01 00:43:37,40.007167,-70.7755,256.65314675103
"AR24B","0",0,2017-10-30 18:45:00,41.36,-70.787,0
"AR28B","1",2,2018-04-03 20:30:00,41.197,-70.883,15
"AR28B","1",5,2018-04-03 20:33:00,41.197,-70.883,9
"AR28B","1",8,2018-04-03 20:35:00,41.197,-70.883,3
"AR28B","2",1,2018-04-03 22:19:16,41.031333,-70.883167,39.7226515734039
"AR28B","2",2,2018-04-03 22:19:32,41.031333,-70.883167,39.6700727971048
"AR28B","2",3,2018-04-03 22:19:40,41.031333,-70.883167,39.7216595211459
"AR28B","2",4,2018-04-03 22:22:20,41.031333,-70.883167,26.6916303433635
"AR28B","2",5,2018-04-03 22:22:32,41.031333,-70.883167,26.80274724104
"AR28B","2",6,2018-04-03 22:22:41,41.031333,-70.883167,26.5735685734665
"AR28B","2",7,2018-04-03 22:24:45,41.031333,-70.883167,18.0054754061543
"AR28B","2",8,2018-04-03 22:24:54,41.031333,-70.883167,17.7604123452414
"AR28B","2",9,2018-04-03 22:25:02,41.031333,-70.883167,17.6354003063637
"AR28B","2",10,2018-04-03 22:27:23,41.031333,-70.883167,2.83283952986825
"AR28B","2",11,2018-04-03 22:27:31,41.031333,-70.883167,3.02334782043914
"AR28B","2",12,2018-04-03 22:27:38,41.031333,-70.883167,3.13745426367173
"AR28B","3",1,2018-04-04 00:10:50,40.863833,-70.884833,48.590166094514
"AR28B","3",2,2018-04-04 00:11:01,40.863833,-70.884833,48.7746825613941
"AR28B","3",3,2018-04-04 00:13:22,40.863833,-70.884833,34.7261547313521
"AR28B","3",4,2018-04-04 00:13:30,40.863833,-70.884833,34.7946090443331
"AR28B","3",5,2018-04-04 00:15:20,40.863833,-70.884833,28.8905883964381
"AR28B","3",6,2018-04-04 00:15:28,40.863833,-70.884833,28.8489193543384
"AR28B","3",7,2018-04-04 00:17:38,40.863833,-70.884833,13.919942828443
"AR28B","3",8,2018-04-04 00:20:07,40.863833,-70.884833,2.14327051940112
"AR28B","3",9,2018-04-04 00:20:14,40.863833,-70.884833,2.04305327808016
"AR28B","3",10,2018-04-04 00:20:24,40.863833,-70.884833,2.04305327808016
"AR28B","4",1,2018-04-04 02:04:58,40.697167,-70.8835,60.6031598342534
"AR28B","4",2,2018-04-04 02:05:10,40.697167,-70.8835,61.0098717845025
"AR28B","4",3,2018-04-04 02:09:14,40.697167,-70.8835,44.0671549336019
"AR28B","4",4,2018-04-04 02:11:34,40.697167,-70.8835,32.5946344983371
"AR28B","4",5,2018-04-04 02:11:41,40.697167,-70.8835,32.9091353730641
"AR28B","4",6,2018-04-04 02:11:48,40.697167,-70.8835,32.8664743994631
"AR28B","4",7,2018-04-04 02:14:18,40.697167,-70.8835,18.7203988288055
"AR28B","4",8,2018-04-04 02:17:04,40.697167,-70.8835,2.44792818079417
"AR28B","4",9,2018-04-04 02:17:10,40.697167,-70.8835,3.220899821484
"AR28B","4",10,2018-04-04 02:17:17,40.697167,-70.8835,3.08099117878084
"AR28B","5",1,2018-04-04 04:08:54,40.529667,-70.882667,70.1677005312296
"AR28B","5",2,2018-04-04 04:09:05,40.529667,-70.882667,70.015932097687
"AR28B","5",3,2018-04-04 04:11:46,40.529667,-70.882667,43.7642523939858
"AR28B","5",4,2018-04-04 04:13:51,40.529667,-70.882667,33.5197975483187
"AR28B","5",5,2018-04-04 04:13:59,40.529667,-70.882667,33.8809317337986
"AR28B","5",6,2018-04-04 04:16:17,40.529667,-70.882667,14.7707003911926
"AR28B","5",7,2018-04-04 04:16:25,40.529667,-70.882667,14.9999027757269
"AR28B","5",8,2018-04-04 04:18:33,40.529667,-70.882667,2.45888063616158
"AR28B","5",9,2018-04-04 04:18:40,40.529667,-70.882667,2.56803123016758
"AR28B","5",10,2018-04-04 04:18:48,40.529667,-70.882667,2.50750227159515
"AR28B","6",1,2018-04-05 19:35:14,40.365167,-70.774833,88.5887148330798
"AR28B","6",2,2018-04-05 19:35:43,40.365167,-70.774833,88.4845678422815
"AR28B","6",3,2018-04-05 19:37:32,40.365167,-70.774833,68.3623758729723
"AR28B","6",4,2018-04-05 19:43:10,40.365167,-70.774833,10.0914948713526
"AR28B","6",5,2018-04-05 19:43:18,40.365167,-70.774833,10.3157446583227
"AR28B","6",6,2018-04-05 19:45:51,40.365167,-70.774833,3.98307426451803
"AR28B","6",7,2018-04-05 19:46:00,40.365167,-70.774833,4.3918956343755
"AR28B","6",8,2018-04-05 19:46:09,40.365167,-70.774833,4.01383512417336
"AR28B","7",1,2018-04-05 22:37:55,40.3355,-70.829333,3.25474393186532
"AR28B","10",1,2018-04-09 15:03:00,39.940333,-70.882167,442.776833886676
"AR28B","10",2,2018-04-09 15:03:07,39.940333,-70.882167,441.940107298814
"AR28B","10",3,2018-04-09 15:03:14,39.940333,-70.882167,442.802579266341
"AR28B","10",4,2018-04-09 15:06:08,39.940333,-70.882167,353.35165927884
"AR28B","10",5,2018-04-09 15:08:38,39.940333,-70.882167,271.395831349966
"AR28B","10",6,2018-04-09 15:08:45,39.940333,-70.882167,270.511829636176
"AR28B","10",7,2018-04-09 15:10:06,39.940333,-70.882167,247.859475739975
"AR28B","10",8,2018-04-09 15:12:33,39.940333,-70.882167,183.8820311951
"AR28B","10",9,2018-04-09 15:14:54,39.940333,-70.882167,104.373876668446
"AR28B","10",10,2018-04-09 15:18:02,39.940333,-70.882167,34.8263089973231
"AR28B","10",11,2018-04-09 15:19:09,39.940333,-70.882167,27.4771394876355
"AR28B","10",12,2018-04-09 15:19:17,39.940333,-70.882167,28.08238685708
"AR28B","10",13,2018-04-09 15:20:45,39.940333,-70.882167,4.80586329222811
"AR28B","10",14,2018-04-09 15:20:59,39.940333,-70.882167,4.57961415650353
"AR28B","10",15,2018-04-09 15:21:13,39.940333,-70.882167,4.55579844344875
"AR28B","10",16,2018-04-09 15:21:21,39.940333,-70.882167,3.77682463367405
"AR28B","11",1,2018-04-10 00:14:57,39.940667,-70.7745,444.121517099309
"AR28B","11",2,2018-04-10 00:15:04,39.940667,-70.7745,444.201723323311
"AR28B","11",3,2018-04-10 00:19:27,39.940667,-70.7745,260.457521363372
"AR28B","11",4,2018-04-10 00:19:36,39.940667,-70.7745,260.718176257107
"AR28B","11",5,2018-04-10 00:24:59,39.940667,-70.7745,55.1232098225698
"AR28B","11",6,2018-04-10 00:27:12,39.940667,-70.7745,21.8145164703276
"AR28B","11",7,2018-04-10 00:27:21,39.940667,-70.7745,21.6875100057412
"AR28B","11",8,2018-04-10 00:28:53,39.940667,-70.7745,5.35759242899856
"AR28B","11",9,2018-04-10 00:29:01,39.940667,-70.7745,5.60368702475475
"AR28B","11",10,2018-04-10 00:29:08,39.940667,-70.7745,5.5649866845571
"AR28B","12",1,2018-04-10 02:12:04,39.7735,-70.884,498.488881299121
"AR28B","12",2,2018-04-10 02:12:14,39.7735,-70.884,498.8363551486
"AR28B","12",3,2018-04-10 02:15:52,39.7735,-70.884,399.366649891226
"AR28B","12",4,2018-04-10 02:19:09,39.7735,-70.884,309.264331478674
"AR28B","12",5,2018-04-10 02:19:17,39.7735,-70.884,309.612124375825
"AR28B","12",6,2018-04-10 02:21:53,39.7735,-70.884,270.693324754488
"AR28B","12",7,2018-04-10 02:24:16,39.7735,-70.884,240.584024400161
"AR28B","12",8,2018-04-10 02:27:24,39.7735,-70.884,166.370770961802
"AR28B","12",9,2018-04-10 02:27:32,39.7735,-70.884,166.11990789282
"AR28B","12",10,2018-04-10 02:30:16,39.7735,-70.884,120.546979707364
"AR28B","12",11,2018-04-10 02:33:32,39.7735,-70.884,70.9363791326236
"AR28B","12",12,2018-04-10 02:33:43,39.7735,-70.884,71.2260472204165
"AR28B","12",13,2018-04-10 02:36:32,39.7735,-70.884,38.2984786967214
"AR28B","12",14,2018-04-10 02:36:41,39.7735,-70.884,38.4383750193192
"AR28B","12",15,2018-04-10 02:38:52,39.7735,-70.884,23.2456710144158
"AR28B","12",16,2018-04-10 02:38:59,39.7735,-70.884,23.2565857181154
"AR28B","12",17,2018-04-10 02:41:24,39.7735,-70.884,2.56324611995903
"AR28B","12",18,2018-04-10 02:41:32,39.7735,-70.884,2.70217453126996
"AR28B","12",19,2018-04-10 02:41:39,39.7735,-70.884,2.68728934885723
"AR28B","17",1,2018-04-10 18:27:43,40.096,-70.885333,143.699398880581
"AR28B","17",2,2018-04-10 18:27:51,40.096,-70.885333,143.812445072434
"AR28B","17",3,2018-04-10 18:27:59,40.096,-70.885333,143.873926308513
"AR28B","17",4,2018-04-10 18:29:10,40.096,-70.885333,125.427737085842
"AR28B","17",5,2018-04-10 18:30:53,40.096,-70.885333,79.3382311775329
"AR28B","17",6,2018-04-10 18:31:01,40.096,-70.885333,79.3779089714413
"AR28B","17",7,2018-04-10 18:31:09,40.096,-70.885333,79.365013689264
"AR28B","17",8,2018-04-10 18:33:12,40.096,-70.885333,45.4922570471624
"AR28B","17",9,2018-04-10 18:34:14,40.096,-70.885333,34.4329203405088
"AR28B","17",10,2018-04-10 18:34:22,40.096,-70.885333,34.4894735957104
"AR28B","17",11,2018-04-10 18:35:20,40.096,-70.885333,27.4370629209219
"AR28B","17",12,2018-04-10 18:35:28,40.096,-70.885333,27.3259368910931
"AR28B","17",13,2018-04-10 18:36:34,40.096,-70.885333,16.7280066767236
"AR28B","17",14,2018-04-10 18:37:33,40.096,-70.885333,2.05311942867794
"AR28B","17",15,2018-04-10 18:37:45,40.096,-70.885333,2.50263968542373
"AR28B","17",16,2018-04-10 18:37:54,40.096,-70.885333,2.00350344576062
"AR28B","17",17,2018-04-10 18:38:01,40.096,-70.885333,2.02731911906299
"AR28B","18",1,2018-04-11 00:25:34,40.075833,-70.830167,7.36594274308203
"AR28B","27",1,2018-04-11 12:28:08,40.226833,-70.884167,120.682840239557
"AR28B","27",2,2018-04-11 12:28:16,40.226833,-70.884167,120.850443053826
"AR28B","27",3,2018-04-11 12:28:24,40.226833,-70.884167,120.52812982785
"AR28B","27",4,2018-04-11 12:30:07,40.226833,-70.884167,94.2871578260501
"AR28B","27",5,2018-04-11 12:31:43,40.226833,-70.884167,75.1006967817883
"AR28B","27",6,2018-04-11 12:32:53,40.226833,-70.884167,62.7058608130975
"AR28B","27",7,2018-04-11 12:33:01,40.226833,-70.884167,62.2941747178258
"AR28B","27",8,2018-04-11 12:33:07,40.226833,-70.884167,62.4796815668162
"AR28B","27",9,2018-04-11 12:33:14,40.226833,-70.884167,62.7753017596405
"AR28B","27",10,2018-04-11 12:35:09,40.226833,-70.884167,32.6000000268717
"AR28B","27",11,2018-04-11 12:35:16,40.226833,-70.884167,32.7785886743606
"AR28B","27",12,2018-04-11 12:35:22,40.226833,-70.884167,32.9720595332805
"AR28B","27",13,2018-04-11 12:36:42,40.226833,-70.884167,15.9111952995672
"AR28B","27",14,2018-04-11 12:37:58,40.226833,-70.884167,6.80123236811475
"AR28B","27",15,2018-04-11 12:38:04,40.226833,-70.884167,6.92427563324392
"AR28B","27",16,2018-04-11 12:38:11,40.226833,-70.884167,7.04434197383612
"AR28B","27",17,2018-04-11 12:38:18,40.226833,-70.884167,6.90641451870436
"AR28B","28",1,2018-04-11 18:03:55,40.364,-70.883333,85.1964803946696
"AR28B","28",2,2018-04-11 18:04:05,40.364,-70.883333,85.2698804175909
"AR28B","28",3,2018-04-11 18:04:14,40.364,-70.883333,85.1964803946696
"AR28B","28",4,2018-04-11 18:05:49,40.364,-70.883333,68.5806172799615
"AR28B","28",5,2018-04-11 18:07:08,40.364,-70.883333,55.6796040956047
"AR28B","28",6,2018-04-11 18:07:15,40.364,-70.883333,55.7063890480328
"AR28B","28",7,2018-04-11 18:08:33,40.364,-70.883333,42.5743978207151
"AR28B","28",8,2018-04-11 18:08:41,40.364,-70.883333,42.4097093459435
"AR28B","28",9,2018-04-11 18:08:48,40.364,-70.883333,42.3948278507319
"AR28B","28",10,2018-04-11 18:09:46,40.364,-70.883333,36.6425528661897
"AR28B","28",11,2018-04-11 18:10:55,40.364,-70.883333,24.8319251488274
"AR28B","28",12,2018-04-11 18:11:03,40.364,-70.883333,25.0551666199792
"AR28B","28",13,2018-04-11 18:11:11,40.364,-70.883333,25.0234167367159
"AR28B","28",14,2018-04-11 18:12:48,40.364,-70.883333,5.89222399473224
"AR28B","28",15,2018-04-11 18:12:56,40.364,-70.883333,5.96466018201202
"AR28B","28",16,2018-04-11 18:13:04,40.364,-70.883333,5.76620481326343
"AR28B","28",17,2018-04-11 18:13:12,40.364,-70.883333,5.93886099496307
"AR28B","30",1,2018-04-12 01:46:31,40.2705,-70.829333,2.64152213528063
"AR28B","33",1,2018-04-12 04:27:44,40.075333,-70.83,2.18510199042932
"AR28B","37",1,2018-04-12 12:12:58,40.136667,-70.775,126.945588237708
"AR28B","37",2,2018-04-12 12:13:06,40.136667,-70.775,126.516176976773
"AR28B","37",3,2018-04-12 12:13:14,40.136667,-70.775,126.153209713072
"AR28B","37",4,2018-04-12 12:15:11,40.136667,-70.775,91.496793118886
"AR28B","37",5,2018-04-12 12:16:40,40.136667,-70.775,72.3327287151143
"AR28B","37",6,2018-04-12 12:18:14,40.136667,-70.775,48.0745224566476
"AR28B","37",7,2018-04-12 12:18:24,40.136667,-70.775,48.2461544253797
"AR28B","37",8,2018-04-12 12:18:33,40.136667,-70.775,48.3860393339301
"AR28B","37",9,2018-04-12 12:18:45,40.136667,-70.775,48.3423873159896
"AR28B","37",10,2018-04-12 12:20:03,40.136667,-70.775,28.9847763048408
"AR28B","37",11,2018-04-12 12:20:11,40.136667,-70.775,29.0423230413617
"AR28B","37",12,2018-04-12 12:20:18,40.136667,-70.775,29.2447286757438
"AR28B","37",13,2018-04-12 12:21:23,40.136667,-70.775,17.1258345484542
"AR28B","37",14,2018-04-12 12:22:38,40.136667,-70.775,5.46069614346794
"AR28B","37",15,2018-04-12 12:22:46,40.136667,-70.775,5.3525354871314
"AR28B","37",16,2018-04-12 12:22:54,40.136667,-70.775,5.60259489945028
"AR28B","37",17,2018-04-12 12:23:04,40.136667,-70.775,5.61450248288809
"EN617","1",1,2018-07-20 17:30:51,41.20191,-70.88546,17.739
"EN617","1",2,2018-07-20 17:31:05,41.20196,-70.88542,17.627
"EN617","1",3,2018-07-20 17:33:17,41.20235,-70.88547,12.108
"EN617","1",4,2018-07-20 17:33:33,41.2024,-70.88545,12.307
"EN617","1",5,2018-07-20 17:33:46,41.20244,-70.88544,12.177
"EN617","1",6,2018-07-20 17:33:56,41.20246,-70.88546,12.087
"EN617","1",7,2018-07-20 17:35:49,41.20276,-70.88546,7.374
"EN617","1",8,2018-07-20 17:36:20,41.20284,-70.88546,7.261
"EN617","1",9,2018-07-20 17:36:30,41.20284,-70.8855,7.307
"EN617","1",10,2018-07-20 17:38:29,41.20318,-70.88549,1.891
"EN617","1",11,2018-07-20 17:38:42,41.20324,-70.88548,1.803
"EN617","1",12,2018-07-20 17:38:51,41.20326,-70.88546,1.796
"EN617","1",13,2018-07-20 17:39:10,41.20332,-70.88548,1.893
"EN617","1",14,2018-07-20 17:39:19,41.20336,-70.88546,1.958
"EN617","1",15,2018-07-20 17:39:28,41.2034,-70.88544,1.802
"EN617","1",16,2018-07-20 17:39:38,41.20341,-70.88546,1.793
"EN617","1",17,2018-07-20 17:39:48,41.20346,-70.88546,1.883
"EN617","1",18,2018-07-20 17:39:58,41.2035,-70.88542,1.779
"EN617","1",19,2018-07-20 17:40:21,41.20356,-70.88544,1.773
"EN617","1",20,2018-07-20 17:40:28,41.20358,-70.88546,1.835
"EN617","1",21,2018-07-20 17:40:40,41.2036,-70.88546,1.805
"EN617","1",22,2018-07-20 17:40:58,41.20368,-70.88542,1.749
"EN617","1",23,2018-07-20 17:41:09,41.2037,-70.88546,1.808
"EN617","1",24,2018-07-20 17:41:18,41.20374,-70.88545,1.793
"EN617","2",1,2018-07-20 23:01:46,41.03118,-70.88,42.067
"EN617","2",2,2018-07-20 23:02:05,41.03122,-70.87996,41.868
"EN617","2",3,2018-07-20 23:04:29,41.03152,-70.8796,24.137
"EN617","2",4,2018-07-20 23:04:38,41.03154,-70.87958,24.395
"EN617","2",5,2018-07-20 23:04:46,41.03156,-70.87956,24.23
"EN617","2",6,2018-07-20 23:04:54,41.03156,-70.87954,24.33
"EN617","2",7,2018-07-20 23:06:39,41.03176,-70.87932,20.252
"EN617","2",8,2018-07-20 23:06:47,41.03178,-70.8793,20.118
"EN617","2",9,2018-07-20 23:06:56,41.03178,-70.87928,20.032
"EN617","2",10,2018-07-20 23:07:06,41.0318,-70.87924,20.279
"EN617","2",11,2018-07-20 23:07:16,41.03182,-70.87922,20.104
"EN617","2",12,2018-07-20 23:09:22,41.03199,-70.87896,9.997
"EN617","2",13,2018-07-20 23:09:29,41.032,-70.87894,10.077
"EN617","2",14,2018-07-20 23:09:38,41.03202,-70.87892,9.873
"EN617","2",15,2018-07-20 23:09:47,41.03204,-70.87892,9.999
"EN617","2",16,2018-07-20 23:12:37,41.03232,-70.87858,3.22
"EN617","2",17,2018-07-20 23:12:45,41.03234,-70.87856,3.163
"EN617","2",18,2018-07-20 23:12:54,41.03236,-70.87854,2.95
"EN617","2",19,2018-07-20 23:13:01,41.03238,-70.87854,3.04
"EN617","2",20,2018-07-20 23:13:08,41.0324,-70.87852,3.025
"EN617","2",21,2018-07-20 23:13:15,41.03242,-70.8785,2.994
"EN617","2",22,2018-07-20 23:13:23,41.03243,-70.87849,3.083
"EN617","2",23,2018-07-20 23:13:31,41.03244,-70.87848,2.972
"EN617","2",24,2018-07-20 23:13:38,41.03246,-70.87846,2.967
"EN617","3",1,2018-07-21 01:21:47,41.0292,-70.76874,16.349
"EN617","3",2,2018-07-21 01:22:06,41.02918,-70.76868,16.433
"EN617","3",3,2018-07-21 01:25:33,41.02875,-70.76822,3.313
"EN617","3",4,2018-07-21 01:25:44,41.02874,-70.76819,3.388
"EN617","4",1,2018-07-21 03:03:57,41.02947,-70.98997,12.398
"EN617","4",2,2018-07-21 03:04:05,41.02946,-70.98995,12.33
"EN617","4",3,2018-07-21 03:04:12,41.02943,-70.98992,12.259
"EN617","4",4,2018-07-21 03:04:20,41.0294,-70.98992,12.344
"EN617","4",5,2018-07-21 03:05:54,41.0292,-70.98969,3.739
"EN617","4",6,2018-07-21 03:06:09,41.02918,-70.98964,3.738
"EN617","4",7,2018-07-21 03:06:17,41.02916,-70.98964,3.781
"EN617","4",8,2018-07-21 03:06:24,41.02914,-70.9896,3.776
"EN617","4",9,2018-07-21 03:06:31,41.02913,-70.98958,3.746
"EN617","4",10,2018-07-21 03:06:39,41.02911,-70.98956,3.823
"EN617","4",11,2018-07-21 03:06:46,41.02909,-70.98954,3.783
"EN617","4",12,2018-07-21 03:06:56,41.02907,-70.98952,3.764
"EN617","4",13,2018-07-21 03:07:02,41.02906,-70.98952,3.788
"EN617","4",14,2018-07-21 03:07:10,41.02904,-70.9895,3.741
"EN617","4",15,2018-07-21 03:07:16,41.02904,-70.98947,3.793
"EN617","4",16,2018-07-21 03:07:23,41.02902,-70.98944,3.852
"EN617","4",17,2018-07-21 03:07:30,41.029,-70.98944,3.757
"EN617","4",18,2018-07-21 03:07:37,41.029,-70.98942,3.757
"EN617","4",19,2018-07-21 03:07:44,41.02897,-70.98942,3.716
"EN617","4",20,2018-07-21 03:07:51,41.02896,-70.9894,3.655
"EN617","4",21,2018-07-21 03:07:58,41.02894,-70.98937,3.57
"EN617","4",22,2018-07-21 03:08:04,41.02893,-70.98934,3.73
"EN617","4",23,2018-07-21 03:08:11,41.02892,-70.98932,3.799
"EN617","4",24,2018-07-21 03:08:18,41.02892,-70.9893,3.743
"EN617","5",1,2018-07-21 06:47:34,40.8642,-70.88471,51.545
"EN617","5",2,2018-07-21 06:47:55,40.86422,-70.8848,51.624
"EN617","5",3,2018-07-21 06:50:55,40.86436,-70.8855,29.851
"EN617","5",4,2018-07-21 06:51:04,40.86436,-70.88554,30.186
"EN617","5",5,2018-07-21 06:53:39,40.86446,-70.88616,25.24
"EN617","5",6,2018-07-21 06:53:47,40.86447,-70.8862,25.187
"EN617","5",7,2018-07-21 06:53:57,40.86448,-70.88624,25.335
"EN617","5",8,2018-07-21 06:57:02,40.86468,-70.88694,14.399
"EN617","5",9,2018-07-21 06:57:15,40.86469,-70.88699,14.135
"EN617","5",10,2018-07-21 06:57:26,40.8647,-70.88704,14.252
"EN617","5",11,2018-07-21 06:57:39,40.86472,-70.88708,14.25
"EN617","5",12,2018-07-21 07:00:13,40.86487,-70.88765,10.082
"EN617","5",13,2018-07-21 07:00:21,40.86488,-70.88768,9.718
"EN617","5",14,2018-07-21 07:03:02,40.86498,-70.88832,1.624
"EN617","5",15,2018-07-21 07:03:16,40.865,-70.88838,1.487
"EN617","5",16,2018-07-21 07:03:24,40.865,-70.88841,1.636
"EN617","5",17,2018-07-21 07:04:05,40.86502,-70.88858,1.631
"EN617","5",18,2018-07-21 07:04:40,40.865,-70.88872,1.529
"EN617","5",19,2018-07-21 07:04:47,40.86502,-70.88876,1.709
"EN617","5",20,2018-07-21 07:04:57,40.86502,-70.8888,1.607
"EN617","5",21,2018-07-21 07:05:07,40.86504,-70.88884,1.631
"EN617","5",22,2018-07-21 07:05:14,40.86504,-70.88888,1.741
"EN617","5",23,2018-07-21 07:05:26,40.86504,-70.88894,1.582
"EN617","5",24,2018-07-21 07:05:39,40.86506,-70.88898,1.629
"EN617","6",1,2018-07-21 11:11:37,40.70184,-70.7724,20.048
"EN617","6",2,2018-07-21 11:11:49,40.70188,-70.77239,20.532
"EN617","6",3,2018-07-21 11:11:59,40.70187,-70.77237,20.129
"EN617","6",4,2018-07-21 11:15:18,40.70234,-70.77222,2.112
"EN617","6",5,2018-07-21 11:15:28,40.70236,-70.77222,2.231
"EN617","6",6,2018-07-21 11:15:35,40.70238,-70.7722,2.047
"EN617","6",7,2018-07-21 11:15:45,40.7024,-70.7722,2.066
"EN617","6",8,2018-07-21 11:15:51,40.7024,-70.7722,2.283
"EN617","6",9,2018-07-21 11:16:00,40.70242,-70.77218,2.264
"EN617","6",10,2018-07-21 11:16:07,40.70243,-70.77218,2.1
"EN617","6",11,2018-07-21 11:16:20,40.70248,-70.77216,2.145
"EN617","6",12,2018-07-21 11:16:28,40.7025,-70.77214,2.259
"EN617","6",13,2018-07-21 11:16:37,40.7025,-70.77214,1.993
"EN617","7",1,2018-07-21 12:44:37,40.69894,-70.99246,20.386
"EN617","7",2,2018-07-21 12:44:47,40.69898,-70.99244,20.13
"EN617","7",3,2018-07-21 12:48:44,40.69996,-70.99186,1.974
"EN617","7",4,2018-07-21 12:48:56,40.69999,-70.99182,2.035
"EN617","7",5,2018-07-21 12:49:06,40.70002,-70.9918,1.855
"EN617","7",6,2018-07-21 12:49:12,40.70004,-70.99176,1.92
"EN617","7",7,2018-07-21 12:49:19,40.70006,-70.99175,1.962
"EN617","7",8,2018-07-21 12:49:26,40.7001,-70.99172,2.023
"EN617","7",9,2018-07-21 12:49:32,40.70013,-70.9917,1.999
"EN617","7",10,2018-07-21 12:49:39,40.70016,-70.99166,2.021
"EN617","7",11,2018-07-21 12:49:45,40.70018,-70.99166,2.001
"EN617","7",12,2018-07-21 12:49:52,40.7002,-70.99164,2.131
"EN617","7",13,2018-07-21 12:50:09,40.70024,-70.9916,1.66
"EN617","8",1,2018-07-21 14:57:09,40.69956,-70.87992,59.428
"EN617","8",2,2018-07-21 14:57:28,40.6996,-70.8799,59.722
"EN617","8",3,2018-07-21 15:01:47,40.70024,-70.8792,44.419
"EN617","8",4,2018-07-21 15:02:02,40.70028,-70.87915,44.212
"EN617","8",5,2018-07-21 15:02:16,40.70032,-70.8791,44.505
"EN617","8",6,2018-07-21 15:04:36,40.70063,-70.87856,24.629
"EN617","8",7,2018-07-21 15:04:49,40.70066,-70.87851,24.661
"EN617","8",8,2018-07-21 15:05:02,40.7007,-70.87846,24.732
"EN617","8",9,2018-07-21 15:05:16,40.70072,-70.8784,24.354
"EN617","8",10,2018-07-21 15:08:08,40.70112,-70.87778,18.731
"EN617","8",11,2018-07-21 15:08:24,40.70114,-70.8777,18.474
"EN617","8",12,2018-07-21 15:10:25,40.70142,-70.87727,12.414
"EN617","8",13,2018-07-21 15:10:36,40.70146,-70.87723,12.476
"EN617","8",14,2018-07-21 15:10:49,40.7015,-70.8772,12.472
"EN617","8",15,2018-07-21 15:12:54,40.70185,-70.87676,2.292
"EN617","8",16,2018-07-21 15:13:12,40.7019,-70.87668,2.269
"EN617","8",17,2018-07-21 15:13:26,40.70194,-70.8766,2.418
"EN617","8",18,2018-07-21 15:13:40,40.70196,-70.87654,2.514
"EN617","8",19,2018-07-21 15:13:54,40.70198,-70.87649,2.176
"EN617","8",20,2018-07-21 15:14:04,40.702,-70.87644,2.132
"EN617","8",21,2018-07-21 15:14:16,40.70202,-70.8764,2.215
"EN617","8",22,2018-07-21 15:14:28,40.70204,-70.87635,2.383
"EN617","8",23,2018-07-21 15:14:40,40.70206,-70.87632,2.418
"EN617","8",24,2018-07-21 15:14:50,40.70208,-70.87628,2.53
"EN617","9",1,2018-07-21 17:28:46,40.51833,-70.88108,72.122
"EN617","9",2,2018-07-21 17:28:57,40.51838,-70.88108,72.644
"EN617","9",3,2018-07-21 17:31:42,40.51916,-70.88112,46.613
"EN617","9",4,2018-07-21 17:31:51,40.5192,-70.88114,46.51
"EN617","9",5,2018-07-21 17:33:28,40.51965,-70.88118,35.5
"EN617","9",6,2018-07-21 17:33:35,40.5197,-70.88118,35.266
"EN617","9",7,2018-07-21 17:35:45,40.5203,-70.88122,20.184
"EN617","9",8,2018-07-21 17:35:52,40.52033,-70.8812,19.902
"EN617","9",9,2018-07-21 17:37:33,40.52082,-70.88122,14.776
"EN617","9",10,2018-07-21 17:37:40,40.52084,-70.88122,14.532
"EN617","9",11,2018-07-21 17:39:41,40.52142,-70.88128,4.436
"EN617","9",12,2018-07-21 17:39:47,40.52146,-70.88128,4.202
"EN617","9",13,2018-07-21 17:39:54,40.5215,-70.88128,4.451
"EN617","9",14,2018-07-21 17:40:01,40.52153,-70.88128,4.684
"EN617","9",15,2018-07-21 17:40:09,40.52156,-70.88128,4.585
"EN617","10",1,2018-07-21 21:46:29,40.36578,-70.77014,46.627
"EN617","10",2,2018-07-21 21:46:37,40.3658,-70.77014,46.486
"EN617","10",3,2018-07-21 21:48:43,40.36614,-70.76962,17
"EN617","10",4,2018-07-21 21:48:52,40.36618,-70.76956,17.363
"EN617","10",5,2018-07-21 21:50:12,40.36651,-70.7689,7.901
"EN617","10",6,2018-07-21 21:50:19,40.36653,-70.76885,8.265
"EN617","11",1,2018-07-21 23:24:05,40.36632,-70.9887,31.73
"EN617","11",2,2018-07-21 23:24:14,40.36638,-70.98872,31.688
"EN617","11",3,2018-07-21 23:26:05,40.3667,-70.9886,17.44
"EN617","11",4,2018-07-21 23:26:13,40.3667,-70.9886,17.263
"EN617","11",5,2018-07-21 23:27:53,40.36684,-70.9889,5.368
"EN617","11",6,2018-07-21 23:28:00,40.36686,-70.98892,5.587
"EN617","12",1,2018-07-22 02:14:34,40.36728,-70.88918,88.937
"EN617","12",2,2018-07-22 02:14:42,40.36732,-70.88918,89.609
"EN617","12",3,2018-07-22 02:16:03,40.36758,-70.88932,74.651
"EN617","12",4,2018-07-22 02:16:11,40.3676,-70.88934,75.008
"EN617","12",5,2018-07-22 02:18:05,40.36806,-70.88951,50.324
"EN617","12",6,2018-07-22 02:18:13,40.36808,-70.8895,50.807
"EN617","12",7,2018-07-22 02:20:06,40.36836,-70.88934,40.455
"EN617","12",8,2018-07-22 02:20:14,40.36838,-70.88932,40.272
"EN617","12",9,2018-07-22 02:20:21,40.3684,-70.8893,40.488
"EN617","12",10,2018-07-22 02:22:04,40.3687,-70.88926,28.669
"EN617","12",11,2018-07-22 02:22:11,40.36874,-70.88926,28.393
"EN617","12",12,2018-07-22 02:22:18,40.36875,-70.88926,28.171
"EN617","12",13,2018-07-22 02:22:26,40.36878,-70.88926,28.282
"EN617","12",14,2018-07-22 02:24:14,40.3691,-70.88928,20.206
"EN617","12",15,2018-07-22 02:24:25,40.36914,-70.88929,20.304
"EN617","12",16,2018-07-22 02:25:50,40.36936,-70.88922,14.386
"EN617","12",17,2018-07-22 02:25:56,40.36938,-70.88922,14.538
"EN617","12",18,2018-07-22 02:26:04,40.36938,-70.88922,14.669
"EN617","12",19,2018-07-22 02:26:11,40.3694,-70.88924,14.378
"EN617","12",20,2018-07-22 02:27:54,40.36966,-70.88926,4.752
"EN617","12",21,2018-07-22 02:28:00,40.36968,-70.88926,4.776
"EN617","12",22,2018-07-22 02:28:08,40.36972,-70.88926,4.69
"EN617","12",23,2018-07-22 02:28:14,40.36974,-70.88927,4.339
"EN617","12",24,2018-07-22 02:28:22,40.36976,-70.88928,4.559
"EN617","13",1,2018-07-22 05:09:00,40.23672,-70.89158,123.439
"EN617","13",2,2018-07-22 05:09:11,40.23676,-70.89156,123.384
"EN617","13",3,2018-07-22 05:10:56,40.23722,-70.8915,111.605
"EN617","13",4,2018-07-22 05:11:07,40.23726,-70.8915,111.836
"EN617","13",5,2018-07-22 05:13:05,40.23786,-70.89132,81.11
"EN617","13",6,2018-07-22 05:13:17,40.23792,-70.8913,81.803
"EN617","13",7,2018-07-22 05:15:19,40.23852,-70.89093,55.346
"EN617","13",8,2018-07-22 05:15:27,40.23856,-70.8909,55.682
"EN617","13",9,2018-07-22 05:16:58,40.23896,-70.89054,38.289
"EN617","13",10,2018-07-22 05:17:07,40.239,-70.8905,38.675
"EN617","13",11,2018-07-22 05:17:15,40.23903,-70.89048,38.619
"EN617","13",12,2018-07-22 05:18:41,40.23944,-70.89016,32.06
"EN617","13",13,2018-07-22 05:18:53,40.23948,-70.89012,31.986
"EN617","13",14,2018-07-22 05:20:34,40.23997,-70.88964,21.61
"EN617","13",15,2018-07-22 05:20:42,40.24,-70.88962,21.584
"EN617","13",16,2018-07-22 05:23:24,40.24087,-70.88916,3.62
"EN617","13",17,2018-07-22 05:23:34,40.24092,-70.88914,2.885
"EN617","13",18,2018-07-22 05:23:45,40.24099,-70.88912,3.433
"EN617","13",19,2018-07-22 05:24:05,40.24108,-70.88909,3.609
"EN617","14",1,2018-07-22 09:06:02,40.1408,-70.75892,128.339
"EN617","14",2,2018-07-22 09:06:18,40.14082,-70.75892,128.995
"EN617","14",3,2018-07-22 09:08:52,40.14136,-70.75928,109.217
"EN617","14",4,2018-07-22 09:09:09,40.14144,-70.7593,109.004
"EN617","14",5,2018-07-22 09:12:04,40.142,-70.75862,80.449
"EN617","14",6,2018-07-22 09:12:19,40.14204,-70.75856,80.403
"EN617","14",7,2018-07-22 09:14:52,40.14249,-70.75835,61.184
"EN617","14",8,2018-07-22 09:15:10,40.14254,-70.75846,61.09
"EN617","14",9,2018-07-22 09:15:19,40.14258,-70.75851,61.143
"EN617","14",10,2018-07-22 09:18:00,40.14332,-70.75908,38.583
"EN617","14",11,2018-07-22 09:18:09,40.14338,-70.7591,39.035
"EN617","14",12,2018-07-22 09:18:18,40.14342,-70.75912,39.175
"EN617","14",13,2018-07-22 09:20:38,40.14404,-70.7594,29.787
"EN617","14",14,2018-07-22 09:20:47,40.14408,-70.75944,30.388
"EN617","14",15,2018-07-22 09:23:08,40.14476,-70.75983,17.972
"EN617","14",16,2018-07-22 09:23:17,40.14481,-70.75986,17.729
"EN617","14",17,2018-07-22 09:26:08,40.14539,-70.75942,6.779
"EN617","14",18,2018-07-22 09:26:23,40.14536,-70.7594,6.875
"EN617","14",19,2018-07-22 09:26:32,40.14534,-70.75936,6.913
"EN617","14",20,2018-07-22 09:26:45,40.14532,-70.75937,7.02
"EN617","14",21,2018-07-22 09:26:55,40.1453,-70.75938,7.182
"EN617","14",22,2018-07-22 09:27:03,40.1453,-70.7594,6.945
"EN617","14",23,2018-07-22 09:27:13,40.14528,-70.7594,6.852
"EN617","14",24,2018-07-22 09:27:22,40.14528,-70.75944,7.125
"EN617","15",1,2018-07-22 13:47:44,40.0915,-70.77935,37.248
"EN617","15",2,2018-07-22 13:48:04,40.09147,-70.77932,34.916
"EN617","15",3,2018-07-22 13:51:29,40.09012,-70.77852,2.884
"EN617","15",4,2018-07-22 13:51:43,40.09001,-70.77848,3.639
"EN617","16",1,2018-07-22 15:57:57,40.09409,-70.99144,32.956
"EN617","16",2,2018-07-22 15:58:11,40.09406,-70.99138,32.608
"EN617","16",3,2018-07-22 16:00:53,40.09364,-70.99086,4.923
"EN617","16",4,2018-07-22 16:01:08,40.09358,-70.99076,6.334
"EN617","17",1,2018-07-22 18:25:40,40.09799,-70.87382,144.515
"EN617","17",2,2018-07-22 18:25:49,40.09798,-70.87378,145.834
"EN617","17",3,2018-07-22 18:28:32,40.09774,-70.8732,99.58
"EN617","17",4,2018-07-22 18:28:40,40.09772,-70.87316,99.462
"EN617","17",5,2018-07-22 18:31:56,40.09717,-70.87218,57.401
"EN617","17",6,2018-07-22 18:32:05,40.09714,-70.87216,57.787
"EN617","17",7,2018-07-22 18:33:34,40.09692,-70.87189,42.415
"EN617","17",8,2018-07-22 18:33:40,40.0969,-70.87188,42.104
"EN617","17",9,2018-07-22 18:33:47,40.09688,-70.87184,42.639
"EN617","17",10,2018-07-22 18:34:51,40.09676,-70.87157,30.053
"EN617","17",11,2018-07-22 18:34:57,40.09673,-70.87155,30.389
"EN617","17",12,2018-07-22 18:35:05,40.09673,-70.8715,31.862
"EN617","17",13,2018-07-22 18:36:14,40.0966,-70.87122,21.917
"EN617","17",14,2018-07-22 18:36:21,40.09658,-70.87122,21.325
"EN617","17",15,2018-07-22 18:37:04,40.09648,-70.8711,14.766
"EN617","17",16,2018-07-22 18:37:11,40.09646,-70.87108,14.424
"EN617","17",17,2018-07-22 18:38:17,40.09628,-70.87085,5.579
"EN617","17",18,2018-07-22 18:38:24,40.09628,-70.87082,6.385
"EN617","17",19,2018-07-22 18:38:29,40.09627,-70.87081,5.434
"EN617","18",1,2018-07-22 21:53:53,39.94944,-70.88313,152.352
"EN617","18",2,2018-07-22 21:54:01,39.94944,-70.88312,152.136
"EN617","18",3,2018-07-22 21:56:36,39.94938,-70.88261,119.187
"EN617","18",4,2018-07-22 21:56:44,39.94938,-70.88259,119.916
"EN617","18",5,2018-07-22 21:59:12,39.94932,-70.88202,75.408
"EN617","18",6,2018-07-22 21:59:20,39.9493,-70.88198,75.04
"EN617","18",7,2018-07-22 22:01:22,39.9493,-70.88157,54.988
"EN617","18",8,2018-07-22 22:01:30,39.9493,-70.88156,54.928
"EN617","18",9,2018-07-22 22:03:12,39.9492,-70.88126,39.97
"EN617","18",10,2018-07-22 22:03:20,39.9492,-70.88124,39.981
"EN617","18",11,2018-07-22 22:05:13,39.94912,-70.8808,25.003
"EN617","18",12,2018-07-22 22:05:22,39.94912,-70.88076,24.672
"EN617","18",13,2018-07-22 22:06:44,39.94907,-70.88048,14.754
"EN617","18",14,2018-07-22 22:06:51,39.94905,-70.88044,15.05
"EN617","18",15,2018-07-22 22:08:32,39.94903,-70.88009,4.741
"EN617","18",16,2018-07-22 22:08:38,39.94902,-70.88006,4.767
"EN617","18",17,2018-07-22 22:08:44,39.94902,-70.88004,4.973
"EN617","18",18,2018-07-22 22:08:50,39.94902,-70.88004,4.761
"EN617","18",19,2018-07-22 22:08:56,39.94902,-70.88002,4.748
"EN617","18",20,2018-07-22 22:09:02,39.94902,-70.88,5.353
"EN617","18",21,2018-07-22 22:09:08,39.94901,-70.87998,4.826
"EN617","18",22,2018-07-22 22:09:13,39.949,-70.87998,4.675
"EN617","18",23,2018-07-22 22:09:20,39.94898,-70.87996,5.171
"EN617","18",24,2018-07-22 22:09:25,39.94898,-70.87995,5.171
"EN617","19",1,2018-07-23 08:32:15,39.7729,-70.75858,40.507
"EN617","19",2,2018-07-23 08:32:26,39.77289,-70.7585,40.631
"EN617","19",3,2018-07-23 08:35:27,39.77277,-70.75705,4.666
"EN617","19",4,2018-07-23 08:35:38,39.77275,-70.75696,5.031
"EN617","20",1,2018-07-23 10:44:43,39.7701,-70.98067,44.118
"EN617","20",2,2018-07-23 10:44:59,39.77008,-70.98058,43.449
"EN617","20",3,2018-07-23 10:48:54,39.7698,-70.97938,5.403
"EN617","20",4,2018-07-23 10:49:13,39.76976,-70.97928,5.896
"EN617","21",1,2018-07-23 13:27:36,39.76958,-70.87106,693.022
"EN617","21",2,2018-07-23 13:32:45,39.7685,-70.86876,501.696
"EN617","21",3,2018-07-23 13:38:58,39.76706,-70.86601,304.793
"EN617","21",4,2018-07-23 13:45:10,39.76635,-70.864,151.268
"EN617","21",5,2018-07-23 13:48:35,39.76597,-70.8629,80.606
"EN617","21",6,2018-07-23 13:48:51,39.76596,-70.8628,80.579
"EN617","21",7,2018-07-23 13:51:13,39.76576,-70.86199,60.019
"EN617","21",8,2018-07-23 13:53:16,39.76546,-70.86131,50.255
"EN617","21",9,2018-07-23 13:55:32,39.76506,-70.86052,40.476
"EN617","21",10,2018-07-23 13:57:45,39.76476,-70.85978,30.159
"EN617","21",11,2018-07-23 13:57:56,39.76476,-70.85972,30.57
"EN617","21",12,2018-07-23 13:58:06,39.76472,-70.85964,30.24
"EN617","21",13,2018-07-23 13:58:16,39.7647,-70.85961,30.499
"EN617","21",14,2018-07-23 13:58:26,39.76468,-70.85954,30.449
"EN617","21",15,2018-07-23 13:58:36,39.76466,-70.85947,30.216
"EN617","21",16,2018-07-23 14:00:42,39.76436,-70.85874,20.679
"EN617","21",17,2018-07-23 14:00:54,39.76431,-70.85867,20.914
"EN617","21",18,2018-07-23 14:01:04,39.76426,-70.85861,20.621
"EN617","21",19,2018-07-23 14:04:05,39.76378,-70.85765,4.622
"EN617","21",20,2018-07-23 14:04:12,39.76376,-70.8576,4.58
"EN617","21",21,2018-07-23 14:04:20,39.76375,-70.85755,5.166
"EN617","21",22,2018-07-23 14:04:39,39.76372,-70.85742,4.442
"EN617","21",23,2018-07-23 14:04:49,39.7637,-70.85734,5.531
"EN617","21",24,2018-07-23 14:05:01,39.76366,-70.85726,5.759
"EN617","22",1,2018-07-23 15:52:00,39.77128,-70.87102,4.808
"EN617","22",2,2018-07-23 15:52:07,39.77127,-70.87099,4.72
"EN617","23",1,2018-07-23 17:48:56,39.94066,-70.76242,4.224
"EN617","24",1,2018-07-23 20:59:47,40.36714,-70.76726,88.169
"EN617","25",1,2018-07-24 08:00:59,39.77252,-70.8661,4.706
"EN617","26",1,2018-07-24 11:37:33,39.94856,-70.87892,8.378
"EN617","27",1,2018-07-24 13:08:24,40.10538,-70.88898,4.656
"EN617","27",2,2018-07-24 13:08:31,40.10538,-70.88898,4.813
"EN617","28",1,2018-07-24 14:22:00,40.22642,-70.88532,5.55
"EN617","28",2,2018-07-24 14:22:09,40.22642,-70.8853,5.884
"EN617","29",1,2018-07-24 15:41:18,40.36922,-70.88737,4.014
"EN617","29",2,2018-07-24 15:41:26,40.36926,-70.88736,4.418
"EN617","30",1,2018-07-24 16:56:58,40.51502,-70.87688,5.118
"EN617","30",2,2018-07-24 16:57:05,40.51503,-70.87685,5.115
"EN617","31",1,2018-07-24 18:29:58,40.69792,-70.87962,4.304
"EN617","31",2,2018-07-24 18:30:07,40.69794,-70.87958,4.282
"EN617","32",1,2018-07-24 19:57:03,40.86286,-70.87524,3.902
"EN617","32",2,2018-07-24 19:57:10,40.86286,-70.87521,3.164
"EN617","33",1,2018-07-24 21:44:25,41.02872,-70.87727,4.07
"EN617","33",2,2018-07-24 21:44:32,41.02872,-70.87724,4.001
"EN617","34",1,2018-07-24 23:12:40,41.19692,-70.88183,2.877
"EN617","34",2,2018-07-24 23:12:49,41.19692,-70.88182,2.871
"EN617","35",1,2018-07-25 01:19:12,41.32418,-70.58549,13.875
"EN617","35",2,2018-07-25 01:19:19,41.32422,-70.58548,13.615
"EN617","35",3,2018-07-25 01:19:26,41.32423,-70.58546,13.473
"EN617","35",4,2018-07-25 01:21:08,41.32446,-70.5853,7.772
"EN617","35",5,2018-07-25 01:21:17,41.32447,-70.58528,7.829
"EN617","35",6,2018-07-25 01:21:25,41.32448,-70.58528,8.197
"EN617","35",7,2018-07-25 01:22:41,41.32462,-70.5852,4.181
"EN617","35",8,2018-07-25 01:22:48,41.32464,-70.58518,4.319
"EN617","35",9,2018-07-25 01:22:55,41.32466,-70.58517,4.346
"AR31A","1",1,2018-10-21 07:48:55,40.3615,-70.881333,86.704
"AR31A","1",2,2018-10-21 07:49:09,40.3615,-70.881333,86.421
"AR31A","1",3,2018-10-21 07:51:49,40.3615,-70.881333,65.207
"AR31A","1",4,2018-10-21 07:52:01,40.3615,-70.881333,64.043
"AR31A","1",5,2018-10-21 07:54:51,40.3615,-70.881333,45.49
"AR31A","1",6,2018-10-21 07:55:30,40.3615,-70.881333,44.236
"AR31A","1",7,2018-10-21 07:57:58,40.3615,-70.881333,29.643
"AR31A","1",8,2018-10-21 07:58:11,40.3615,-70.881333,30.379
"AR31A","1",9,2018-10-21 08:00:37,40.3615,-70.881333,15.302
"AR31A","1",10,2018-10-21 08:00:54,40.3615,-70.881333,15.898
"AR31A","1",11,2018-10-21 08:03:28,40.3615,-70.881333,5.331
"AR31A","1",12,2018-10-21 08:03:48,40.3615,-70.881333,4.38
"AR31A","2",1,2018-10-21 10:11:58,40.515333,-70.880833,68.513
"AR31A","2",2,2018-10-21 10:12:10,40.515333,-70.880833,67.889
"AR31A","2",3,2018-10-21 10:14:31,40.515333,-70.880833,56.102
"AR31A","2",4,2018-10-21 10:14:45,40.515333,-70.880833,56.517
"AR31A","2",5,2018-10-21 10:17:13,40.515333,-70.880833,39.732
"AR31A","2",6,2018-10-21 10:17:24,40.515333,-70.880833,39.422
"AR31A","2",7,2018-10-21 10:19:35,40.515333,-70.880833,24.919
"AR31A","2",8,2018-10-21 10:19:47,40.515333,-70.880833,24.531
"AR31A","2",9,2018-10-21 10:22:30,40.515333,-70.880833,2.899
"AR31A","2",10,2018-10-21 10:22:39,40.515333,-70.880833,2.481
"AR31A","2",11,2018-10-21 10:22:49,40.515333,-70.880833,3.127
"AR31A","2",12,2018-10-21 10:23:01,40.515333,-70.880833,2.819
"AR31A","3",1,2018-10-21 12:09:22,40.696333,-70.883833,56.758
"AR31A","3",2,2018-10-21 12:09:36,40.696333,-70.883833,57.228
"AR31A","3",3,2018-10-21 12:12:27,40.696333,-70.883833,35.306
"AR31A","3",4,2018-10-21 12:12:38,40.696333,-70.883833,35.454
"AR31A","3",5,2018-10-21 12:15:09,40.696333,-70.883833,14.076
"AR31A","3",6,2018-10-21 12:15:29,40.696333,-70.883833,14.322
"AR31A","3",7,2018-10-21 12:17:49,40.696333,-70.883833,2.295
"AR31A","3",8,2018-10-21 12:18:01,40.696333,-70.883833,2.452
"AR31A","3",9,2018-10-21 12:18:27,40.696333,-70.883833,2.262
"AR31A","4",1,2018-10-21 14:13:41,40.863167,-70.883667,46.228
"AR31A","4",2,2018-10-21 14:13:58,40.863167,-70.883667,47.059
"AR31A","4",3,2018-10-21 14:15:59,40.863167,-70.883667,40.24
"AR31A","4",4,2018-10-21 14:16:08,40.863167,-70.883667,39.944
"AR31A","4",5,2018-10-21 14:19:03,40.863167,-70.883667,20.273
"AR31A","4",6,2018-10-21 14:19:15,40.863167,-70.883667,20.363
"AR31A","4",7,2018-10-21 14:21:38,40.863167,-70.883667,3.048
"AR31A","4",8,2018-10-21 14:21:50,40.863167,-70.883667,3.092
"AR31A","4",9,2018-10-21 14:22:04,40.863167,-70.883667,2.636
"AR31A","5",1,2018-10-21 16:19:27,41.031167,-70.882833,39.52
"AR31A","5",2,2018-10-21 16:19:48,41.031167,-70.882833,39.778
"AR31A","5",3,2018-10-21 16:21:46,41.031167,-70.882833,29.815
"AR31A","5",4,2018-10-21 16:21:54,41.031167,-70.882833,29.694
"AR31A","5",5,2018-10-21 16:24:17,41.031167,-70.882833,14.925
"AR31A","5",6,2018-10-21 16:24:27,41.031167,-70.882833,14.858
"AR31A","5",7,2018-10-21 16:26:34,41.031167,-70.882833,3.065
"AR31A","5",8,2018-10-21 16:26:46,41.031167,-70.882833,3.227
"AR31A","5",9,2018-10-21 16:26:58,41.031167,-70.882833,3.488
"AR31A","6",1,2018-10-21 17:53:39,41.1965,-70.883167,17.004
"AR31A","6",2,2018-10-21 17:53:53,41.1965,-70.883167,16.803
"AR31A","6",3,2018-10-21 17:56:05,41.1965,-70.883167,3.411
"AR31A","6",4,2018-10-21 17:56:14,41.1965,-70.883167,3.436
"AR31A","6",5,2018-10-21 17:56:29,41.1965,-70.883167,2.655
"AR31B","1",1,2018-10-25 16:28:29,39.939833,-70.8835,437.031592894192
"AR31B","1",2,2018-10-25 16:28:43,39.939833,-70.8835,437.000895619598
"AR31B","1",3,2018-10-25 16:34:22,39.939833,-70.8835,251.932060183355
"AR31B","1",4,2018-10-25 16:34:37,39.939833,-70.8835,252.044057283796
"AR31B","1",5,2018-10-25 16:38:46,39.939833,-70.8835,117.53415514558
"AR31B","1",6,2018-10-25 16:39:00,39.939833,-70.8835,117.219762496397
"AR31B","1",7,2018-10-25 16:45:08,39.939833,-70.8835,7.94355612997196
"AR31B","1",8,2018-10-25 16:45:29,39.939833,-70.8835,7.89592548221902
"AR31B","2",1,2018-10-25 21:04:59,39.879167,-70.896333,661.633988677953
"AR31B","2",2,2018-10-25 21:07:55,39.879167,-70.896333,601.625515569681
"AR31B","2",3,2018-10-25 21:11:16,39.879167,-70.896333,502.959594745871
"AR31B","2",4,2018-10-25 21:14:43,39.879167,-70.896333,401.389210905286
"AR31B","2",5,2018-10-25 21:19:27,39.879167,-70.896333,231.977057598618
"AR31B","2",6,2018-10-25 21:23:15,39.879167,-70.896333,102.851971338346
"AR31B","2",7,2018-10-25 21:26:59,39.879167,-70.896333,50.5549301155962
"AR31B","2",8,2018-10-25 21:29:41,39.879167,-70.896333,15.7698032119867
"AR31B","2",9,2018-10-25 21:31:05,39.879167,-70.896333,2.95717879155305
"AR31B","3",1,2018-10-26 00:59:36,40.064333,-70.6695,126.611222394886
"AR31B","3",2,2018-10-26 00:59:46,40.064333,-70.6695,126.369242810211
"AR31B","3",3,2018-10-26 01:02:39,40.064333,-70.6695,81.9175076332811
"AR31B","3",4,2018-10-26 01:05:23,40.064333,-70.6695,41.9822665152326
"AR31B","3",5,2018-10-26 01:07:19,40.064333,-70.6695,22.0345455038094
"AR31B","3",6,2018-10-26 01:09:17,40.064333,-70.6695,2.57310161355094
"AR31B","4",1,2018-10-26 23:09:48,40.367667,-70.882333,88.5500115110534
"AR31B","4",2,2018-10-26 23:09:58,40.367667,-70.882333,88.6462234422462
"AR31B","4",3,2018-10-26 23:10:08,40.367667,-70.882333,88.6303534360889
"AR31B","4",4,2018-10-26 23:13:13,40.367667,-70.882333,42.0912310560088
"AR31B","4",5,2018-10-26 23:13:22,40.367667,-70.882333,42.2053226227575
"AR31B","4",6,2018-10-26 23:15:22,40.367667,-70.882333,22.5449187430333
"AR31B","4",7,2018-10-26 23:15:30,40.367667,-70.882333,22.1956655882633
"AR31B","4",8,2018-10-26 23:17:27,40.367667,-70.882333,7.10279563133085
"AR31B","4",9,2018-10-26 23:17:35,40.367667,-70.882333,7.17920044632531
"AR31B","5",1,2018-10-29 04:18:08,40.363333,-70.883167,88.4369725421655
"AR31B","5",2,2018-10-29 04:18:21,40.363333,-70.883167,88.5738514880922
"AR31B","5",3,2018-10-29 04:22:13,40.363333,-70.883167,39.4482728800033
"AR31B","5",4,2018-10-29 04:22:21,40.363333,-70.883167,39.4581940203499
"AR31B","5",5,2018-10-29 04:24:23,40.363333,-70.883167,20.6696685943307
"AR31B","5",6,2018-10-29 04:24:33,40.363333,-70.883167,20.8879536000528
"AR31B","5",7,2018-10-29 04:26:07,40.363333,-70.883167,7.4391779937848
"AR31B","5",8,2018-10-29 04:26:17,40.363333,-70.883167,7.87676827371975
"AR31B","6",1,2018-10-29 17:37:56,40.135333,-70.773833,129.328671325533
"AR31B","6",2,2018-10-29 17:38:12,40.135333,-70.773833,129.974266667606
"AR31B","6",3,2018-10-29 17:42:18,40.135333,-70.773833,67.5592966249778
"AR31B","6",4,2018-10-29 17:42:29,40.135333,-70.773833,67.8697919013126
"AR31B","6",5,2018-10-29 17:45:39,40.135333,-70.773833,22.9611337717904
"AR31B","6",6,2018-10-29 17:45:52,40.135333,-70.773833,23.2716966993345
"AR31B","6",7,2018-10-29 17:47:38,40.135333,-70.773833,6.70305195394277
"AR31B","6",8,2018-10-29 17:47:50,40.135333,-70.773833,6.98387080208148
"AR31B","6",9,2018-10-29 17:48:04,40.135333,-70.773833,7.09500748356151
"AR31B","6",10,2018-10-29 17:48:10,40.135333,-70.773833,7.75190342126035
"AR31B","6",11,2018-10-29 17:48:17,40.135333,-70.773833,8.07638145202212
"AR31B","6",12,2018-10-29 17:48:23,40.135333,-70.773833,7.63779023000465
"AR31B","6",13,2018-10-29 17:48:30,40.135333,-70.773833,7.45024754261635
"AR31B","6",14,2018-10-29 17:48:36,40.135333,-70.773833,7.83922477679277
"AR31B","6",15,2018-10-29 17:48:44,40.135333,-70.773833,7.41551739645339
"AR31B","6",16,2018-10-29 17:48:50,40.135333,-70.773833,7.4919237102285
"AR31B","6",17,2018-10-29 17:48:56,40.135333,-70.773833,7.46910104806407
"AR31B","6",18,2018-10-29 17:49:04,40.135333,-70.773833,7.19721348555332
"AR31B","6",19,2018-10-29 17:49:11,40.135333,-70.773833,7.19125973926521
"AR31B","6",20,2018-10-29 17:49:17,40.135333,-70.773833,7.36689518191909
"AR31B","6",21,2018-10-29 17:49:24,40.135333,-70.773833,8.21133240807201
"AR31B","6",22,2018-10-29 17:49:34,40.135333,-70.773833,7.31132692258535
"AR31B","6",23,2018-10-29 17:49:40,40.135333,-70.773833,5.38528203329543
"AR31B","6",24,2018-10-29 17:49:47,40.135333,-70.773833,3.43738820534743
"AR31B","7",1,2018-10-30 22:48:49,40.030333,-70.708,182.622379603661
"AR31B","7",2,2018-10-30 22:51:13,40.030333,-70.708,142.959500665203
"AR31B","7",3,2018-10-30 22:53:38,40.030333,-70.708,102.160239206322
"AR31B","7",4,2018-10-30 22:57:02,40.030333,-70.708,51.5264820636136
"AR31B","7",5,2018-10-30 22:59:21,40.030333,-70.708,23.3512966432025
"AR31B","7",6,2018-10-30 23:01:19,40.030333,-70.708,3.05736258659961
"AR31B","8",1,2018-10-31 02:14:26,40.329,-70.906667,95.6322191366676
"AR31B","8",2,2018-10-31 02:14:46,40.329,-70.906667,95.8295962011261
"AR31B","8",3,2018-10-31 02:17:38,40.329,-70.906667,56.6460247689852
"AR31B","8",4,2018-10-31 02:17:48,40.329,-70.906667,57.0269654015481
"AR31B","8",5,2018-10-31 02:20:15,40.329,-70.906667,26.9007058532072
"AR31B","8",6,2018-10-31 02:20:28,40.329,-70.906667,27.2172103869674
"AR31B","8",7,2018-10-31 02:22:42,40.329,-70.906667,6.7704085789339
"AR31B","8",8,2018-10-31 02:22:51,40.329,-70.906667,7.21494757195592
"AR31C","1",1,2018-11-02 15:21:20,40.137167,-70.775833,126.389231931726
"AR31C","1",2,2018-11-02 15:21:39,40.137167,-70.775833,127.095330746686
"AR31C","1",3,2018-11-02 15:25:37,40.137167,-70.775833,66.6724369790475
"AR31C","1",4,2018-11-02 15:25:50,40.137167,-70.775833,66.7825492347339
"AR31C","1",5,2018-11-02 15:29:08,40.137167,-70.775833,27.1531928986213
"AR31C","1",6,2018-11-02 15:29:18,40.137167,-70.775833,27.1125129370071
"AR31C","1",7,2018-11-02 15:31:26,40.137167,-70.775833,7.26568034354249
"AR31C","1",8,2018-11-02 15:31:38,40.137167,-70.775833,7.52169114161145
"AR31C","2",1,2018-11-02 21:09:04,40.098,-70.883833,141.908475092306
"AR31C","2",2,2018-11-02 21:09:13,40.098,-70.883833,142.29124855227
"AR31C","2",3,2018-11-02 21:13:25,40.098,-70.883833,77.5080704863467
"AR31C","2",4,2018-11-02 21:13:38,40.098,-70.883833,76.4863557038014
"AR31C","2",5,2018-11-02 21:17:07,40.098,-70.883833,27.3547056266696
"AR31C","2",6,2018-11-02 21:17:16,40.098,-70.883833,27.1651959798475
"AR31C","2",7,2018-11-02 21:19:12,40.098,-70.883833,6.93626432482996
"AR31C","2",8,2018-11-02 21:19:24,40.098,-70.883833,6.98885598848554
"AR31C","3",1,2018-11-03 12:02:33,40.363667,-70.883,88.589718810328
"AR31C","4",1,2018-11-04 17:14:31,40.364667,-70.775167,88.8466064374795
"AR31C","4",2,2018-11-04 17:14:45,40.364667,-70.775167,89.1213555305985
"AR31C","4",3,2018-11-04 17:17:45,40.364667,-70.775167,57.6934224279916
"AR31C","4",4,2018-11-04 17:17:54,40.364667,-70.775167,58.0247586845206
"AR31C","4",5,2018-11-04 17:20:38,40.364667,-70.775167,26.2547116932525
"AR31C","4",6,2018-11-04 17:20:54,40.364667,-70.775167,25.8598245086339
"AR31C","4",7,2018-11-04 17:23:02,40.364667,-70.775167,7.92538839534114
"AR31C","4",8,2018-11-04 17:23:09,40.364667,-70.775167,7.43223120587944
"AR31C","6",1,2018-11-05 02:52:28,40.137333,-70.776333,92.7485392761126
"AR31C","6",2,2018-11-05 02:53:02,40.137333,-70.776333,92.9072394207577
"AR31C","6",3,2018-11-05 03:06:53,40.137333,-70.776333,57.4654532919829
"AR31C","6",4,2018-11-05 03:09:16,40.137333,-70.776333,57.5061272213846
"AR31C","6",5,2018-11-05 03:14:00,40.137333,-70.776333,43.3064666920363
"AR31C","6",6,2018-11-05 03:14:40,40.137333,-70.776333,42.9899815173677
"AR31C","6",7,2018-11-05 03:19:57,40.137333,-70.776333,32.8502915497617
"AR31C","6",8,2018-11-05 03:21:10,40.137333,-70.776333,33.494206563829
"AR31C","6",9,2018-11-05 03:33:40,40.137333,-70.776333,3.37387978833771
"AR31C","6",10,2018-11-05 03:33:52,40.137333,-70.776333,2.49568408351988
"AR31C","11",1,2018-11-05 15:30:05,40.226,-70.885167,120.071940881435
"AR31C","11",2,2018-11-05 15:30:14,40.226,-70.885167,120.17805661288
"AR31C","11",3,2018-11-05 15:34:29,40.226,-70.885167,57.3181679299548
"AR31C","11",4,2018-11-05 15:34:37,40.226,-70.885167,57.30923957096
"AR31C","11",5,2018-11-05 15:37:26,40.226,-70.885167,37.3513999600645
"AR31C","11",6,2018-11-05 15:37:35,40.226,-70.885167,37.235319941676
"AR31C","11",7,2018-11-05 15:40:03,40.226,-70.885167,7.2457759774862
"AR31C","11",8,2018-11-05 15:40:14,40.226,-70.885167,7.19814640649761
"AR31C","12",1,2018-11-06 15:21:34,39.939667,-70.8835,439.442806658292
"AR31C","12",2,2018-11-06 15:21:53,39.939667,-70.8835,440.008223235268
"AR31C","12",3,2018-11-06 15:27:05,39.939667,-70.8835,242.334775893693
"AR31C","12",4,2018-11-06 15:27:20,39.939667,-70.8835,242.178170760952
"AR31C","12",5,2018-11-06 15:31:07,39.939667,-70.8835,119.258844950058
"AR31C","12",6,2018-11-06 15:31:13,39.939667,-70.8835,120.247633097732
"AR31C","12",7,2018-11-06 15:36:23,39.939667,-70.8835,7.89989482240821
"AR31C","12",8,2018-11-06 15:36:36,39.939667,-70.8835,8.01004067803012
"AR31C","13",1,2018-11-06 18:36:00,39.939667,-70.775167,446.977276147075
"AR31C","14",1,2018-11-06 19:38:25,40.007,-70.775333,261.352875271246
"AR31C","15",1,2018-11-06 20:32:24,40.073167,-70.776333,135.40548937149
"AR31C","16",1,2018-11-06 21:20:27,40.138333,-70.776,127.876783264871
"AR31C","17",1,2018-11-06 22:18:08,40.220667,-70.775,120.635304731457
"AR31C","18",1,2018-11-06 23:10:42,40.294,-70.774667,110.427389141332
"AR31C","19",1,2018-11-07 00:05:52,40.366333,-70.774667,88.0183760788635
"AR31C","20",1,2018-11-07 16:52:28,39.941667,-70.779667,446.766285074375
"AR31C","20",2,2018-11-07 16:52:37,39.941667,-70.779667,446.292974807557
"AR31C","20",3,2018-11-07 16:58:54,39.941667,-70.779667,201.47558497336
"AR31C","20",4,2018-11-07 16:59:07,39.941667,-70.779667,201.676832644942
"AR31C","20",5,2018-11-07 17:02:04,39.941667,-70.779667,126.552138146816
"AR31C","20",6,2018-11-07 17:02:18,39.941667,-70.779667,126.668170567387
"AR31C","20",7,2018-11-07 17:07:26,39.941667,-70.779667,8.12514651920057
"AR31C","20",8,2018-11-07 17:07:33,39.941667,-70.779667,7.99317004465215
"AR32","1",1,2018-11-12 16:30:12,41.19624,-70.88314,19.322
"AR32","1",2,2018-11-12 16:31:18,41.19624,-70.88314,19.238
"AR32","1",3,2018-11-12 16:32:56,41.19624,-70.88314,4.834
"AR32","1",4,2018-11-12 16:33:13,41.19624,-70.88314,4.793
"AR32","1",5,2018-11-12 16:34:05,41.19624,-70.88314,2.519
"AR32","1",6,2018-11-12 16:34:14,41.19624,-70.88314,2.475
"AR32","2",1,2018-11-12 19:27:47,40.86118,-70.8816,50.035
"AR32","2",2,2018-11-12 19:28:02,40.86118,-70.8816,50.032
"AR32","2",3,2018-11-12 19:30:11,40.86118,-70.88158,23.186
"AR32","2",4,2018-11-12 19:30:20,40.86118,-70.88158,23.203
"AR32","2",5,2018-11-12 19:31:38,40.86118,-70.8816,2.378
"AR32","2",6,2018-11-12 19:31:46,40.86118,-70.8816,2.391
"AR32","3",1,2018-11-12 22:29:02,40.51338,-70.883,72.298
"AR32","3",2,2018-11-12 22:29:16,40.51338,-70.88302,72.294
"AR32","3",3,2018-11-12 22:33:23,40.51322,-70.88358,34.608
"AR32","3",4,2018-11-12 22:33:34,40.51322,-70.8836,34.599
"AR32","3",5,2018-11-12 22:36:02,40.51312,-70.88396,1.829
"AR32","3",6,2018-11-12 22:36:09,40.51312,-70.88398,1.709
"AR32","4",1,2018-11-13 00:16:56,40.3637,-70.87768,87.463
"AR32","4",2,2018-11-13 00:17:48,40.3637,-70.87768,87.397
"AR32","4",3,2018-11-13 00:20:33,40.3637,-70.87768,74.453
"AR32","4",4,2018-11-13 00:21:15,40.3637,-70.87768,74.446
"AR32","4",5,2018-11-13 00:22:43,40.3637,-70.87768,64.547
"AR32","4",6,2018-11-13 00:22:54,40.3637,-70.87768,64.592
"AR32","4",7,2018-11-13 00:25:37,40.3637,-70.87768,39.822
"AR32","4",8,2018-11-13 00:25:47,40.3637,-70.87768,39.826
"AR32","4",9,2018-11-13 00:27:44,40.3637,-70.87768,19.805
"AR32","4",10,2018-11-13 00:27:54,40.3637,-70.87768,19.717
"AR32","4",11,2018-11-13 00:29:47,40.3637,-70.87768,1.751
"AR32","4",12,2018-11-13 00:30:01,40.3637,-70.87768,1.841
"AR32","5",1,2018-11-13 02:19:45,40.22822,-70.87789,120.729
"AR32","5",2,2018-11-13 02:20:11,40.22822,-70.87788,120.615
"AR32","5",3,2018-11-13 02:21:57,40.22822,-70.8779,93.502
"AR32","5",4,2018-11-13 02:22:08,40.22822,-70.8779,93.634
"AR32","5",5,2018-11-13 02:23:57,40.22822,-70.87788,63.908
"AR32","5",6,2018-11-13 02:24:07,40.22822,-70.87788,63.81
"AR32","5",7,2018-11-13 02:25:47,40.22822,-70.87788,46.928
"AR32","5",8,2018-11-13 02:25:56,40.22822,-70.87788,46.96
"AR32","5",9,2018-11-13 02:27:35,40.22822,-70.8779,19.203
"AR32","5",10,2018-11-13 02:27:45,40.22822,-70.87788,19.202
"AR32","5",11,2018-11-13 02:29:17,40.22822,-70.87788,2.258
"AR32","5",12,2018-11-13 02:29:25,40.22822,-70.87788,2.173
"AR32","6",1,2018-11-13 05:25:33,39.94124,-70.89272,426.362
"AR32","6",2,2018-11-13 05:26:10,39.94124,-70.89272,426.507
"AR32","6",3,2018-11-13 05:30:49,39.94124,-70.89272,250.391
"AR32","6",4,2018-11-13 05:31:05,39.94124,-70.89272,250.411
"AR32","6",5,2018-11-13 05:33:35,39.94124,-70.89272,151.686
"AR32","6",6,2018-11-13 05:33:46,39.94124,-70.89272,151.674
"AR32","6",7,2018-11-13 05:37:15,39.94124,-70.89272,46.164
"AR32","6",8,2018-11-13 05:37:28,39.94124,-70.89272,46.414
"AR32","6",9,2018-11-13 05:39:47,39.94124,-70.89272,20.277
"AR32","6",10,2018-11-13 05:39:55,39.94124,-70.89272,20.376
"AR32","6",11,2018-11-13 05:41:45,39.94124,-70.89272,2.17
"AR32","6",12,2018-11-13 05:41:54,39.94124,-70.89272,1.951
"AR32","7",1,2018-11-13 07:57:44,39.77506,-70.88098,1000.616
"AR32","7",2,2018-11-13 07:58:04,39.77506,-70.88096,1000.499
"AR32","7",3,2018-11-13 08:03:10,39.77532,-70.88046,750.823
"AR32","7",4,2018-11-13 08:03:27,39.77532,-70.88044,751.051
"AR32","7",5,2018-11-13 08:08:41,39.77545,-70.88012,500.661
"AR32","7",6,2018-11-13 08:08:54,39.77546,-70.8801,501.042
"AR32","7",7,2018-11-13 08:14:13,39.77568,-70.87966,251.037
"AR32","7",8,2018-11-13 08:14:26,39.77568,-70.87965,251.162
"AR32","7",9,2018-11-13 08:19:28,39.77584,-70.87932,61.823
"AR32","7",10,2018-11-13 08:19:37,39.77584,-70.87932,61.737
"AR32","7",11,2018-11-13 08:22:47,39.77592,-70.87916,2.421
"AR32","7",12,2018-11-13 08:22:55,39.77592,-70.87914,2.607
"AR32","8",1,2018-11-13 14:11:52,40.02112,-70.88114,241.332
"AR32","9",1,2018-11-13 15:09:15,40.10214,-70.88792,139.56
"AR32","9",2,2018-11-13 15:09:23,40.10215,-70.88791,139.562
"AR32","9",3,2018-11-13 15:12:26,40.10229,-70.88732,52.544
"AR32","9",4,2018-11-13 15:12:37,40.10232,-70.88729,51.305
"AR32","9",5,2018-11-13 15:15:13,40.1023,-70.88716,2.795
"AR32","9",6,2018-11-13 15:15:21,40.10228,-70.88716,2.447
"AR32","10",1,2018-11-13 16:18:34,40.1639,-70.88787,128.852
"AR32","10",2,2018-11-13 16:18:48,40.16392,-70.88786,128.682
"AR32","11",1,2018-11-13 19:46:19,40.69613,-70.8793,56.452
"AR32","11",2,2018-11-13 19:46:45,40.69608,-70.87917,56.845
"AR32","11",3,2018-11-13 19:49:15,40.69574,-70.87873,25.218
"AR32","11",4,2018-11-13 19:49:29,40.69572,-70.87864,24.733
"AR32","11",5,2018-11-13 19:51:17,40.69561,-70.87813,2.402
"AR32","11",6,2018-11-13 19:51:29,40.6956,-70.87811,3.52
"AR32","12",1,2018-11-13 22:34:38,41.02866,-70.88606,38.987
"AR32","12",2,2018-11-13 22:34:45,41.02866,-70.88606,40.716
"AR32","12",3,2018-11-13 22:35:57,41.02856,-70.88604,24.571
"AR32","12",4,2018-11-13 22:36:04,41.02853,-70.88605,23.243
"AR32","12",5,2018-11-13 22:37:23,41.02838,-70.88609,3
"AR32","12",6,2018-11-13 22:37:29,41.02836,-70.8861,2.197
"EN627","2",1,2019-02-01 21:14:19,41.20087,-70.88334,17.7
"EN627","2",2,2019-02-01 21:18:16,41.20102,-70.88442,12.038
"EN627","2",3,2019-02-01 21:18:40,41.20089,-70.88441,11.833
"EN627","2",4,2019-02-01 21:18:48,41.20086,-70.88442,11.883
"EN627","2",5,2019-02-01 21:21:15,41.20035,-70.8848,7.005
"EN627","2",6,2019-02-01 21:21:23,41.20034,-70.88482,7.183
"EN627","2",7,2019-02-01 21:23:38,41.1999,-70.88524,2.072
"EN627","2",8,2019-02-01 21:23:55,41.19985,-70.8853,1.681
"EN627","2",9,2019-02-01 21:24:01,41.19983,-70.88532,1.773
"EN627","2",10,2019-02-01 21:24:08,41.19981,-70.88534,1.642
"EN627","2",11,2019-02-01 21:24:15,41.19979,-70.88536,1.653
"EN627","2",12,2019-02-01 21:24:21,41.19976,-70.88538,1.814
"EN627","3",1,2019-02-01 21:44:17,41.19756,-70.88122,18.257
"EN627","3",2,2019-02-01 21:46:49,41.19767,-70.8809,11.756
"EN627","3",3,2019-02-01 21:47:03,41.19768,-70.88086,11.846
"EN627","3",4,2019-02-01 21:47:12,41.1977,-70.88084,11.782
"EN627","3",5,2019-02-01 21:48:52,41.19784,-70.88058,6.786
"EN627","3",6,2019-02-01 21:48:58,41.19786,-70.88056,6.567
"EN627","3",7,2019-02-01 21:54:47,41.19844,-70.8797,2.136
"EN627","3",8,2019-02-01 21:54:55,41.19846,-70.87966,2.288
"EN627","3",9,2019-02-01 21:55:03,41.19846,-70.87965,2.373
"EN627","3",10,2019-02-01 21:55:10,41.19848,-70.87964,2.086
"EN627","3",11,2019-02-01 21:55:17,41.19848,-70.87961,2.045
"EN627","3",12,2019-02-01 21:55:24,41.1985,-70.8796,2.392
"EN627","5",1,2019-02-02 02:24:49,41.02794,-70.76142,2.829
"EN627","5",2,2019-02-02 02:24:58,41.02792,-70.76138,2.86
"EN627","6",1,2019-02-02 04:10:44,41.0239,-70.989,2.262
"EN627","6",2,2019-02-02 04:11:17,41.02375,-70.98886,2.119
"EN627","7",1,2019-02-02 06:33:06,41.02752,-70.88092,41.069
"EN627","7",2,2019-02-02 06:33:21,41.02746,-70.88086,41.169
"EN627","7",3,2019-02-02 06:33:29,41.02744,-70.88084,41.1
"EN627","7",4,2019-02-02 06:35:46,41.02698,-70.88033,30.419
"EN627","7",5,2019-02-02 06:35:53,41.02695,-70.8803,30.144
"EN627","7",6,2019-02-02 06:35:59,41.02694,-70.88028,30.297
"EN627","7",7,2019-02-02 06:38:40,41.0263,-70.87968,15.15
"EN627","7",8,2019-02-02 06:38:52,41.02626,-70.87964,15.213
"EN627","7",9,2019-02-02 06:41:26,41.02568,-70.87918,3.879
"EN627","7",10,2019-02-02 06:41:34,41.02566,-70.87916,3.817
"EN627","7",11,2019-02-02 06:41:43,41.02562,-70.87912,3.843
"EN627","7",12,2019-02-02 06:41:53,41.02558,-70.87908,3.821
"EN627","8",1,2019-02-02 10:08:04,40.86347,-70.88563,50.665
"EN627","8",2,2019-02-02 10:08:12,40.86348,-70.88566,50.62
"EN627","8",3,2019-02-02 10:10:13,40.8637,-70.8862,44.866
"EN627","8",4,2019-02-02 10:10:22,40.86372,-70.88625,44.879
"EN627","8",5,2019-02-02 10:13:00,40.8639,-70.8871,30.509
"EN627","8",6,2019-02-02 10:15:30,40.86418,-70.88768,14.767
"EN627","8",7,2019-02-02 10:17:37,40.8643,-70.88788,5.11
"EN627","8",8,2019-02-02 10:17:45,40.8643,-70.88788,5.075
"EN627","8",9,2019-02-02 10:17:53,40.86431,-70.88788,5.045
"EN627","8",10,2019-02-02 10:18:01,40.86432,-70.88789,5.062
"EN627","8",11,2019-02-02 10:18:09,40.86432,-70.88791,4.981
"EN627","8",12,2019-02-02 10:18:17,40.86432,-70.88793,4.963
"EN627","9",1,2019-02-02 15:18:47,40.69296,-70.76806,59.801
"EN627","9",2,2019-02-02 15:18:54,40.69294,-70.76802,59.814
"EN627","9",3,2019-02-02 15:19:03,40.69292,-70.76797,59.76
"EN627","9",4,2019-02-02 15:19:16,40.69286,-70.7679,59.7
"EN627","9",5,2019-02-02 15:19:24,40.69286,-70.76786,59.566
"EN627","9",6,2019-02-02 15:19:33,40.69284,-70.76781,59.73
"EN627","9",7,2019-02-02 15:23:35,40.69208,-70.76662,4.945
"EN627","9",8,2019-02-02 15:23:45,40.69204,-70.76657,4.992
"EN627","9",9,2019-02-02 15:23:53,40.69202,-70.76654,4.87
"EN627","9",10,2019-02-02 15:24:00,40.69198,-70.7665,5.233
"EN627","9",11,2019-02-02 15:24:07,40.69194,-70.76647,5
"EN627","9",12,2019-02-02 15:24:13,40.69192,-70.76644,5.106
"EN627","10",1,2019-02-02 17:02:06,40.69418,-70.98621,59.265
"EN627","10",2,2019-02-02 17:02:19,40.69418,-70.98616,59.384
"EN627","10",3,2019-02-02 17:06:15,40.69404,-70.98485,5.377
"EN627","10",4,2019-02-02 17:06:24,40.69402,-70.9848,5.358
"EN627","11",1,2019-02-02 19:09:06,40.6948,-70.8795,60.793
"EN627","11",2,2019-02-02 19:09:15,40.6948,-70.87944,60.809
"EN627","11",3,2019-02-02 19:11:56,40.69488,-70.87856,30.155
"EN627","11",4,2019-02-02 19:12:03,40.69488,-70.87853,30.246
"EN627","11",5,2019-02-02 19:12:12,40.69488,-70.87848,30.341
"EN627","11",6,2019-02-02 19:14:28,40.69498,-70.87773,14.97
"EN627","11",7,2019-02-02 19:14:34,40.69498,-70.87768,14.83
"EN627","11",8,2019-02-02 19:14:42,40.69498,-70.87764,14.728
"EN627","11",9,2019-02-02 19:16:51,40.69504,-70.8769,2.423
"EN627","11",10,2019-02-02 19:16:58,40.69506,-70.87686,2.794
"EN627","11",11,2019-02-02 19:17:05,40.69506,-70.87684,2.491
"EN627","11",12,2019-02-02 19:17:12,40.69506,-70.8768,2.556
"EN627","12",1,2019-02-02 20:05:18,40.6977,-70.88093,61.745
"EN627","12",2,2019-02-02 20:05:26,40.69772,-70.88089,61.821
"EN627","12",3,2019-02-02 20:07:22,40.69784,-70.8802,45.436
"EN627","12",4,2019-02-02 20:07:30,40.69784,-70.88018,45.488
"EN627","12",5,2019-02-02 20:09:21,40.69792,-70.87955,30.546
"EN627","12",6,2019-02-02 20:09:27,40.69794,-70.8795,29.856
"EN627","12",7,2019-02-02 20:11:19,40.69802,-70.87882,15.496
"EN627","12",8,2019-02-02 20:11:25,40.69804,-70.87878,15.248
"EN627","12",9,2019-02-02 20:13:23,40.6981,-70.8781,3.139
"EN627","12",10,2019-02-02 20:13:29,40.6981,-70.87806,3.304
"EN627","12",11,2019-02-02 20:13:36,40.6981,-70.87802,2.909
"EN627","12",12,2019-02-02 20:13:43,40.6981,-70.87796,3.312
"EN627","13",1,2019-02-02 23:31:34,40.50756,-70.8796,74.547
"EN627","13",2,2019-02-02 23:31:46,40.5075,-70.87958,74.652
"EN627","13",3,2019-02-02 23:34:22,40.50694,-70.87928,45.188
"EN627","13",4,2019-02-02 23:34:29,40.5069,-70.87924,45.404
"EN627","13",5,2019-02-02 23:36:51,40.50638,-70.87874,29.568
"EN627","13",6,2019-02-02 23:37:00,40.50635,-70.8787,29.292
"EN627","13",7,2019-02-02 23:39:03,40.50576,-70.87808,15.557
"EN627","13",8,2019-02-02 23:39:11,40.50571,-70.87804,15.493
"EN627","13",9,2019-02-02 23:40:37,40.5054,-70.8776,3.8
"EN627","13",10,2019-02-02 23:40:43,40.5054,-70.87756,3.948
"EN627","13",11,2019-02-02 23:40:49,40.50537,-70.87752,4.109
"EN627","13",12,2019-02-02 23:40:55,40.50536,-70.87749,4.148
"EN627","14",1,2019-02-03 06:20:58,40.35127,-70.76679,5.83
"EN627","14",2,2019-02-03 06:21:05,40.35122,-70.76683,5.566
"EN627","14",3,2019-02-03 06:21:12,40.35117,-70.76686,5.27
"EN627","15",1,2019-02-03 08:27:15,40.36106,-70.99762,4.342
"EN627","15",2,2019-02-03 08:27:22,40.36105,-70.99765,4.528
"EN627","15",3,2019-02-03 08:27:29,40.36105,-70.99766,4.534
"EN627","15",4,2019-02-03 08:27:37,40.36103,-70.99766,5.019
"EN627","16",1,2019-02-03 10:52:15,40.36266,-70.8884,88.811
"EN627","16",2,2019-02-03 10:52:22,40.36264,-70.88844,89.141
"EN627","16",3,2019-02-03 10:54:37,40.36274,-70.88896,71.85
"EN627","16",4,2019-02-03 10:56:47,40.36296,-70.88958,60.169
"EN627","16",5,2019-02-03 10:56:54,40.36297,-70.88962,60.382
"EN627","16",6,2019-02-03 10:59:04,40.36319,-70.89021,43.679
"EN627","16",7,2019-02-03 10:59:11,40.3632,-70.89024,43.406
"EN627","16",8,2019-02-03 10:59:18,40.36322,-70.89028,43.049
"EN627","16",9,2019-02-03 11:02:01,40.36344,-70.89102,15.474
"EN627","16",10,2019-02-03 11:04:06,40.3637,-70.8916,5.591
"EN627","16",11,2019-02-03 11:04:13,40.3637,-70.89163,5.491
"EN627","16",12,2019-02-03 11:04:19,40.36372,-70.89166,5.582
"EN627","17",1,2019-02-03 13:58:27,40.2287,-70.8858,121.803
"EN627","17",2,2019-02-03 13:58:54,40.22874,-70.88571,121.783
"EN627","17",3,2019-02-03 14:02:24,40.22894,-70.885,84.887
"EN627","17",4,2019-02-03 14:05:26,40.22898,-70.8844,64.462
"EN627","17",5,2019-02-03 14:05:35,40.22896,-70.88436,65.088
"EN627","17",6,2019-02-03 14:08:21,40.22884,-70.88386,51.606
"EN627","17",7,2019-02-03 14:08:28,40.22886,-70.88384,51.591
"EN627","17",8,2019-02-03 14:10:26,40.22884,-70.8835,45.592
"EN627","17",9,2019-02-03 14:13:11,40.22886,-70.88298,20.446
"EN627","17",10,2019-02-03 14:15:25,40.22882,-70.88262,4.85
"EN627","17",11,2019-02-03 14:15:46,40.22882,-70.88257,4.834
"EN627","17",12,2019-02-03 14:15:54,40.22882,-70.88254,4.874
"EN627","18",1,2019-02-03 17:00:59,40.1348,-70.76734,130.203
"EN627","18",2,2019-02-03 17:01:11,40.1348,-70.76732,129.881
"EN627","18",3,2019-02-03 17:05:19,40.1347,-70.76698,69.799
"EN627","18",4,2019-02-03 17:05:31,40.1347,-70.76696,70.122
"EN627","18",5,2019-02-03 17:07:51,40.13468,-70.76686,55.123
"EN627","18",6,2019-02-03 17:07:58,40.13468,-70.76686,55.064
"EN627","18",7,2019-02-03 17:10:21,40.13474,-70.76676,30.177
"EN627","18",8,2019-02-03 17:10:28,40.13474,-70.76676,30.174
"EN627","18",9,2019-02-03 17:13:13,40.1348,-70.76658,2.488
"EN627","18",10,2019-02-03 17:13:20,40.1348,-70.76656,2.324
"EN627","18",11,2019-02-03 17:13:28,40.1348,-70.76654,2.001
"EN627","18",12,2019-02-03 17:13:35,40.13482,-70.76654,2.436
"EN627","19",1,2019-02-03 17:53:41,40.135,-70.76322,128.601
"EN627","19",2,2019-02-03 17:55:57,40.13492,-70.76312,114.651
"EN627","19",3,2019-02-03 17:58:19,40.13492,-70.763,94.988
"EN627","19",4,2019-02-03 18:00:28,40.13492,-70.76289,74.971
"EN627","19",5,2019-02-03 18:02:36,40.13494,-70.76274,55.103
"EN627","19",6,2019-02-03 18:05:22,40.13496,-70.76252,40.09
"EN627","19",7,2019-02-03 18:07:29,40.13492,-70.76234,19.655
"EN627","19",8,2019-02-03 18:07:36,40.13492,-70.76232,20.153
"EN627","19",9,2019-02-03 18:09:45,40.1349,-70.76216,2.964
"EN627","19",10,2019-02-03 18:09:53,40.1349,-70.76216,2.918
"EN627","19",11,2019-02-03 18:10:01,40.1349,-70.76216,2.393
"EN627","19",12,2019-02-03 18:10:10,40.1349,-70.76214,2.729
"EN627","20",1,2019-02-03 21:55:21,40.10042,-70.77104,34.693
"EN627","20",2,2019-02-03 21:55:33,40.10044,-70.77104,34.848
"EN627","20",3,2019-02-03 21:55:47,40.10048,-70.77102,34.804
"EN627","20",4,2019-02-03 21:58:30,40.10084,-70.77092,2.399
"EN627","20",5,2019-02-03 21:58:36,40.10086,-70.77092,2.543
"EN627","20",6,2019-02-03 21:58:42,40.10087,-70.77092,2.539
"EN627","21",1,2019-02-03 23:41:04,40.09954,-70.98866,49.966
"EN627","21",2,2019-02-03 23:41:14,40.09956,-70.98862,49.978
"EN627","21",3,2019-02-03 23:41:22,40.09958,-70.9886,50.005
"EN627","21",4,2019-02-03 23:45:18,40.09984,-70.98784,1.584
"EN627","21",5,2019-02-03 23:45:26,40.09986,-70.98782,1.662
"EN627","21",6,2019-02-03 23:45:34,40.09988,-70.9878,1.627
"EN627","22",1,2019-02-04 02:00:27,40.09769,-70.88388,144.213
"EN627","22",2,2019-02-04 02:00:34,40.0977,-70.88386,144.244
"EN627","22",3,2019-02-04 02:03:47,40.09782,-70.88318,111.446
"EN627","22",4,2019-02-04 02:06:21,40.09788,-70.8826,80.249
"EN627","22",5,2019-02-04 02:08:37,40.0979,-70.88206,60.363
"EN627","22",6,2019-02-04 02:10:42,40.09788,-70.88158,45.314
"EN627","22",7,2019-02-04 02:13:04,40.09794,-70.88101,25.334
"EN627","22",8,2019-02-04 02:13:12,40.09794,-70.88097,25.38
"EN627","22",9,2019-02-04 02:14:58,40.09792,-70.88055,15.16
"EN627","22",10,2019-02-04 02:16:56,40.09798,-70.88004,2.469
"EN627","22",11,2019-02-04 02:17:03,40.09796,-70.88002,2.544
"EN627","22",12,2019-02-04 02:17:10,40.09798,-70.87998,2.728
"EN627","23",1,2019-02-04 06:02:28,39.93356,-70.88192,24.851
"EN627","23",2,2019-02-04 06:02:35,39.93354,-70.88192,24.67
"EN627","23",3,2019-02-04 06:02:43,39.93352,-70.88192,24.798
"EN627","23",4,2019-02-04 06:04:49,39.93342,-70.88172,14.949
"EN627","23",5,2019-02-04 06:04:57,39.93342,-70.8817,15.003
"EN627","23",6,2019-02-04 06:05:05,39.93342,-70.8817,14.893
"EN627","23",7,2019-02-04 06:07:03,39.93333,-70.88152,5.164
"EN627","23",8,2019-02-04 06:07:10,39.93332,-70.8815,4.917
"EN627","23",9,2019-02-04 06:07:18,39.93332,-70.8815,5.003
"EN627","23",10,2019-02-04 06:07:26,39.9333,-70.88148,5.011
"EN627","23",11,2019-02-04 06:07:33,39.9333,-70.88148,5.004
"EN627","23",12,2019-02-04 06:07:40,39.9333,-70.88146,5.075
"EN627","24",1,2019-02-04 06:53:23,39.93892,-70.88402,441.78
"EN627","24",2,2019-02-04 06:57:19,39.9387,-70.88426,345.37
"EN627","24",3,2019-02-04 07:02:15,39.9385,-70.88456,164.804
"EN627","24",4,2019-02-04 07:07:53,39.93826,-70.885,128.886
"EN627","24",5,2019-02-04 07:11:42,39.93818,-70.8853,69.723
"EN627","24",6,2019-02-04 07:15:12,39.93811,-70.88558,19.847
"EN627","24",7,2019-02-04 07:15:20,39.93812,-70.88557,19.895
"EN627","24",8,2019-02-04 07:17:19,39.93808,-70.88574,13.001
"EN627","24",9,2019-02-04 07:19:19,39.93808,-70.88586,4.903
"EN627","24",10,2019-02-04 07:19:28,39.93808,-70.88588,4.851
"EN627","24",11,2019-02-04 07:19:37,39.93808,-70.88589,4.842
"EN627","24",12,2019-02-04 07:19:47,39.93808,-70.8859,4.831
"EN627","25",1,2019-02-04 11:59:30,39.77662,-70.88952,50.116
"EN627","25",2,2019-02-04 11:59:40,39.77664,-70.88956,50.066
"EN627","25",3,2019-02-04 11:59:48,39.77666,-70.88959,50.133
"EN627","25",4,2019-02-04 11:59:57,39.77666,-70.88964,50.055
"EN627","25",5,2019-02-04 12:02:10,39.77671,-70.89024,29.842
"EN627","25",6,2019-02-04 12:02:19,39.77672,-70.89027,29.809
"EN627","25",7,2019-02-04 12:02:26,39.77674,-70.8903,29.785
"EN627","25",8,2019-02-04 12:02:34,39.77674,-70.89034,29.995
"EN627","25",9,2019-02-04 12:05:04,39.7767,-70.89096,4.741
"EN627","25",10,2019-02-04 12:05:13,39.7767,-70.891,5.025
"EN627","25",11,2019-02-04 12:05:23,39.7767,-70.89104,4.976
"EN627","25",12,2019-02-04 12:05:30,39.77672,-70.89107,5.057
"EN627","26",1,2019-02-04 13:01:18,39.77704,-70.88613,499.769
"EN627","26",2,2019-02-04 13:01:28,39.7771,-70.88618,499.752
"EN627","26",3,2019-02-04 13:09:04,39.77784,-70.88802,181.467
"EN627","26",4,2019-02-04 13:12:05,39.7781,-70.88885,130.562
"EN627","26",5,2019-02-04 13:14:28,39.77824,-70.88948,110.743
"EN627","26",6,2019-02-04 13:17:35,39.7783,-70.89032,55.157
"EN627","26",7,2019-02-04 13:20:36,39.77826,-70.89104,29.961
"EN627","26",8,2019-02-04 13:20:46,39.77826,-70.89108,29.907
"EN627","26",9,2019-02-04 13:22:59,39.77824,-70.89155,13.128
"EN627","26",10,2019-02-04 13:23:08,39.77822,-70.89158,13.249
"EN627","26",11,2019-02-04 13:25:03,39.77818,-70.89198,5.097
"EN627","26",12,2019-02-04 13:25:10,39.77818,-70.892,4.991
"EN627","27",1,2019-02-04 15:51:43,39.77314,-70.7754,24.059
"EN627","27",2,2019-02-04 15:51:52,39.77314,-70.7754,24.069
"EN627","27",3,2019-02-04 15:53:55,39.77308,-70.77542,13.957
"EN627","27",4,2019-02-04 15:54:03,39.77308,-70.77542,14.081
"EN627","27",5,2019-02-04 15:56:09,39.77302,-70.77542,5.016
"EN627","27",6,2019-02-04 15:56:17,39.77302,-70.77542,5.049
"EN627","28",1,2019-02-04 17:41:12,39.77725,-70.99254,35.25
"EN627","28",2,2019-02-04 17:44:00,39.77764,-70.99296,10.062
"EN627","28",3,2019-02-04 17:45:49,39.77788,-70.99316,4.94
"EN627","28",4,2019-02-04 17:45:56,39.77788,-70.99318,5.037
"EN627","28",5,2019-02-04 17:46:02,39.7779,-70.9932,5.082
"EN627","28",6,2019-02-04 17:46:09,39.77792,-70.9932,4.904
"EN627","28",7,2019-02-04 17:46:15,39.77792,-70.99322,4.972
"EN627","28",8,2019-02-04 17:46:22,39.77794,-70.99324,4.908
"EN627","28",9,2019-02-04 17:46:28,39.77796,-70.99324,5.033
"EN627","28",10,2019-02-04 17:46:35,39.77798,-70.99326,4.993
"EN627","28",11,2019-02-04 17:46:42,39.778,-70.99328,4.798
"EN627","28",12,2019-02-04 17:46:49,39.77802,-70.99331,5.031
"EN627","29",1,2019-02-05 02:55:36,39.77622,-70.52266,500.183
"EN627","29",2,2019-02-05 03:03:25,39.77718,-70.52334,250.682
"EN627","29",3,2019-02-05 03:07:11,39.77762,-70.52372,149.467
"EN627","29",4,2019-02-05 03:07:20,39.77764,-70.52374,149.751
"EN627","29",5,2019-02-05 03:10:31,39.77788,-70.5241,100.364
"EN627","29",6,2019-02-05 03:13:23,39.77814,-70.52447,70.188
"EN627","29",7,2019-02-05 03:13:31,39.77816,-70.52448,70.314
"EN627","29",8,2019-02-05 03:16:09,39.77838,-70.52482,40.126
"EN627","29",9,2019-02-05 03:18:07,39.77854,-70.5251,20.329
"EN627","29",10,2019-02-05 03:20:08,39.77868,-70.5254,1.827
"EN627","29",11,2019-02-05 03:20:15,39.77868,-70.52542,1.644
"EN627","29",12,2019-02-05 03:20:22,39.7787,-70.52544,1.829
"EN627","30",1,2019-02-05 06:39:23,39.77892,-70.88596,4.78
"EN627","30",2,2019-02-05 06:39:29,39.77894,-70.88596,4.718
"EN627","30",3,2019-02-05 06:39:37,39.77896,-70.88598,5.188
"EN627","30",4,2019-02-05 06:39:43,39.77897,-70.88598,4.881
"EN627","30",5,2019-02-05 06:39:50,39.77898,-70.88598,5.045
"EN627","30",6,2019-02-05 06:39:56,39.779,-70.88598,4.855
"EN627","31",1,2019-02-05 07:50:19,39.86272,-70.88267,5.155
"EN627","32",1,2019-02-05 08:55:48,39.94612,-70.88096,5.196
"EN627","33",1,2019-02-05 10:06:39,39.94046,-70.77374,4.928
"EN627","34",1,2019-02-05 11:49:09,40.02281,-70.8792,5.146
"EN627","35",1,2019-02-05 12:44:03,40.10335,-70.8877,4.708
"EN627","36",1,2019-02-05 13:47:37,40.16816,-70.88301,5.447
"EN627","37",1,2019-02-05 14:50:08,40.23103,-70.8839,4.731
"EN627","37",2,2019-02-05 14:50:17,40.23107,-70.8839,5.058
"EN627","37",3,2019-02-05 14:50:27,40.23112,-70.88388,4.809
"EN627","38",1,2019-02-05 16:09:28,40.36462,-70.88888,5.871
"EN627","38",2,2019-02-05 16:09:36,40.36462,-70.88888,6.102
"EN627","38",3,2019-02-05 16:09:44,40.36464,-70.88889,6.625
"EN627","39",1,2019-02-05 17:18:11,40.36499,-70.77964,87.311
"EN627","39",2,2019-02-05 17:20:59,40.36508,-70.78004,54.855
"EN627","39",3,2019-02-05 17:24:22,40.36524,-70.78044,3.165
"EN627","39",4,2019-02-05 17:24:29,40.36525,-70.78044,2.665
"EN627","40",1,2019-02-05 19:08:25,40.51334,-70.88531,69.363
"EN627","40",2,2019-02-05 19:11:58,40.51336,-70.88572,15.529
"EN627","40",3,2019-02-05 19:13:59,40.51344,-70.88582,3.035
"EN627","40",4,2019-02-05 19:14:12,40.51343,-70.88582,2.551
"EN627","41",1,2019-02-05 21:24:58,40.693,-70.87644,2.23
"EN627","41",2,2019-02-05 21:25:06,40.69297,-70.87642,1.896
"EN627","42",1,2019-02-05 22:58:43,40.85919,-70.88453,1.672
"EN627","42",2,2019-02-05 22:58:52,40.85914,-70.88454,1.56
"EN627","43",1,2019-02-06 00:27:22,41.02772,-70.88425,2.143
"EN627","43",2,2019-02-06 00:27:32,41.02769,-70.88424,2.156
"EN627","44",1,2019-02-06 01:47:07,41.19505,-70.88275,3.581
"EN627","44",2,2019-02-06 01:47:16,41.19504,-70.88274,3.047
"EN627","45",1,2019-02-06 04:26:37,41.31986,-70.57276,14.571
"EN627","45",2,2019-02-06 04:26:44,41.31984,-70.57277,13.729
"EN627","45",3,2019-02-06 04:26:51,41.31981,-70.57278,14.604
"EN627","45",4,2019-02-06 04:26:58,41.31982,-70.5728,15.062
"EN627","45",5,2019-02-06 04:28:43,41.31958,-70.57292,8.682
"EN627","45",6,2019-02-06 04:28:50,41.31954,-70.57292,7.927
"EN627","45",7,2019-02-06 04:28:57,41.31953,-70.57294,8.547
"EN627","45",8,2019-02-06 04:29:03,41.31952,-70.57295,9.055
"EN627","45",9,2019-02-06 04:30:46,41.3193,-70.5731,2.008
"EN627","45",10,2019-02-06 04:30:57,41.31926,-70.5731,2.571
"EN627","45",11,2019-02-06 04:31:05,41.31926,-70.57312,2.139
"EN627","45",12,2019-02-06 04:31:16,41.31923,-70.57312,2.502
"AR34A","3",1,2019-04-05 01:36:02,40.228167,-70.8735,121.254
"AR34A","4",1,2019-04-05 02:51:17,40.100167,-70.8755,141.071
"AR34A","5",1,2019-04-05 16:24:09,39.940167,-70.8835,441.083
"AR34A","5",2,2019-04-05 16:24:20,39.940167,-70.8835,441.24
"AR34A","5",3,2019-04-05 16:30:11,39.940167,-70.8835,236.794
"AR34A","5",4,2019-04-05 16:30:20,39.940167,-70.8835,236.875
"AR34A","5",5,2019-04-05 16:34:13,39.940167,-70.8835,171.885
"AR34A","5",6,2019-04-05 16:34:21,39.940167,-70.8835,171.762
"AR34A","5",7,2019-04-05 16:40:21,39.940167,-70.8835,8.687
"AR34A","5",8,2019-04-05 16:40:37,39.940167,-70.8835,8.939
"AR34A","6",1,2019-04-05 23:24:08,39.921833,-70.901833,478.262
"AR34A","6",2,2019-04-05 23:24:17,39.921833,-70.901833,478.224
"AR34A","6",3,2019-04-05 23:31:14,39.921833,-70.901833,221.644
"AR34A","6",4,2019-04-05 23:31:21,39.921833,-70.901833,221.744
"AR34A","6",5,2019-04-05 23:36:12,39.921833,-70.901833,78.614
"AR34A","6",6,2019-04-05 23:36:22,39.921833,-70.901833,78.453
"AR34A","6",7,2019-04-05 23:39:04,39.921833,-70.901833,42.887
"AR34A","6",8,2019-04-05 23:39:13,39.921833,-70.901833,42.792
"AR34A","9",1,2019-04-06 15:24:29,40.135833,-70.775,127.521
"AR34A","9",2,2019-04-06 15:24:39,40.135833,-70.775,127.425
"AR34A","9",3,2019-04-06 15:28:05,40.135833,-70.775,85.049
"AR34A","9",4,2019-04-06 15:28:16,40.135833,-70.775,85.276
"AR34A","9",5,2019-04-06 15:31:06,40.135833,-70.775,42.409
"AR34A","9",6,2019-04-06 15:31:15,40.135833,-70.775,42.127
"AR34A","9",7,2019-04-06 15:33:31,40.135833,-70.775,7.763
"AR34A","9",8,2019-04-06 15:33:45,40.135833,-70.775,7.532
"AR34A","10",1,2019-04-06 18:20:03,40.363333,-70.884333,88.987
"AR34A","10",2,2019-04-06 18:20:11,40.363333,-70.884333,88.256
"AR34A","10",3,2019-04-06 18:23:37,40.363333,-70.884333,42.846
"AR34A","10",4,2019-04-06 18:23:53,40.363333,-70.884333,42.278
"AR34A","10",5,2019-04-06 18:26:07,40.363333,-70.884333,22.565
"AR34A","10",6,2019-04-06 18:26:16,40.363333,-70.884333,22.896
"AR34A","10",7,2019-04-06 18:28:13,40.363333,-70.884333,7.483
"AR34A","10",8,2019-04-06 18:28:35,40.363333,-70.884333,7.457
"AR34A","11",1,2019-04-07 02:41:11,39.923,-70.766,465.9
"AR34A","11",2,2019-04-07 02:46:07,39.923,-70.766,300.974
"AR34A","11",3,2019-04-07 02:49:06,39.923,-70.766,221.004
"AR34A","11",4,2019-04-07 02:52:05,39.923,-70.766,151.058
"AR34A","11",5,2019-04-07 02:56:23,39.923,-70.766,47.13
"AR34A","11",6,2019-04-07 02:59:04,39.923,-70.766,2.287
"AR34A","12",1,2019-04-07 15:09:44,40.363667,-70.884,86.827
"AR34A","12",2,2019-04-07 15:09:52,40.363667,-70.884,86.632
"AR34A","12",3,2019-04-07 15:13:00,40.363667,-70.884,42.039
"AR34A","12",4,2019-04-07 15:13:13,40.363667,-70.884,41.567
"AR34A","12",5,2019-04-07 15:15:28,40.363667,-70.884,22.046
"AR34A","12",6,2019-04-07 15:15:44,40.363667,-70.884,22.018
"AR34A","12",7,2019-04-07 15:17:38,40.363667,-70.884,7.117
"AR34A","12",8,2019-04-07 15:17:47,40.363667,-70.884,6.803
"AR34A","13",1,2019-04-08 01:00:04,39.968667,-70.999667,370.542
"AR34A","13",2,2019-04-08 01:04:21,39.968667,-70.999667,250.895
"AR34A","13",3,2019-04-08 01:06:54,39.968667,-70.999667,201.347
"AR34A","13",4,2019-04-08 01:09:11,39.968667,-70.999667,151.196
"AR34A","13",5,2019-04-08 01:11:45,39.968667,-70.999667,100.557
"AR34A","13",6,2019-04-08 01:15:29,39.968667,-70.999667,42.029
"AR34A","13",7,2019-04-08 01:17:52,39.968667,-70.999667,17.185
"AR34A","13",8,2019-04-08 01:19:30,39.968667,-70.999667,2.143
"AR34A","14",1,2019-04-08 16:48:23,39.94,-70.775,441.407
"AR34A","15",1,2019-04-08 18:31:37,40.136667,-70.775333,127.626
"AR34A","16",1,2019-04-08 20:19:31,40.365167,-70.775667,88.984
"AR34A","17",1,2019-04-09 18:41:13,40.085667,-70.218167,149.924
"AR34A","17",2,2019-04-09 18:44:09,40.085667,-70.218167,107.08
"AR34A","17",3,2019-04-09 18:46:44,40.085667,-70.218167,81.582
"AR34A","17",4,2019-04-09 18:50:12,40.085667,-70.218167,37.347
"AR34A","17",5,2019-04-09 18:52:52,40.085667,-70.218167,10.275
"AR34A","17",6,2019-04-09 18:54:15,40.085667,-70.218167,2.406
"AR34A","18",1,2019-04-10 13:38:11,40.200667,-71.103167,119.875
"AR34A","18",2,2019-04-10 13:40:45,40.200667,-71.103167,76.717
"AR34A","18",3,2019-04-10 13:42:54,40.200667,-71.103167,47.093
"AR34A","18",4,2019-04-10 13:45:25,40.200667,-71.103167,22.239
"AR34A","18",5,2019-04-10 13:46:59,40.200667,-71.103167,2.228
"AR34A","19",1,2019-04-10 17:56:18,39.916833,-70.906167,501.646
"AR34A","19",2,2019-04-10 17:56:27,39.916833,-70.906167,501.848
"AR34A","19",3,2019-04-10 18:01:19,39.916833,-70.906167,301.145
"AR34A","19",4,2019-04-10 18:05:27,39.916833,-70.906167,152.316
"AR34A","19",5,2019-04-10 18:09:08,39.916833,-70.906167,73.211
"AR34A","19",6,2019-04-10 18:12:43,39.916833,-70.906167,2.979
"AR34A","20",1,2019-04-10 22:59:13,40.200333,-70.555833,115.425
"AR34A","20",2,2019-04-10 23:02:24,40.200333,-70.555833,86.965
"AR34A","20",3,2019-04-10 23:07:44,40.200333,-70.555833,52.417
"AR34A","20",4,2019-04-10 23:09:58,40.200333,-70.555833,27.424
"AR34A","20",5,2019-04-10 23:11:16,40.200333,-70.555833,2.564
"AR34A","20b",1,2019-04-10 23:07:20,40.200333,-70.555833,52.25
"AR34A","20b",2,2019-04-10 23:07:21,40.200333,-70.555833,52.236
"AR34A","20b",3,2019-04-10 23:07:44,40.200333,-70.555833,52.417
"AR34A","20b",4,2019-04-10 23:09:58,40.200333,-70.555833,27.424
"AR34A","20b",5,2019-04-10 23:11:16,40.200333,-70.555833,2.564
"AR34A","21",1,2019-04-11 02:37:35,40.3385,-70.904833,91.757
"AR34A","21",2,2019-04-11 02:40:51,40.3385,-70.904833,59.902
"AR34A","21",3,2019-04-11 02:43:12,40.3385,-70.904833,30.058
"AR34A","21",4,2019-04-11 02:45:04,40.3385,-70.904833,2.236
"AR34B","1",1,2019-04-15 01:41:42,40.365,-70.7755,87.144
"AR34B","1",2,2019-04-15 01:41:52,40.365,-70.7755,87.624
"AR34B","1",3,2019-04-15 01:44:45,40.365,-70.7755,51.552
"AR34B","1",4,2019-04-15 01:44:55,40.365,-70.7755,51.597
"AR34B","1",5,2019-04-15 01:47:08,40.365,-70.7755,26.543
"AR34B","1",6,2019-04-15 01:47:19,40.365,-70.7755,26.576
"AR34B","1",7,2019-04-15 01:49:05,40.365,-70.7755,6.789
"AR34B","1",8,2019-04-15 01:49:18,40.365,-70.7755,6.673
"AR34B","1",9,2019-04-15 01:50:12,40.365,-70.7755,1.873
"AR34B","2",1,2019-04-15 04:41:21,40.6975,-70.884167,60.281
"AR34B","2",2,2019-04-15 04:41:29,40.6975,-70.884167,60.105
"AR34B","2",3,2019-04-15 04:43:40,40.6975,-70.884167,50.28
"AR34B","2",4,2019-04-15 04:46:14,40.6975,-70.884167,34.35
"AR34B","2",5,2019-04-15 04:46:23,40.6975,-70.884167,34.316
"AR34B","2",6,2019-04-15 04:48:42,40.6975,-70.884167,17.366
"AR34B","2",7,2019-04-15 04:48:51,40.6975,-70.884167,17.472
"AR34B","2",8,2019-04-15 04:51:16,40.6975,-70.884167,5.601
"AR34B","2",9,2019-04-15 04:51:23,40.6975,-70.884167,5.578
"AR34B","2",10,2019-04-15 04:51:32,40.6975,-70.884167,5.354
"AR34B","3",1,2019-04-15 06:31:03,40.864333,-70.882667,49.533
"AR34B","3",2,2019-04-15 06:31:12,40.864333,-70.882667,49.372
"AR34B","3",3,2019-04-15 06:34:42,40.864333,-70.882667,28.381
"AR34B","3",4,2019-04-15 06:37:21,40.864333,-70.882667,14.347
"AR34B","3",5,2019-04-15 06:37:29,40.864333,-70.882667,14.456
"AR34B","3",6,2019-04-15 06:39:18,40.864333,-70.882667,5.456
"AR34B","3",7,2019-04-15 06:39:25,40.864333,-70.882667,5.403
"AR34B","3",8,2019-04-15 06:39:32,40.864333,-70.882667,5.702
"AR34B","4",1,2019-04-15 08:13:21,41.030833,-70.881333,40.499
"AR34B","4",2,2019-04-15 08:13:29,41.030833,-70.881333,40.547
"AR34B","4",3,2019-04-15 08:15:10,41.030833,-70.881333,30.395
"AR34B","4",4,2019-04-15 08:17:10,41.030833,-70.881333,18.561
"AR34B","4",5,2019-04-15 08:17:17,41.030833,-70.881333,18.495
"AR34B","4",6,2019-04-15 08:19:16,41.030833,-70.881333,5.568
"AR34B","4",7,2019-04-15 08:19:28,41.030833,-70.881333,5.481
"AR34B","5",1,2019-04-15 09:54:38,41.197,-70.882667,16.405
"AR34B","5",2,2019-04-15 09:54:45,41.197,-70.882667,16.397
"AR34B","5",3,2019-04-15 09:56:48,41.197,-70.882667,5.328
"AR34B","5",4,2019-04-15 09:56:55,41.197,-70.882667,5.552
"AR34B","6",1,2019-04-17 03:04:03,40.226,-70.8845,121.546
"AR34B","6",2,2019-04-17 03:04:13,40.226,-70.8845,121.135
"AR34B","6",3,2019-04-17 03:04:25,40.226,-70.8845,121.394
"AR34B","6",4,2019-04-17 03:07:03,40.226,-70.8845,102.585
"AR34B","6",5,2019-04-17 03:09:36,40.226,-70.8845,75.563
"AR34B","6",6,2019-04-17 03:09:44,40.226,-70.8845,75.289
"AR34B","6",7,2019-04-17 03:09:55,40.226,-70.8845,75.143
"AR34B","6",8,2019-04-17 03:12:11,40.226,-70.8845,55.283
"AR34B","6",9,2019-04-17 03:14:05,40.226,-70.8845,41.401
"AR34B","6",10,2019-04-17 03:16:03,40.226,-70.8845,32.499
"AR34B","6",11,2019-04-17 03:16:14,40.226,-70.8845,32.548
"AR34B","6",12,2019-04-17 03:16:23,40.226,-70.8845,32.428
"AR34B","6",13,2019-04-17 03:19:04,40.226,-70.8845,6.547
"AR34B","6",14,2019-04-17 03:19:19,40.226,-70.8845,6.513
"AR34B","6",15,2019-04-17 03:19:30,40.226,-70.8845,6.654
"AR34B","6",16,2019-04-17 03:19:39,40.226,-70.8845,6.522
"AR34B","7",1,2019-04-17 06:14:22,40.513833,-70.882333,71.161
"AR34B","7",2,2019-04-17 06:16:49,40.513833,-70.882333,46.122
"AR34B","7",3,2019-04-17 06:16:56,40.513833,-70.882333,45.938
"AR34B","7",4,2019-04-17 06:19:01,40.513833,-70.882333,33.959
"AR34B","7",5,2019-04-17 06:19:10,40.513833,-70.882333,34.337
"AR34B","7",6,2019-04-17 06:21:25,40.513833,-70.882333,18.102
"AR34B","7",7,2019-04-17 06:23:41,40.513833,-70.882333,5.125
"AR34B","7",8,2019-04-17 06:23:52,40.513833,-70.882333,5.4
"AR34B","8",1,2019-04-17 07:54:49,40.363667,-70.883833,88.02
"AR34B","8",2,2019-04-17 07:57:24,40.363667,-70.883833,60.357
"AR34B","8",3,2019-04-17 07:59:40,40.363667,-70.883833,40.374
"AR34B","8",4,2019-04-17 08:01:45,40.363667,-70.883833,29.255
"AR34B","8",5,2019-04-17 08:01:53,40.363667,-70.883833,29.629
"AR34B","8",6,2019-04-17 08:04:16,40.363667,-70.883833,15.488
"AR34B","8",7,2019-04-17 08:06:27,40.363667,-70.883833,5.546
"AR34B","8",8,2019-04-17 08:06:37,40.363667,-70.883833,5.823
"AR34B","9",1,2019-04-18 01:47:44,40.137,-70.776333,127.683
"AR34B","9",2,2019-04-18 01:50:46,40.137,-70.776333,109.47
"AR34B","9",3,2019-04-18 01:53:19,40.137,-70.776333,79.714
"AR34B","9",4,2019-04-18 01:55:27,40.137,-70.776333,66.757
"AR34B","9",5,2019-04-18 01:57:48,40.137,-70.776333,47.914
"AR34B","9",6,2019-04-18 01:57:55,40.137,-70.776333,47.795
"AR34B","9",7,2019-04-18 02:00:21,40.137,-70.776333,28.887
"AR34B","9",8,2019-04-18 02:00:29,40.137,-70.776333,28.856
"AR34B","9",9,2019-04-18 02:02:55,40.137,-70.776333,4.994
"AR34B","9",10,2019-04-18 02:03:02,40.137,-70.776333,5.04
"AR34B","10",1,2019-04-18 05:23:39,39.774,-70.883333,501.239
"AR34B","10",2,2019-04-18 05:27:01,39.774,-70.883333,401.236
"AR34B","10",3,2019-04-18 05:30:26,39.774,-70.883333,301.532
"AR34B","10",4,2019-04-18 05:34:48,39.774,-70.883333,150.978
"AR34B","10",5,2019-04-18 05:37:44,39.774,-70.883333,100.246
"AR34B","10",6,2019-04-18 05:40:17,39.774,-70.883333,89.125
"AR34B","10",7,2019-04-18 05:42:34,39.774,-70.883333,70.181
"AR34B","10",8,2019-04-18 05:45:05,39.774,-70.883333,50.223
"AR34B","10",9,2019-04-18 05:45:12,39.774,-70.883333,50.31
"AR34B","10",10,2019-04-18 05:47:20,39.774,-70.883333,38.435
"AR34B","10",11,2019-04-18 05:47:34,39.774,-70.883333,38.544
"AR34B","10",12,2019-04-18 05:49:51,39.774,-70.883333,25.415
"AR34B","10",13,2019-04-18 05:52:32,39.774,-70.883333,5.37
"AR34B","10",14,2019-04-18 05:52:42,39.774,-70.883333,5.518
"AR34B","11",1,2019-04-18 07:21:57,39.7735,-70.776167,2.49
"AR34B","12",1,2019-04-18 08:56:33,39.774,-70.9915,3.066
"AR34B","14",1,2019-04-19 03:13:52,40.364167,-70.882833,2.953
"AR34B","15",1,2019-04-19 04:34:13,40.512333,-70.884,2.143
"AR34B","16",1,2019-04-19 06:02:21,40.696667,-70.882667,2.715
"AR34B","17",1,2019-04-19 07:23:26,40.863167,-70.884833,2.196
"AR34B","18",1,2019-04-22 05:16:58,40.098833,-70.884,141.23
"AR34B","18",2,2019-04-22 05:17:14,40.098833,-70.884,142.79
"AR34B","18",3,2019-04-22 05:17:38,40.098833,-70.884,139.606
"AR34B","18",4,2019-04-22 05:19:36,40.098833,-70.884,130.439
"AR34B","18",5,2019-04-22 05:21:58,40.098833,-70.884,109.335
"AR34B","18",6,2019-04-22 05:24:46,40.098833,-70.884,76.391
"AR34B","18",7,2019-04-22 05:25:04,40.098833,-70.884,75.452
"AR34B","18",8,2019-04-22 05:25:16,40.098833,-70.884,74.902
"AR34B","18",9,2019-04-22 05:27:54,40.098833,-70.884,45.881
"AR34B","18",10,2019-04-22 05:28:06,40.098833,-70.884,47.209
"AR34B","18",11,2019-04-22 05:28:32,40.098833,-70.884,46.059
"AR34B","18",12,2019-04-22 05:28:51,40.098833,-70.884,45.811
"AR34B","18",13,2019-04-22 05:31:06,40.098833,-70.884,23.448
"AR34B","18",14,2019-04-22 05:31:27,40.098833,-70.884,24.149
"AR34B","18",15,2019-04-22 05:33:26,40.098833,-70.884,7.83
"AR34B","18",16,2019-04-22 05:33:40,40.098833,-70.884,6.749
"AR34B","18",17,2019-04-22 05:33:52,40.098833,-70.884,6.881
"AR34B","18",18,2019-04-22 05:34:10,40.098833,-70.884,6.934
"AR34B","19",1,2019-04-22 07:10:58,40.098,-70.776333,3.223
"AR34B","20",1,2019-04-22 08:36:46,40.099,-70.9945,3.104
"AR34B","21",1,2019-04-22 14:54:44,39.939333,-70.8845,440.2
"AR34B","21",2,2019-04-22 14:55:06,39.939333,-70.8845,440.38
"AR34B","21",3,2019-04-22 14:55:17,39.939333,-70.8845,440.818
"AR34B","21",4,2019-04-22 14:58:36,39.939333,-70.8845,376.182
"AR34B","21",5,2019-04-22 15:02:53,39.939333,-70.8845,239.011
"AR34B","21",6,2019-04-22 15:03:11,39.939333,-70.8845,240.119
"AR34B","21",7,2019-04-22 15:03:37,39.939333,-70.8845,240.684
"AR34B","21",8,2019-04-22 15:06:47,39.939333,-70.8845,154.092
"AR34B","21",9,2019-04-22 15:09:08,39.939333,-70.8845,126.747
"AR34B","21",10,2019-04-22 15:13:06,39.939333,-70.8845,50.303
"AR34B","21",11,2019-04-22 15:13:18,39.939333,-70.8845,51.763
"AR34B","21",12,2019-04-22 15:13:34,39.939333,-70.8845,49.249
"AR34B","21",13,2019-04-22 15:15:43,39.939333,-70.8845,35.617
"AR34B","21",14,2019-04-22 15:15:56,39.939333,-70.8845,35.989
"AR34B","21",15,2019-04-22 15:18:20,39.939333,-70.8845,13.46
"AR34B","21",16,2019-04-22 15:18:39,39.939333,-70.8845,12.842
"AR34B","21",17,2019-04-22 15:20:40,39.939333,-70.8845,6.317
"AR34B","21",18,2019-04-22 15:21:05,39.939333,-70.8845,6.462
"AR34B","21",19,2019-04-22 15:21:40,39.939333,-70.8845,6.083
"AR34B","21",20,2019-04-22 15:21:54,39.939333,-70.8845,7.516
"AR34B","22",2,2019-04-23 00:08:17,39.94,-70.7755,444.130455810821
"AR34B","22",3,2019-04-23 00:14:28,39.94,-70.7755,200.998766690045
"AR34B","22",4,2019-04-23 00:14:45,39.94,-70.7755,203.308647612097
"AR34B","22",5,2019-04-23 00:18:34,39.94,-70.7755,101.759378657532
"AR34B","22",6,2019-04-23 00:18:49,39.94,-70.7755,103.242189749213
"AR34B","22",7,2019-04-23 00:24:01,39.94,-70.7755,7.80562556367046
"AR34B","22",8,2019-04-23 00:24:37,39.94,-70.7755,7.83142551024404
"AR34B","22",9,2019-04-23 00:24:57,39.94,-70.7755,7.78081791966571
"AR34B","23",1,2019-04-23 02:15:06,39.772833,-70.883167,502.342
"AR34B","23",2,2019-04-23 02:27:59,39.772833,-70.883167,6.345
"AR34B","25",1,2019-04-23 04:46:58,39.939,-70.885333,440.245
"AR34B","25",2,2019-04-23 04:57:42,39.939,-70.885333,6.413
"AR34B","26",1,2019-04-23 05:57:20,40.019167,-70.882667,244.297
"AR34B","26",2,2019-04-23 06:01:02,40.019167,-70.882667,145.015
"AR34B","26",3,2019-04-23 06:04:18,40.019167,-70.882667,81.388
"AR34B","26",4,2019-04-23 06:06:41,40.019167,-70.882667,54.521
"AR34B","26",5,2019-04-23 06:10:19,40.019167,-70.882667,6.348
"AR34B","27",1,2019-04-23 07:07:45,40.097833,-70.883833,2.591
"AR34B","28",1,2019-04-23 07:58:50,40.162333,-70.883833,3.102
"EN644","1",1,2019-08-20 19:10:32,41.19684,-70.87932,17.847
"EN644","1",2,2019-08-20 19:10:41,41.19684,-70.87928,17.968
"EN644","1",3,2019-08-20 19:10:50,41.19684,-70.87924,17.911
"EN644","1",4,2019-08-20 19:10:58,41.19684,-70.87922,17.702
"EN644","1",5,2019-08-20 19:11:06,41.19684,-70.87918,17.541
"EN644","1",6,2019-08-20 19:13:07,41.19688,-70.8787,12.637
"EN644","1",7,2019-08-20 19:13:15,41.19688,-70.87866,12.713
"EN644","1",8,2019-08-20 19:13:23,41.19688,-70.87863,12.695
"EN644","1",9,2019-08-20 19:13:30,41.1969,-70.8786,12.569
"EN644","1",10,2019-08-20 19:13:39,41.1969,-70.87857,12.5
"EN644","1",11,2019-08-20 19:15:37,41.1969,-70.87812,6.846
"EN644","1",12,2019-08-20 19:15:48,41.1969,-70.87808,6.879
"EN644","1",13,2019-08-20 19:15:54,41.1969,-70.87805,6.737
"EN644","1",14,2019-08-20 19:16:01,41.1969,-70.87802,6.962
"EN644","1",15,2019-08-20 19:16:08,41.1969,-70.878,6.981
"EN644","1",16,2019-08-20 19:17:48,41.19686,-70.87768,2.439
"EN644","1",17,2019-08-20 19:17:59,41.19684,-70.87764,2.188
"EN644","1",18,2019-08-20 19:18:11,41.19684,-70.87761,2.302
"EN644","1",19,2019-08-20 19:18:18,41.19685,-70.8776,2.376
"EN644","1",20,2019-08-20 19:18:23,41.19684,-70.87758,2.475
"EN644","1",21,2019-08-20 19:18:27,41.19684,-70.87758,2.334
"EN644","1",22,2019-08-20 19:18:33,41.19684,-70.87756,2.482
"EN644","1",23,2019-08-20 19:18:41,41.19682,-70.87754,2.179
"EN644","1",24,2019-08-20 19:18:52,41.19682,-70.8775,2.235
"EN644","2",1,2019-08-21 00:39:50,41.02418,-70.87188,42.803
"EN644","2",2,2019-08-21 00:40:04,41.02418,-70.87186,42.85
"EN644","2",3,2019-08-21 00:42:17,41.02406,-70.87178,25.178
"EN644","2",4,2019-08-21 00:42:24,41.02408,-70.87178,25.281
"EN644","2",5,2019-08-21 00:42:30,41.02407,-70.87178,25.054
"EN644","2",6,2019-08-21 00:42:39,41.02406,-70.87178,24.997
"EN644","2",7,2019-08-21 00:44:08,41.02398,-70.87172,18.014
"EN644","2",8,2019-08-21 00:44:15,41.02398,-70.87172,17.806
"EN644","2",9,2019-08-21 00:44:24,41.02398,-70.87172,18.043
"EN644","2",10,2019-08-21 00:44:32,41.02398,-70.87172,17.928
"EN644","2",11,2019-08-21 00:46:07,41.02388,-70.87164,9.835
"EN644","2",12,2019-08-21 00:46:14,41.02386,-70.87162,10.091
"EN644","2",13,2019-08-21 00:46:24,41.02384,-70.87162,9.998
"EN644","2",14,2019-08-21 00:48:09,41.0237,-70.87156,1.708
"EN644","2",15,2019-08-21 00:48:17,41.0237,-70.87155,1.582
"EN644","2",16,2019-08-21 00:48:24,41.0237,-70.87154,1.621
"EN644","2",17,2019-08-21 00:48:30,41.02368,-70.87154,1.79
"EN644","2",18,2019-08-21 00:48:36,41.02368,-70.87154,1.666
"EN644","2",19,2019-08-21 00:48:42,41.02368,-70.87152,1.667
"EN644","2",20,2019-08-21 00:48:49,41.02367,-70.87152,2.015
"EN644","2",21,2019-08-21 00:48:55,41.02366,-70.87152,1.679
"EN644","2",22,2019-08-21 00:49:02,41.02366,-70.87152,1.833
"EN644","2",23,2019-08-21 00:49:08,41.02364,-70.87152,1.874
"EN644","2",24,2019-08-21 00:49:15,41.02364,-70.8715,1.389
"EN644","3",1,2019-08-21 02:52:49,41.03098,-70.76746,42.832
"EN644","3",2,2019-08-21 02:52:56,41.03098,-70.76746,43.054
"EN644","4",1,2019-08-21 04:25:42,41.03046,-70.98899,38
"EN644","5",1,2019-08-21 07:42:33,40.86286,-70.88086,51.485
"EN644","5",2,2019-08-21 07:42:43,40.86288,-70.88082,51.669
"EN644","5",3,2019-08-21 07:42:51,40.86288,-70.8808,51.422
"EN644","5",4,2019-08-21 07:45:02,40.86294,-70.88044,40.923
"EN644","5",5,2019-08-21 07:45:10,40.86295,-70.8804,40.669
"EN644","5",6,2019-08-21 07:47:19,40.86304,-70.87998,30.224
"EN644","5",7,2019-08-21 07:47:28,40.86304,-70.87996,30.354
"EN644","5",8,2019-08-21 07:49:08,40.8631,-70.87966,19.939
"EN644","5",9,2019-08-21 07:49:15,40.86312,-70.87964,20.065
"EN644","5",10,2019-08-21 07:49:23,40.86312,-70.87962,20.256
"EN644","5",11,2019-08-21 07:51:25,40.86316,-70.87928,10.552
"EN644","5",12,2019-08-21 07:51:32,40.86316,-70.87926,10.702
"EN644","5",13,2019-08-21 07:51:40,40.86316,-70.87924,10.959
"EN644","5",14,2019-08-21 07:53:37,40.8632,-70.87892,2.679
"EN644","5",15,2019-08-21 07:53:45,40.86322,-70.8789,2.619
"EN644","5",16,2019-08-21 07:53:59,40.86322,-70.87886,2.725
"EN644","5",17,2019-08-21 07:54:07,40.86322,-70.87884,2.679
"EN644","5",18,2019-08-21 07:54:14,40.86322,-70.87883,2.748
"EN644","5",19,2019-08-21 07:54:21,40.86324,-70.8788,2.802
"EN644","5",20,2019-08-21 07:54:29,40.86322,-70.8788,2.698
"EN644","5",21,2019-08-21 07:54:35,40.86324,-70.87877,2.806
"EN644","5",22,2019-08-21 07:54:43,40.86324,-70.87876,2.794
"EN644","5",23,2019-08-21 07:54:51,40.86324,-70.87874,2.771
"EN644","5",24,2019-08-21 07:54:56,40.86326,-70.87872,2.672
"EN644","6",1,2019-08-21 10:37:34,41.03004,-70.88314,2.342
"EN644","7",1,2019-08-21 20:34:40,40.35732,-70.874,90.958
"EN644","7",2,2019-08-21 20:34:53,40.35728,-70.87395,90.899
"EN644","7",3,2019-08-21 20:38:55,40.35593,-70.8737,61.425
"EN644","7",4,2019-08-21 20:39:04,40.3559,-70.87372,61.607
"EN644","7",5,2019-08-21 20:41:05,40.35544,-70.87396,35.93
"EN644","7",6,2019-08-21 20:41:14,40.35541,-70.87396,35.733
"EN644","7",7,2019-08-21 20:42:48,40.35494,-70.87402,29.249
"EN644","7",8,2019-08-21 20:44:29,40.35454,-70.874,23.795
"EN644","7",9,2019-08-21 20:44:37,40.3545,-70.874,23.963
"EN644","7",10,2019-08-21 20:44:47,40.35446,-70.874,23.881
"EN644","7",11,2019-08-21 20:44:59,40.35442,-70.874,23.925
"EN644","7",12,2019-08-21 20:46:48,40.35402,-70.87402,18.102
"EN644","7",13,2019-08-21 20:46:57,40.35398,-70.874,18.225
"EN644","7",14,2019-08-21 20:47:54,40.35378,-70.87402,18.35
"EN644","7",15,2019-08-21 20:49:18,40.35347,-70.8741,11.562
"EN644","7",16,2019-08-21 20:49:27,40.35342,-70.87411,11.651
"EN644","7",17,2019-08-21 20:51:08,40.35278,-70.87436,2.251
"EN644","7",18,2019-08-21 20:51:15,40.35272,-70.87437,2.197
"EN644","7",19,2019-08-21 20:51:25,40.35264,-70.87438,2.114
"EN644","7",20,2019-08-21 20:51:34,40.35258,-70.8744,2.24
"EN644","7",21,2019-08-21 20:51:43,40.35251,-70.87442,2.28
"EN644","7",22,2019-08-21 20:51:51,40.35246,-70.87443,2.479
"EN644","7",23,2019-08-21 20:52:00,40.3524,-70.87444,2.341
"EN644","7",24,2019-08-21 20:52:08,40.35235,-70.87446,2.502
"EN644","8",1,2019-08-22 00:09:07,40.21738,-70.88526,126.11
"EN644","8",2,2019-08-22 00:09:22,40.21734,-70.88524,126.37
"EN644","8",3,2019-08-22 00:12:05,40.21676,-70.88488,80.55
"EN644","8",4,2019-08-22 00:12:17,40.2167,-70.88486,80.365
"EN644","8",5,2019-08-22 00:14:38,40.21605,-70.8849,60.803
"EN644","8",6,2019-08-22 00:14:46,40.21602,-70.8849,61.224
"EN644","8",7,2019-08-22 00:16:33,40.21564,-70.88498,40.099
"EN644","8",8,2019-08-22 00:16:42,40.21558,-70.88498,40.033
"EN644","8",9,2019-08-22 00:18:15,40.21507,-70.88516,29.532
"EN644","8",10,2019-08-22 00:18:24,40.21502,-70.88518,29.721
"EN644","8",11,2019-08-22 00:18:32,40.21499,-70.8852,29.99
"EN644","8",12,2019-08-22 00:20:04,40.21459,-70.8852,18.615
"EN644","8",13,2019-08-22 00:20:13,40.21456,-70.8852,18.459
"EN644","8",14,2019-08-22 00:20:23,40.21451,-70.88519,18.397
"EN644","8",15,2019-08-22 00:22:14,40.2142,-70.885,10.162
"EN644","8",16,2019-08-22 00:22:25,40.21419,-70.88497,10.237
"EN644","8",17,2019-08-22 00:24:10,40.21378,-70.8845,2.307
"EN644","8",18,2019-08-22 00:24:23,40.21371,-70.88444,2.174
"EN644","8",19,2019-08-22 00:24:31,40.21365,-70.88442,2.151
"EN644","8",20,2019-08-22 00:24:40,40.2136,-70.8844,2.32
"EN644","8",21,2019-08-22 00:25:03,40.21346,-70.88436,4.274
"EN644","9",1,2019-08-22 04:31:06,40.12238,-70.78142,126.479
"EN644","9",2,2019-08-22 04:33:38,40.12119,-70.78108,111.531
"EN644","9",3,2019-08-22 04:36:32,40.11993,-70.78068,90.104
"EN644","9",4,2019-08-22 04:39:02,40.11892,-70.78016,75.618
"EN644","9",5,2019-08-22 04:39:10,40.11886,-70.78012,75.493
"EN644","9",6,2019-08-22 04:39:18,40.11882,-70.78008,74.896
"EN644","9",7,2019-08-22 04:44:04,40.11696,-70.7797,49.629
"EN644","9",8,2019-08-22 04:44:10,40.1169,-70.77968,49.416
"EN644","9",9,2019-08-22 04:44:18,40.11685,-70.77968,49.515
"EN644","9",10,2019-08-22 04:44:26,40.11679,-70.77968,49.482
"EN644","9",11,2019-08-22 04:44:37,40.1167,-70.77968,50.074
"EN644","9",12,2019-08-22 04:46:56,40.11583,-70.77923,31.708
"EN644","9",13,2019-08-22 04:47:04,40.11576,-70.77922,31.26
"EN644","9",14,2019-08-22 04:50:15,40.11458,-70.77882,15.106
"EN644","9",15,2019-08-22 04:50:22,40.11455,-70.7788,15.133
"EN644","9",16,2019-08-22 04:50:31,40.1145,-70.77878,15.241
"EN644","9",17,2019-08-22 04:52:18,40.11408,-70.77833,4.641
"EN644","9",18,2019-08-22 04:52:25,40.11408,-70.7783,4.688
"EN644","9",19,2019-08-22 04:52:35,40.11402,-70.7782,3.809
"EN644","9",20,2019-08-22 04:52:43,40.114,-70.77814,4.732
"EN644","9",21,2019-08-22 04:52:49,40.114,-70.7781,4.466
"EN644","9",22,2019-08-22 04:52:56,40.11398,-70.77806,4.322
"EN644","9",23,2019-08-22 04:53:03,40.11396,-70.77802,4.676
"EN644","9",24,2019-08-22 04:53:11,40.11392,-70.77796,4.221
"EN644","10",1,2019-08-22 09:16:26,40.09882,-70.76785,4.177
"EN644","11",1,2019-08-22 10:52:53,40.0951,-70.99128,4.257
"EN644","12",1,2019-08-22 13:04:34,40.09197,-70.88889,145.776
"EN644","12",2,2019-08-22 13:04:42,40.09194,-70.88892,146.016
"EN644","12",3,2019-08-22 13:07:24,40.09159,-70.88936,110.57
"EN644","12",4,2019-08-22 13:07:32,40.09158,-70.88938,111.007
"EN644","12",5,2019-08-22 13:09:51,40.09128,-70.88948,85.603
"EN644","12",6,2019-08-22 13:09:59,40.09126,-70.88948,85.35
"EN644","12",7,2019-08-22 13:12:35,40.09092,-70.89016,59.661
"EN644","12",8,2019-08-22 13:12:44,40.09088,-70.89022,59.475
"EN644","12",9,2019-08-22 13:15:15,40.09044,-70.89137,45.818
"EN644","12",10,2019-08-22 13:15:22,40.09042,-70.89142,45.734
"EN644","12",11,2019-08-22 13:15:32,40.0904,-70.89148,45.828
"EN644","12",12,2019-08-22 13:17:56,40.09016,-70.89216,29.516
"EN644","12",13,2019-08-22 13:18:05,40.09016,-70.8922,30.194
"EN644","12",14,2019-08-22 13:18:11,40.09015,-70.89224,30.13
"EN644","12",15,2019-08-22 13:21:36,40.08952,-70.89354,20.383
"EN644","12",16,2019-08-22 13:23:13,40.08902,-70.8945,10.907
"EN644","12",17,2019-08-22 13:25:16,40.08858,-70.8955,2.237
"EN644","12",18,2019-08-22 13:25:24,40.08856,-70.89554,2.429
"EN644","12",19,2019-08-22 13:25:32,40.08854,-70.89559,2.527
"EN644","12",20,2019-08-22 13:25:39,40.08854,-70.89564,2.002
"EN644","12",21,2019-08-22 13:25:48,40.08852,-70.89569,2.34
"EN644","13",1,2019-08-22 17:07:47,39.93626,-70.88588,444.527
"EN644","13",2,2019-08-22 17:12:00,39.93588,-70.88566,300.369
"EN644","13",3,2019-08-22 17:15:39,39.93554,-70.88542,200.321
"EN644","13",4,2019-08-22 17:16:08,39.93546,-70.8854,200.661
"EN644","13",5,2019-08-22 17:19:48,39.9351,-70.8853,100.464
"EN644","13",6,2019-08-22 17:19:56,39.93508,-70.88528,100.082
"EN644","13",7,2019-08-22 17:20:03,39.93508,-70.88526,100.033
"EN644","13",8,2019-08-22 17:22:41,39.93478,-70.88518,53.518
"EN644","13",9,2019-08-22 17:22:48,39.93476,-70.88518,53.503
"EN644","13",10,2019-08-22 17:22:56,39.93476,-70.88518,53.579
"EN644","13",11,2019-08-22 17:23:04,39.93474,-70.88519,53.063
"EN644","13",12,2019-08-22 17:25:06,39.93454,-70.88514,26.805
"EN644","13",13,2019-08-22 17:25:14,39.93452,-70.88512,27.054
"EN644","13",14,2019-08-22 17:26:51,39.93434,-70.885,15.374
"EN644","13",15,2019-08-22 17:26:59,39.93432,-70.88498,15.391
"EN644","13",16,2019-08-22 17:27:06,39.9343,-70.88498,15.627
"EN644","13",17,2019-08-22 17:28:50,39.93418,-70.88492,2.729
"EN644","13",18,2019-08-22 17:28:58,39.93416,-70.88492,2.977
"EN644","13",19,2019-08-22 17:29:11,39.93416,-70.88492,2.933
"EN644","13",20,2019-08-22 17:29:20,39.93416,-70.88491,2.994
"EN644","13",21,2019-08-22 17:29:31,39.93416,-70.8849,2.826
"EN644","13",22,2019-08-22 17:29:40,39.93416,-70.8849,2.834
"EN644","13",23,2019-08-22 17:29:48,39.93416,-70.8849,2.961
"EN644","13",24,2019-08-22 17:29:56,39.93414,-70.88488,3.053
"EN644","14",1,2019-08-22 19:54:19,39.92952,-70.77078,49.313
"EN644","14",2,2019-08-22 19:54:28,39.92948,-70.77072,49.833
"EN644","14",3,2019-08-22 19:56:49,39.92906,-70.77025,26.148
"EN644","14",4,2019-08-22 19:56:58,39.92901,-70.77023,26.14
"EN644","14",5,2019-08-22 19:59:03,39.92861,-70.76985,2.349
"EN644","14",6,2019-08-22 19:59:10,39.92858,-70.76982,2.597
"EN644","15",1,2019-08-22 22:14:34,39.76815,-70.77274,19.25
"EN644","15",2,2019-08-22 22:14:41,39.76812,-70.77272,19.013
"EN644","15",3,2019-08-22 22:16:52,39.76776,-70.7726,4.57
"EN644","15",4,2019-08-22 22:17:02,39.76772,-70.7726,4.721
"EN644","16",1,2019-08-23 00:00:37,39.7703,-70.98534,19.702
"EN644","16",2,2019-08-23 00:00:45,39.77028,-70.98533,19.478
"EN644","16",3,2019-08-23 00:02:57,39.76998,-70.98504,2.625
"EN644","16",4,2019-08-23 00:03:06,39.76996,-70.98502,2.652
"EN644","17",1,2019-08-23 01:33:43,39.76221,-70.87898,501.479
"EN644","17",2,2019-08-23 01:39:10,39.76102,-70.87866,349.933
"EN644","17",3,2019-08-23 01:43:58,39.76006,-70.87814,200.67
"EN644","17",4,2019-08-23 01:47:27,39.75923,-70.87786,90.155
"EN644","17",5,2019-08-23 01:49:12,39.7588,-70.87768,70.203
"EN644","17",6,2019-08-23 01:49:19,39.75876,-70.87768,70.292
"EN644","17",7,2019-08-23 01:49:26,39.75874,-70.87766,70.537
"EN644","17",8,2019-08-23 01:50:59,39.75834,-70.87754,52.305
"EN644","17",9,2019-08-23 01:51:06,39.75832,-70.87754,52.341
"EN644","17",10,2019-08-23 01:51:13,39.75828,-70.87754,52.769
"EN644","17",11,2019-08-23 01:51:24,39.75824,-70.87752,52.191
"EN644","17",12,2019-08-23 01:51:32,39.75821,-70.87752,51.982
"EN644","17",13,2019-08-23 01:53:50,39.75778,-70.87726,20.129
"EN644","17",14,2019-08-23 01:53:57,39.75778,-70.87726,20.149
"EN644","17",15,2019-08-23 01:54:03,39.75776,-70.87722,20.057
"EN644","17",16,2019-08-23 01:54:14,39.75776,-70.87718,20.349
"EN644","17",17,2019-08-23 01:54:21,39.75775,-70.87716,20.052
"EN644","17",18,2019-08-23 01:56:03,39.75764,-70.87664,2.325
"EN644","17",19,2019-08-23 01:56:11,39.75762,-70.87659,2.743
"EN644","17",20,2019-08-23 01:56:17,39.7576,-70.87654,2.816
"EN644","17",21,2019-08-23 01:56:24,39.7576,-70.87652,2.54
"EN644","17",22,2019-08-23 01:56:31,39.75759,-70.87648,2.565
"EN644","17",23,2019-08-23 01:56:39,39.75756,-70.87643,2.744
"EN644","17",24,2019-08-23 01:56:46,39.75754,-70.87641,2.594
"EN644","18",1,2019-08-23 15:53:03,40.10641,-70.88394,85.264
"EN644","18",2,2019-08-23 15:55:32,40.10696,-70.88438,46.129
"EN644","18",3,2019-08-23 15:55:39,40.10698,-70.8844,45.847
"EN644","18",4,2019-08-23 15:57:41,40.10742,-70.8845,20.05
"EN644","18",5,2019-08-23 15:59:47,40.10805,-70.8845,2.983
"EN644","18",6,2019-08-23 15:59:54,40.10809,-70.8845,2.689
"EN644","19",1,2019-08-23 22:00:15,40.36089,-70.77535,22.417
"EN644","19",2,2019-08-23 22:00:28,40.36086,-70.77536,22.39
"EN644","19",3,2019-08-23 22:02:08,40.36062,-70.77546,15.307
"EN644","19",4,2019-08-23 22:02:17,40.3606,-70.77547,15.128
"EN644","19",5,2019-08-23 22:04:04,40.36026,-70.77562,2.47
"EN644","19",6,2019-08-23 22:04:12,40.36024,-70.77562,2.493
"EN644","20",1,2019-08-23 23:24:13,40.3625,-70.99508,23.421
"EN644","20",2,2019-08-23 23:24:22,40.36253,-70.99512,23.413
"EN644","20",3,2019-08-23 23:25:54,40.36274,-70.99556,14.706
"EN644","20",4,2019-08-23 23:26:01,40.36274,-70.99557,14.622
"EN644","20",5,2019-08-23 23:27:36,40.36294,-70.99588,2.241
"EN644","20",6,2019-08-23 23:27:42,40.36296,-70.99592,2.291
"EN644","21",1,2019-08-24 01:35:30,40.37024,-70.87512,20.678
"EN644","21",2,2019-08-24 01:35:38,40.37027,-70.87512,20.678
"EN644","21",3,2019-08-24 01:38:04,40.37067,-70.87512,13.103
"EN644","21",4,2019-08-24 01:38:16,40.3707,-70.87512,13.121
"EN644","21",5,2019-08-24 01:40:05,40.37096,-70.87518,2.461
"EN644","21",6,2019-08-24 01:40:13,40.37098,-70.87518,2.378
"EN644","22",1,2019-08-24 02:58:07,40.51374,-70.8833,70.945
"EN644","22",2,2019-08-24 02:58:15,40.51376,-70.8833,71.123
"EN644","22",3,2019-08-24 03:00:47,40.51414,-70.8835,45.291
"EN644","22",4,2019-08-24 03:00:53,40.51416,-70.8835,45.311
"EN644","22",5,2019-08-24 03:01:00,40.51418,-70.88352,45.356
"EN644","22",6,2019-08-24 03:02:56,40.51447,-70.88372,30.382
"EN644","22",7,2019-08-24 03:03:05,40.51448,-70.88374,30.202
"EN644","22",8,2019-08-24 03:03:11,40.5145,-70.88375,30.137
"EN644","22",9,2019-08-24 03:04:45,40.51472,-70.88392,21.28
"EN644","22",10,2019-08-24 03:04:53,40.51474,-70.88392,21.245
"EN644","22",11,2019-08-24 03:04:59,40.51476,-70.88394,21.132
"EN644","22",12,2019-08-24 03:06:33,40.515,-70.88404,15.129
"EN644","22",13,2019-08-24 03:06:40,40.51502,-70.88404,15.118
"EN644","22",14,2019-08-24 03:08:01,40.51524,-70.88412,13.092
"EN644","22",15,2019-08-24 03:08:10,40.51528,-70.88414,13.38
"EN644","22",16,2019-08-24 03:08:18,40.5153,-70.88414,13.298
"EN644","22",17,2019-08-24 03:10:28,40.51574,-70.88434,2.194
"EN644","22",18,2019-08-24 03:10:41,40.51578,-70.88436,2.178
"EN644","22",19,2019-08-24 03:10:55,40.51582,-70.8844,2.124
"EN644","22",20,2019-08-24 03:11:08,40.51588,-70.88442,2.127
"EN644","22",21,2019-08-24 03:11:19,40.51591,-70.88444,1.919
"EN644","22",22,2019-08-24 03:11:30,40.51596,-70.88446,2.202
"EN644","22",23,2019-08-24 03:11:41,40.51598,-70.88448,2.09
"EN644","22",24,2019-08-24 03:11:53,40.51603,-70.8845,2.417
"EN644","23",1,2019-08-24 05:21:02,40.69754,-70.89788,61.78
"EN644","23",2,2019-08-24 05:21:10,40.69754,-70.89791,61.812
"EN644","23",3,2019-08-24 05:22:56,40.6976,-70.89837,49.843
"EN644","23",4,2019-08-24 05:25:57,40.69784,-70.89917,29.87
"EN644","23",5,2019-08-24 05:26:06,40.69784,-70.8992,30.254
"EN644","23",6,2019-08-24 05:26:14,40.69786,-70.89924,30.315
"EN644","23",7,2019-08-24 05:26:23,40.69788,-70.89927,30.053
"EN644","23",8,2019-08-24 05:28:17,40.69798,-70.89987,18.004
"EN644","23",9,2019-08-24 05:28:51,40.69798,-70.9,17.867
"EN644","23",10,2019-08-24 05:29:08,40.69798,-70.90008,17.688
"EN644","23",11,2019-08-24 05:29:20,40.69798,-70.90014,18.015
"EN644","23",12,2019-08-24 05:31:50,40.69797,-70.90083,11.904
"EN644","23",13,2019-08-24 05:31:58,40.69796,-70.90086,12.159
"EN644","23",14,2019-08-24 05:32:06,40.69796,-70.9009,12.138
"EN644","23",15,2019-08-24 05:32:13,40.69796,-70.90094,11.971
"EN644","23",16,2019-08-24 05:32:22,40.69796,-70.90099,11.841
"EN644","23",17,2019-08-24 05:34:11,40.69798,-70.90149,3.441
"EN644","23",18,2019-08-24 05:34:24,40.69798,-70.90155,3.481
"EN644","23",19,2019-08-24 05:34:35,40.69798,-70.90163,3.231
"EN644","23",20,2019-08-24 05:34:45,40.69798,-70.9017,3.336
"EN644","23",21,2019-08-24 05:34:54,40.698,-70.90172,3.316
"EN644","23",22,2019-08-24 05:35:02,40.698,-70.90177,3.227
"EN644","23",23,2019-08-24 05:35:11,40.698,-70.9018,3.341
"EN644","23",24,2019-08-24 05:35:18,40.69802,-70.90185,3.529
"EN644","24",1,2019-08-24 08:01:11,40.69702,-70.77694,16.077
"EN644","24",2,2019-08-24 08:01:18,40.69702,-70.77697,16.067
"EN644","24",3,2019-08-24 08:02:53,40.69712,-70.77736,3.152
"EN644","24",4,2019-08-24 08:03:02,40.69712,-70.77738,3.01
"EN644","25",1,2019-08-24 09:50:37,40.69812,-70.9961,14.14
"EN644","25",2,2019-08-24 09:50:46,40.69814,-70.99612,14.302
"EN644","25",3,2019-08-24 09:52:43,40.6984,-70.99634,3.558
"EN644","25",4,2019-08-24 09:52:52,40.69842,-70.99634,3.318
"EN644","26",1,2019-08-25 00:08:02,41.06009,-70.8811,24.219
"EN644","26",2,2019-08-25 00:08:33,41.06012,-70.88106,24.093
"EN644","26",3,2019-08-25 00:09:57,41.06016,-70.88105,11.238
"EN644","26",4,2019-08-25 00:10:07,41.0602,-70.88106,11.044
"EN644","27",1,2019-08-25 01:03:05,41.11566,-70.88388,34.233
"EN644","27",2,2019-08-25 01:03:13,41.11568,-70.88392,34.102
"EN644","27",3,2019-08-25 01:04:11,41.11584,-70.88406,30.375
"EN644","27",4,2019-08-25 01:04:22,41.11586,-70.88408,30.02
"EN644","27",5,2019-08-25 01:05:25,41.11604,-70.8842,24.393
"EN644","27",6,2019-08-25 01:05:35,41.11606,-70.88422,24.274
"EN644","27",7,2019-08-25 01:06:52,41.11626,-70.88434,18.315
"EN644","27",8,2019-08-25 01:07:01,41.1163,-70.88436,18.146
"EN644","27",9,2019-08-25 01:09:33,41.11686,-70.88474,3.021
"EN644","27",10,2019-08-25 01:09:41,41.11689,-70.88476,3.314
"EN644","28",1,2019-08-25 02:20:20,41.2003,-70.8842,9.677
"EN644","29",1,2019-08-25 04:26:07,41.3182,-70.58512,15.244
"EN644","29",2,2019-08-25 04:26:18,41.31823,-70.58519,15.218
"EN644","29",3,2019-08-25 04:26:25,41.31824,-70.58523,15.136
"EN644","29",4,2019-08-25 04:27:49,41.31846,-70.58567,6.644
"EN644","29",5,2019-08-25 04:27:56,41.31848,-70.5857,6.591
"EN644","29",6,2019-08-25 04:28:03,41.3185,-70.58574,6.916
"EN644","29",7,2019-08-25 04:29:19,41.31872,-70.58607,3.884
"EN644","29",8,2019-08-25 04:29:26,41.31874,-70.5861,3.694
"EN644","29",9,2019-08-25 04:29:34,41.31876,-70.58612,3.441
"AR38","2",1,2019-09-20 19:56:01,40.863333,-70.882833,43.9524012030824
"AR38","2",2,2019-09-20 19:57:37,40.863333,-70.882833,32.9949489716214
"AR38","2",3,2019-09-20 19:57:56,40.863333,-70.882833,33.2290844603637
"AR38","2",4,2019-09-20 19:59:17,40.863333,-70.882833,23.7463828839588
"AR38","2",5,2019-09-20 20:01:44,40.863333,-70.882833,13.5061987355814
"AR38","2",6,2019-09-20 20:02:37,40.863333,-70.882833,8.56004887496329
"AR38","2",7,2019-09-20 20:02:50,40.863333,-70.882833,8.37549613439605
"AR38","3",1,2019-09-20 22:12:13,40.862667,-70.882833,49.5573929371176
"AR38","3",2,2019-09-20 22:12:27,40.862667,-70.882833,49.556400917234
"AR38","3",3,2019-09-20 22:14:00,40.862667,-70.882833,38.9107587090585
"AR38","3",4,2019-09-20 22:14:09,40.862667,-70.882833,38.0813852715776
"AR38","3",5,2019-09-20 22:15:47,40.862667,-70.882833,30.2319333902276
"AR38","3",6,2019-09-20 22:15:55,40.862667,-70.882833,30.2309412766737
"AR38","3",7,2019-09-20 22:16:03,40.862667,-70.882833,30.1327220110294
"AR38","3",8,2019-09-20 22:17:15,40.862667,-70.882833,19.7499852517141
"AR38","3",9,2019-09-20 22:17:25,40.862667,-70.882833,19.5455992881531
"AR38","3",10,2019-09-20 22:18:48,40.862667,-70.882833,2.30401514824786
"AR38","3",11,2019-09-20 22:18:58,40.862667,-70.882833,2.07877450195473
"AR38","4",1,2019-09-20 23:30:17,40.781,-70.8835,51.7402108081212
"AR38","4",2,2019-09-20 23:30:29,40.781,-70.8835,51.2699943513937
"AR38","4",3,2019-09-20 23:30:41,40.781,-70.8835,50.5190346058768
"AR38","4",4,2019-09-20 23:33:38,40.781,-70.8835,45.6878274425409
"AR38","4",5,2019-09-20 23:33:49,40.781,-70.8835,44.7582782005275
"AR38","4",6,2019-09-20 23:36:31,40.781,-70.8835,38.6273140678375
"AR38","4",7,2019-09-20 23:38:18,40.781,-70.8835,15.8201023645878
"AR38","4",8,2019-09-20 23:38:27,40.781,-70.8835,15.5264136672859
"AR38","4",9,2019-09-20 23:40:05,40.781,-70.8835,8.06399959391529
"AR38","4",10,2019-09-20 23:40:13,40.781,-70.8835,7.4964441317189
"AR38","5",1,2019-09-21 00:40:45,40.695833,-70.884167,59.4484975206933
"AR38","5",2,2019-09-21 00:41:00,40.695833,-70.884167,59.4484975206933
"AR38","5",3,2019-09-21 00:42:58,40.695833,-70.884167,48.7000355318615
"AR38","5",4,2019-09-21 00:43:13,40.695833,-70.884167,48.9351486744022
"AR38","5",5,2019-09-21 00:45:09,40.695833,-70.884167,29.2075222900715
"AR38","5",6,2019-09-21 00:45:20,40.695833,-70.884167,28.9594887327257
"AR38","5",7,2019-09-21 00:45:27,40.695833,-70.884167,29.6569583300682
"AR38","5",8,2019-09-21 00:45:35,40.695833,-70.884167,28.7213762348358
"AR38","5",9,2019-09-21 00:47:01,40.695833,-70.884167,12.2056140904703
"AR38","5",10,2019-09-21 00:47:21,40.695833,-70.884167,12.2185128990424
"AR38","5",11,2019-09-21 00:48:17,40.695833,-70.884167,7.02816508936662
"AR38","5",12,2019-09-21 00:48:24,40.695833,-70.884167,7.48658000504824
"AR38","7",1,2019-09-21 02:59:17,40.514667,-70.8835,70.6786508698297
"AR38","7",2,2019-09-21 02:59:31,40.514667,-70.8835,71.2271979656634
"AR38","7",3,2019-09-21 03:01:45,40.514667,-70.8835,48.1363597145791
"AR38","7",4,2019-09-21 03:01:56,40.514667,-70.8835,48.4339769793546
"AR38","7",5,2019-09-21 03:02:06,40.514667,-70.8835,48.0937012045082
"AR38","7",6,2019-09-21 03:02:22,40.514667,-70.8835,47.9458844380537
"AR38","7",7,2019-09-21 03:04:05,40.514667,-70.8835,33.9960647988965
"AR38","7",8,2019-09-21 03:04:14,40.514667,-70.8835,34.5080015907195
"AR38","7",9,2019-09-21 03:05:57,40.514667,-70.8835,13.6882056724861
"AR38","7",10,2019-09-21 03:07:41,40.514667,-70.8835,6.1451700462774
"AR38","7",11,2019-09-21 03:07:49,40.514667,-70.8835,6.13127837968631
"AR38","7",12,2019-09-21 03:08:04,40.514667,-70.8835,6.85463604984965
"AR38","7",13,2019-09-21 03:08:15,40.514667,-70.8835,6.74647985303359
"AR38","8",1,2019-09-21 04:31:47,40.362667,-70.884,87.6018159286184
"AR38","8",2,2019-09-21 04:32:03,40.362667,-70.884,87.2973082800018
"AR38","8",3,2019-09-21 04:33:04,40.362667,-70.884,82.1285442632996
"AR38","8",4,2019-09-21 04:38:09,40.362667,-70.884,70.315578969497
"AR38","8",5,2019-09-21 04:38:57,40.362667,-70.884,70.38204058425
"AR38","8",6,2019-09-21 04:42:54,40.362667,-70.884,57.8273563620893
"AR38","8",7,2019-09-21 04:43:05,40.362667,-70.884,57.580341974492
"AR38","8",8,2019-09-21 04:45:04,40.362667,-70.884,48.0636129747971
"AR38","8",9,2019-09-21 04:46:49,40.362667,-70.884,48.235241421876
"AR38","8",10,2019-09-21 04:49:18,40.362667,-70.884,40.095132655949
"AR38","8",11,2019-09-21 04:49:37,40.362667,-70.884,40.0068347593679
"AR38","8",12,2019-09-21 04:51:29,40.362667,-70.884,27.5048570362423
"AR38","8",13,2019-09-21 04:51:47,40.362667,-70.884,27.3213051306249
"AR38","8",14,2019-09-21 04:54:18,40.362667,-70.884,7.47589240689117
"AR38","8",15,2019-09-21 04:54:31,40.362667,-70.884,7.54733577335185
"AR38","8",16,2019-09-21 04:54:31,40.362667,-70.884,7.54733577335185
"AR38","9",1,2019-09-21 06:43:04,40.225167,-70.881167,121.416739777433
"AR38","9",2,2019-09-21 06:43:21,40.225167,-70.881167,122.019710508532
"AR38","9",3,2019-09-21 06:46:38,40.225167,-70.881167,91.4365440309896
"AR38","9",4,2019-09-21 06:46:56,40.225167,-70.881167,91.6864963055724
"AR38","9",5,2019-09-21 06:49:03,40.225167,-70.881167,71.8411220248259
"AR38","9",6,2019-09-21 06:49:23,40.225167,-70.881167,72.1089536395189
"AR38","9",7,2019-09-21 06:51:10,40.225167,-70.881167,52.7517615021799
"AR38","9",8,2019-09-21 06:51:28,40.225167,-70.881167,52.1902536022591
"AR38","9",9,2019-09-21 06:52:56,40.225167,-70.881167,37.4585535271093
"AR38","9",10,2019-09-21 06:53:26,40.225167,-70.881167,38.2145599029451
"AR38","9",11,2019-09-21 06:53:53,40.225167,-70.881167,37.5924918680952
"AR38","9",12,2019-09-21 06:55:07,40.225167,-70.881167,31.4411591163297
"AR38","9",13,2019-09-21 06:55:28,40.225167,-70.881167,30.1255436281437
"AR38","9",14,2019-09-21 06:57:53,40.225167,-70.881167,7.91655852439401
"AR38","9",15,2019-09-21 06:58:15,40.225167,-70.881167,8.23805680860723
"AR38","10",1,2019-09-21 08:45:02,40.097333,-70.883667,142.017564297471
"AR38","10",2,2019-09-21 08:45:26,40.097333,-70.883667,141.946166093727
"AR38","10",3,2019-09-21 08:48:10,40.097333,-70.883667,100.626235356863
"AR38","10",4,2019-09-21 08:48:35,40.097333,-70.883667,101.235225297413
"AR38","10",5,2019-09-21 08:50:28,40.097333,-70.883667,70.463098959771
"AR38","10",6,2019-09-21 08:50:52,40.097333,-70.883667,70.4065556471249
"AR38","10",7,2019-09-21 08:52:14,40.097333,-70.883667,59.9626388679058
"AR38","10",8,2019-09-21 08:52:49,40.097333,-70.883667,59.924941395041
"AR38","10",9,2019-09-21 08:54:08,40.097333,-70.883667,50.6243659451653
"AR38","10",10,2019-09-21 08:54:34,40.097333,-70.883667,51.5618830971665
"AR38","10",11,2019-09-21 08:57:23,40.097333,-70.883667,5.2969856336763
"AR38","10",12,2019-09-21 08:57:52,40.097333,-70.883667,5.65322234481865
"AR38","11",1,2019-09-21 11:00:08,39.937833,-70.885667,448.114082196353
"AR38","11",2,2019-09-21 11:00:24,39.937833,-70.885667,448.614123291064
"AR38","11",3,2019-09-21 11:02:54,39.937833,-70.885667,402.200194118213
"AR38","11",4,2019-09-21 11:03:09,39.937833,-70.885667,402.891493572099
"AR38","11",5,2019-09-21 11:06:31,39.937833,-70.885667,322.210697602795
"AR38","11",6,2019-09-21 11:06:42,39.937833,-70.885667,322.202771309341
"AR38","11",7,2019-09-21 11:09:31,39.937833,-70.885667,262.430827442373
"AR38","11",8,2019-09-21 11:09:49,39.937833,-70.885667,262.178103259622
"AR38","11",9,2019-09-21 11:13:20,39.937833,-70.885667,150.686512491942
"AR38","11",10,2019-09-21 11:13:34,39.937833,-70.885667,150.735101573237
"AR38","11",11,2019-09-21 11:17:46,39.937833,-70.885667,90.1603687339648
"AR38","11",12,2019-09-21 11:17:55,39.937833,-70.885667,90.6602891565114
"AR38","11",13,2019-09-21 11:19:18,39.937833,-70.885667,75.2346032824816
"AR38","11",14,2019-09-21 11:19:59,39.937833,-70.885667,74.7624206964592
"AR38","11",15,2019-09-21 11:21:50,39.937833,-70.885667,50.2699282607212
"AR38","11",16,2019-09-21 11:22:00,39.937833,-70.885667,49.436562551784
"AR38","11",17,2019-09-21 11:24:07,39.937833,-70.885667,7.84730394347761
"AR38","11",18,2019-09-21 11:24:26,39.937833,-70.885667,7.90981919259534
"AR38","12",1,2019-09-21 14:39:02,39.7715,-70.8845,1002.2721296908
"AR38","12",2,2019-09-21 14:39:14,39.7715,-70.8845,1001.68947105488
"AR38","12",3,2019-09-21 14:39:26,39.7715,-70.8845,1001.2016166404
"AR38","12",4,2019-09-21 14:39:35,39.7715,-70.8845,999.980988047162
"AR38","12",5,2019-09-21 14:45:15,39.7715,-70.8845,752.455486642528
"AR38","12",6,2019-09-21 14:45:29,39.7715,-70.8845,752.155897693458
"AR38","12",7,2019-09-21 14:50:33,39.7715,-70.8845,501.133124638082
"AR38","12",8,2019-09-21 14:50:44,39.7715,-70.8845,501.805294385108
"AR38","12",9,2019-09-21 14:53:12,39.7715,-70.8845,400.212548377787
"AR38","12",10,2019-09-21 14:53:24,39.7715,-70.8845,400.642393055201
"AR38","12",11,2019-09-21 14:56:16,39.7715,-70.8845,290.236937887858
"AR38","12",12,2019-09-21 14:56:26,39.7715,-70.8845,290.585753966447
"AR38","12",13,2019-09-21 15:01:00,39.7715,-70.8845,89.2322973916113
"AR38","12",14,2019-09-21 15:01:10,39.7715,-70.8845,89.2114669385025
"AR38","12",15,2019-09-21 15:03:19,39.7715,-70.8845,51.1745021405112
"AR38","12",16,2019-09-21 15:03:30,39.7715,-70.8845,50.2885454426654
"AR38","12",17,2019-09-21 15:03:42,39.7715,-70.8845,49.616882546795
"AR38","12",18,2019-09-21 15:04:32,39.7715,-70.8845,44.6244830708195
"AR38","12",19,2019-09-21 15:04:43,39.7715,-70.8845,44.6304359248857
"AR38","12",20,2019-09-21 15:07:28,39.7715,-70.8845,5.32592006154333
"AR38","13",1,2019-09-22 00:50:23,40.610333,-70.881333,62.1808966112436
"AR38","13",2,2019-09-22 00:51:05,40.610333,-70.881333,62.1779206665189
"AR38","13",3,2019-09-22 00:53:39,40.610333,-70.881333,39.9692245218321
"AR38","13",4,2019-09-22 00:54:02,40.610333,-70.881333,40.4672526933005
"AR38","13",5,2019-09-22 00:55:52,40.610333,-70.881333,20.2237127921486
"AR38","13",6,2019-09-22 00:56:14,40.610333,-70.881333,20.259431446421
"AR38","13",7,2019-09-22 00:57:51,40.610333,-70.881333,6.47553650191954
"AR38","13",8,2019-09-22 00:58:04,40.610333,-70.881333,6.23938048276952
"AR38","14",1,2019-09-22 01:57:30,40.701,-70.882167,57.1549836348835
"AR38","14",2,2019-09-22 01:57:39,40.701,-70.882167,56.7314001745226
"AR38","14",3,2019-09-22 01:59:45,40.701,-70.882167,22.8101339017573
"AR38","14",4,2019-09-22 01:59:53,40.701,-70.882167,23.1196888914646
"AR38","14",5,2019-09-22 02:01:29,40.701,-70.882167,6.10636806897386
"AR38","14",6,2019-09-22 02:01:39,40.701,-70.882167,6.11132929487838
"AR38","15",1,2019-09-22 03:23:45,40.781667,-70.883,2.85870272536356
"AR38","16",1,2019-09-22 04:19:52,40.864167,-70.883333,49.5276255545703
"AR38","17",1,2019-09-22 05:33:00,40.947667,-70.883,49.5183197231241
"AR38","18",1,2019-09-22 07:14:27,41.030167,-70.999833,38.2931033613337
"AR38","18",2,2019-09-22 07:15:00,41.030167,-70.999833,38.3446904379367
"AR38","18",3,2019-09-22 07:16:26,41.030167,-70.999833,25.353264956816
"AR38","18",4,2019-09-22 07:16:55,41.030167,-70.999833,25.4207292432039
"AR38","18",5,2019-09-22 07:18:43,41.030167,-70.999833,11.3013582162497
"AR38","18",6,2019-09-22 07:19:08,41.030167,-70.999833,11.2249595590575
"AR38","18",7,2019-09-22 07:21:40,41.030167,-70.999833,5.38186602329279
"AR38","18",8,2019-09-22 07:22:09,41.030167,-70.999833,5.32431732004631
"AR38","19",1,2019-09-22 08:11:57,41.030167,-70.883167,40.3407034943248
"AR38","19",2,2019-09-22 08:12:31,41.030167,-70.883167,40.5778031553808
"AR38","19",3,2019-09-22 08:13:30,41.030167,-70.883167,30.2949650768354
"AR38","19",4,2019-09-22 08:13:55,41.030167,-70.883167,30.5122344372267
"AR38","19",5,2019-09-22 08:15:06,41.030167,-70.883167,15.501256082482
"AR38","19",6,2019-09-22 08:15:27,41.030167,-70.883167,15.7165568152897
"AR38","19",7,2019-09-22 08:16:45,41.030167,-70.883167,5.58030970340628
"AR38","19",8,2019-09-22 08:17:14,41.030167,-70.883167,5.80157417971413
"AR38","20",1,2019-09-22 09:24:56,41.114,-70.882833,34.9674256384777
"AR39A","1",1,2019-09-26 14:21:51,40.363667,-70.8815,86.7537481424876
"AR39A","1",2,2019-09-26 14:22:00,40.363667,-70.8815,86.8390502235415
"AR39A","1",3,2019-09-26 14:25:00,40.363667,-70.8815,39.767732148018
"AR39A","1",4,2019-09-26 14:25:08,40.363667,-70.8815,39.6278442405227
"AR39A","1",5,2019-09-26 14:27:03,40.363667,-70.8815,20.0336635269279
"AR39A","1",6,2019-09-26 14:27:18,40.363667,-70.8815,19.964208944307
"AR39A","1",7,2019-09-26 14:28:28,40.363667,-70.8815,8.87300179362293
"AR39A","1",8,2019-09-26 14:28:36,40.363667,-70.8815,8.73706181548459
"AR39A","2",1,2019-09-26 20:03:07,40.136333,-70.774833,126.930716429525
"AR39A","2",2,2019-09-26 20:03:34,40.136333,-70.774833,126.876172318225
"AR39A","2",3,2019-09-26 20:06:41,40.136333,-70.774833,84.9949033553202
"AR39A","2",4,2019-09-26 20:07:02,40.136333,-70.774833,84.8272698351103
"AR39A","2",5,2019-09-26 20:11:02,40.136333,-70.774833,38.9321850734924
"AR39A","2",6,2019-09-26 20:11:23,40.136333,-70.774833,38.8151128669494
"AR39A","2",7,2019-09-26 20:13:32,40.136333,-70.774833,6.99875454606529
"AR39A","2",8,2019-09-26 20:13:43,40.136333,-70.774833,6.86876426507131
"AR39A","3",1,2019-09-27 12:47:01,40.050833,-70.6005,125.113874734154
"AR39A","3",2,2019-09-27 12:48:18,40.050833,-70.6005,110.365364839823
"AR39A","3",3,2019-09-27 12:49:23,40.050833,-70.6005,100.079161034529
"AR39A","3",4,2019-09-27 12:50:48,40.050833,-70.6005,80.1975829979478
"AR39A","3",5,2019-09-27 12:52:21,40.050833,-70.6005,60.1950302483859
"AR39A","3",6,2019-09-27 12:53:41,40.050833,-70.6005,45.1075036474991
"AR39A","3",7,2019-09-27 12:55:21,40.050833,-70.6005,20.5402736836595
"AR39A","3",8,2019-09-27 12:56:46,40.050833,-70.6005,2.88667799525359
"AR39A","4",1,2019-09-27 19:07:22,40.1365,-70.775333,127.280788174454
"AR39A","4",2,2019-09-27 19:07:29,40.1365,-70.775333,127.183600642529
"AR39A","4",3,2019-09-27 19:10:27,40.1365,-70.775333,85.1357537898061
"AR39A","4",4,2019-09-27 19:10:35,40.1365,-70.775333,85.0742551610632
"AR39A","4",5,2019-09-27 19:13:17,40.1365,-70.775333,44.9702414806457
"AR39A","4",6,2019-09-27 19:13:25,40.1365,-70.775333,45.1617181925905
"AR39A","4",7,2019-09-27 19:16:03,40.1365,-70.775333,7.22003541176908
"AR39A","4",8,2019-09-27 19:16:11,40.1365,-70.775333,7.09996818760792
"AR39A","5",1,2019-09-28 12:12:37,39.939833,-70.883167,437.304897460191
"AR39A","5",2,2019-09-28 12:12:44,39.939833,-70.883167,437.276180693104
"AR39A","5",3,2019-09-28 12:18:30,39.939833,-70.883167,199.48494095752
"AR39A","5",4,2019-09-28 12:18:38,39.939833,-70.883167,199.568216701196
"AR39A","5",5,2019-09-28 12:23:33,39.939833,-70.883167,45.1079586109028
"AR39A","5",6,2019-09-28 12:23:41,39.939833,-70.883167,45.1526042242993
"AR39A","5",7,2019-09-28 12:25:52,39.939833,-70.883167,8.05568656943767
"AR39A","5",8,2019-09-28 12:26:00,39.939833,-70.883167,8.10331717999192
"AR39A","6",1,2019-09-29 15:28:36,39.939667,-70.883833,434.113357461586
"AR39A","6",2,2019-09-29 15:28:47,39.939667,-70.883833,433.826185163977
"AR39A","6",3,2019-09-29 15:35:05,39.939667,-70.883833,201.834496660521
"AR39A","6",4,2019-09-29 15:35:14,39.939667,-70.883833,201.621352693572
"AR39A","6",5,2019-09-29 15:40:42,39.939667,-70.883833,56.7869200818501
"AR39A","6",6,2019-09-29 15:41:44,39.939667,-70.883833,56.6648956479542
"AR39A","6",7,2019-09-29 15:45:36,39.939667,-70.883833,6.82026383664164
"AR39A","6",8,2019-09-29 15:45:44,39.939667,-70.883833,6.94033337310535
"AR39A","7",1,2019-09-30 13:17:01,39.94,-70.776167,440.029004551531
"AR39A","7",2,2019-09-30 13:17:11,39.94,-70.776167,439.432891136365
"AR39A","7",3,2019-09-30 13:21:57,39.94,-70.776167,260.327705106911
"AR39A","7",4,2019-09-30 13:22:04,39.94,-70.776167,260.56259201353
"AR39A","7",5,2019-09-30 13:28:57,39.94,-70.776167,62.6350771428675
"AR39A","7",6,2019-09-30 13:29:05,39.94,-70.776167,62.2680220470657
"AR39A","7",7,2019-09-30 13:32:39,39.94,-70.776167,6.70416327124396
"AR39A","7",8,2019-09-30 13:32:47,39.94,-70.776167,6.69424016057209
"AR39A","8",1,2019-09-30 14:30:30,40.006833,-70.775,257.454949843253
"AR39A","8",2,2019-09-30 14:30:38,40.006833,-70.775,257.495584626997
"AR39A","8",3,2019-09-30 14:34:12,40.006833,-70.775,135.416222567741
"AR39A","8",4,2019-09-30 14:34:20,40.006833,-70.775,134.338261805109
"AR39A","8",5,2019-09-30 14:37:39,40.006833,-70.775,52.6972522521819
"AR39A","8",6,2019-09-30 14:37:46,40.006833,-70.775,52.5871311169528
"AR39A","8",7,2019-09-30 14:40:29,40.006833,-70.775,7.76489387687541
"AR39A","8",8,2019-09-30 14:40:37,40.006833,-70.775,7.77283227569784
"AR39A","9",1,2019-09-30 15:30:13,40.0715,-70.7755,132.108161190513
"AR39A","9",2,2019-09-30 15:30:46,40.0715,-70.7755,132.017917217527
"AR39A","9",3,2019-09-30 15:35:42,40.0715,-70.7755,58.6493132042769
"AR39A","9",4,2019-09-30 15:36:09,40.0715,-70.7755,58.1552730222409
"AR39A","9",5,2019-09-30 15:41:04,40.0715,-70.7755,7.80057081983889
"AR39A","9",6,2019-09-30 15:45:19,40.0715,-70.7755,7.49593637602608
"AR39A","9",7,2019-09-30 15:45:49,40.0715,-70.7755,7.65966504228288
"AR39A","10",1,2019-09-30 16:40:26,40.137167,-70.775,121.57143101779
"AR39A","10",2,2019-09-30 16:40:42,40.137167,-70.775,121.700356765138
"AR39A","10",3,2019-09-30 16:43:34,40.137167,-70.775,75.3125971145001
"AR39A","10",4,2019-09-30 16:43:46,40.137167,-70.775,74.4724046586557
"AR39A","10",5,2019-09-30 16:46:26,40.137167,-70.775,34.8961290743676
"AR39A","10",6,2019-09-30 16:46:36,40.137167,-70.775,35.1183720206403
"AR39A","10",7,2019-09-30 16:50:36,40.137167,-70.775,7.11385983520429
"AR39A","10",8,2019-09-30 16:50:44,40.137167,-70.775,7.12775191254624
"AR39A","11",1,2019-09-30 18:27:42,40.220333,-70.7745,115.004166254356
"AR39A","11",2,2019-09-30 18:27:49,40.220333,-70.7745,114.526136850265
"AR39A","11",3,2019-09-30 18:32:21,40.220333,-70.7745,63.909207683075
"AR39A","11",4,2019-09-30 18:32:29,40.220333,-70.7745,64.3298188330264
"AR39A","11",5,2019-09-30 18:35:41,40.220333,-70.7745,43.8329485312999
"AR39A","11",6,2019-09-30 18:35:49,40.220333,-70.7745,43.7029826401864
"AR39A","11",7,2019-09-30 18:38:05,40.220333,-70.7745,7.30035527840866
"AR39A","11",8,2019-09-30 18:38:13,40.220333,-70.7745,7.17631988326087
"AR39A","12",1,2019-09-30 20:10:44,40.2935,-70.775833,93.3482890077191
"AR39A","12",2,2019-09-30 20:10:52,40.2935,-70.775833,93.3651506148707
"AR39A","12",3,2019-09-30 20:14:08,40.2935,-70.775833,55.6750012911861
"AR39A","12",4,2019-09-30 20:14:16,40.2935,-70.775833,55.472624677881
"AR39A","12",5,2019-09-30 20:16:49,40.2935,-70.775833,17.3815849836545
"AR39A","12",6,2019-09-30 20:16:58,40.2935,-70.775833,17.1900850144081
"AR39A","12",7,2019-09-30 20:18:24,40.2935,-70.775833,7.60096614924194
"AR39A","12",8,2019-09-30 20:18:32,40.2935,-70.775833,7.23580869901162
"AR39A","13",1,2019-09-30 21:09:55,40.364833,-70.775,83.4299061216456
"AR39A","13",2,2019-09-30 21:10:03,40.364833,-70.775,83.537031386222
"AR39A","13",3,2019-09-30 21:12:43,40.364833,-70.775,58.8719444674924
"AR39A","13",4,2019-09-30 21:12:51,40.364833,-70.775,58.1001516100592
"AR39A","13",5,2019-09-30 21:15:16,40.364833,-70.775,48.1092388088584
"AR39A","13",6,2019-09-30 21:15:25,40.364833,-70.775,47.4385970738929
"AR39A","13",7,2019-09-30 21:17:00,40.3648,-70.775,7
"AR39A","14",1,2019-10-02 13:13:28,40.188,-71.0265,122.453508707583
"AR39A","14",2,2019-10-02 13:13:36,40.188,-71.0265,121.812851434789
"AR39A","14",3,2019-10-02 13:16:51,40.188,-71.0265,57.4641964129481
"AR39A","14",4,2019-10-02 13:16:59,40.188,-71.0265,57.424514705504
"AR39A","14",5,2019-10-02 13:19:00,40.188,-71.0265,27.0637702750785
"AR39A","14",6,2019-10-02 13:19:07,40.188,-71.0265,27.1223094727188
"AR39A","14",7,2019-10-02 13:20:52,40.188,-71.0265,7.54944033312533
"AR39A","14",8,2019-10-02 13:20:59,40.188,-71.0265,7.6794295706499
"AR39A","15",1,2019-10-02 15:04:50,40.188833,-70.960167,122.16788159394
"AR39A","16",1,2019-10-02 16:10:58,40.188,-70.894,122.932512759935
"AR39A","16",2,2019-10-02 16:11:06,40.188,-70.894,121.702769256027
"AR39A","16",3,2019-10-02 16:13:53,40.188,-70.894,75.4382272816995
"AR39A","16",4,2019-10-02 16:14:01,40.188,-70.894,75.5840446922304
"AR39A","16",5,2019-10-02 16:15:43,40.188,-70.894,58.0713255779226
"AR39A","16",6,2019-10-02 16:15:50,40.188,-70.894,57.963193227683
"AR39A","16",7,2019-10-02 16:18:31,40.188,-70.894,7.15748755199365
"AR39A","16",8,2019-10-02 16:18:39,40.188,-70.894,7.55638632500575
"AR39A","17",1,2019-10-02 17:12:15,40.187833,-70.825167,120.226077402453
"AR39A","18",1,2019-10-02 18:33:31,40.187667,-70.7575,119.358305949232
"AR39A","18",2,2019-10-02 18:33:46,40.187667,-70.7575,119.783763245128
"AR39A","18",3,2019-10-02 18:36:20,40.187667,-70.7575,75.8469148487188
"AR39A","18",4,2019-10-02 18:36:27,40.187667,-70.7575,77.0838772251655
"AR39A","18",5,2019-10-02 18:38:08,40.187667,-70.7575,55.7062910850105
"AR39A","18",6,2019-10-02 18:38:15,40.187667,-70.7575,56.5376282502171
"AR39A","18",7,2019-10-02 18:40:50,40.187667,-70.7575,8.34525126403283
"AR39A","18",8,2019-10-02 18:40:57,40.187667,-70.7575,8.25693825902817
"AR39A","19",1,2019-10-02 19:44:21,40.1875,-70.690167,118.649210296514
"AR39A","20",1,2019-10-02 20:52:23,40.188,-70.6225,111.315109243363
"AR39A","20",2,2019-10-02 20:52:30,40.188,-70.6225,111.113777426815
"AR39A","20",3,2019-10-02 20:54:48,40.188,-70.6225,74.8509887680733
"AR39A","20",4,2019-10-02 20:55:00,40.188,-70.6225,75.1009621249407
"AR39A","20",5,2019-10-02 20:57:24,40.188,-70.6225,37.1620302592803
"AR39A","20",6,2019-10-02 20:57:32,40.188,-70.6225,36.6699277432561
"AR39A","20",7,2019-10-02 21:00:01,40.188,-70.6225,7.3678521759981
"AR39A","20",8,2019-10-02 21:00:09,40.188,-70.6225,7.47898811643832
"AR39B","1",1,2019-10-05 22:38:41,41.1955,-70.884667,19.2662145801946
"AR39B","1",2,2019-10-05 22:38:55,41.1955,-70.884667,19.2017256949317
"AR39B","1",3,2019-10-05 22:41:11,41.1955,-70.884667,2.2384586132398
"AR39B","1",4,2019-10-05 22:41:21,41.1955,-70.884667,2.43987899797104
"AR39B","1",5,2019-10-05 22:41:29,41.1955,-70.884667,2.41805019738724
"AR39B","2",1,2019-10-06 00:16:03,41.03,-70.882667,40.1601510430867
"AR39B","2",2,2019-10-06 00:16:13,41.03,-70.882667,39.9885262768596
"AR39B","2",3,2019-10-06 00:18:27,41.03,-70.882667,30.1917873131043
"AR39B","2",4,2019-10-06 00:18:37,41.03,-70.882667,30.4408039046886
"AR39B","2",5,2019-10-06 00:18:46,41.03,-70.882667,30.3812780537825
"AR39B","2",6,2019-10-06 00:18:53,41.03,-70.882667,30.4497327808311
"AR39B","2",7,2019-10-06 00:20:59,41.03,-70.882667,15.4437104618315
"AR39B","2",8,2019-10-06 00:21:08,41.03,-70.882667,15.4258513993971
"AR39B","2",9,2019-10-06 00:21:17,41.03,-70.882667,15.3851724180319
"AR39B","2",10,2019-10-06 00:23:19,41.03,-70.882667,2.46571397815234
"AR39B","2",11,2019-10-06 00:23:28,41.03,-70.882667,2.33176247332729
"AR39B","2",12,2019-10-06 00:23:34,41.03,-70.882667,2.30100322650008
"AR39B","2",13,2019-10-06 00:23:43,41.03,-70.882667,2.28115854867265
"AR39B","3",1,2019-10-06 01:59:50,40.863333,-70.882667,49.3212890697405
"AR39B","3",2,2019-10-06 01:59:58,40.863333,-70.882667,49.3897385048759
"AR39B","3",3,2019-10-06 02:02:29,40.863333,-70.882667,27.5016170095621
"AR39B","3",4,2019-10-06 02:02:37,40.863333,-70.882667,27.5879320167425
"AR39B","3",5,2019-10-06 02:04:32,40.863333,-70.882667,15.3477036186446
"AR39B","3",6,2019-10-06 02:06:28,40.863333,-70.882667,2.82097605066197
"AR39B","3",7,2019-10-06 02:06:37,40.863333,-70.882667,2.38339490763554
"AR39B","3",8,2019-10-06 02:06:46,40.863333,-70.882667,2.39034064737677
"AR39B","4",1,2019-10-06 03:39:20,40.697167,-70.884,60.4097233793193
"AR39B","4",2,2019-10-06 03:39:29,40.697167,-70.884,60.1587517064661
"AR39B","4",3,2019-10-06 03:41:52,40.697167,-70.884,47.3181145784823
"AR39B","4",4,2019-10-06 03:44:20,40.697167,-70.884,28.2907853210585
"AR39B","4",5,2019-10-06 03:44:29,40.697167,-70.884,28.3205494574535
"AR39B","4",6,2019-10-06 03:44:38,40.697167,-70.884,28.4961577740627
"AR39B","4",7,2019-10-06 03:44:45,40.697167,-70.884,28.4753228969205
"AR39B","4",8,2019-10-06 03:46:53,40.697167,-70.884,15.0711122125286
"AR39B","4",9,2019-10-06 03:47:03,40.697167,-70.884,15.1127846946558
"AR39B","4",10,2019-10-06 03:47:12,40.697167,-70.884,15.2784823372306
"AR39B","4",11,2019-10-06 03:49:39,40.697167,-70.884,2.36358578392663
"AR39B","4",12,2019-10-06 03:49:49,40.697167,-70.884,2.25344448388639
"AR39B","4",13,2019-10-06 03:49:58,40.697167,-70.884,2.21970749723287
"AR39B","4",14,2019-10-06 03:50:05,40.697167,-70.884,2.36259352022707
"AR39B","5",1,2019-10-06 05:39:07,40.514167,-70.883667,71.0119487191284
"AR39B","5",2,2019-10-06 05:39:15,40.514167,-70.883667,70.9038264140241
"AR39B","5",3,2019-10-06 05:41:36,40.514167,-70.883667,60.1131316273888
"AR39B","5",4,2019-10-06 05:44:37,40.514167,-70.883667,37.2561692172229
"AR39B","5",5,2019-10-06 05:44:47,40.514167,-70.883667,37.2194611051463
"AR39B","5",6,2019-10-06 05:47:29,40.514167,-70.883667,20.5026963210474
"AR39B","5",7,2019-10-06 05:50:01,40.514167,-70.883667,2.51445177101473
"AR39B","5",8,2019-10-06 05:50:10,40.514167,-70.883667,2.41919291448782
"AR39B","5",9,2019-10-06 05:50:19,40.514167,-70.883667,2.2723354237534
"AR39B","6",1,2019-10-06 14:27:31,40.363333,-70.883333,82.4409898414841
"AR39B","6",2,2019-10-06 14:27:38,40.363333,-70.883333,82.3884188283451
"AR39B","6",3,2019-10-06 14:27:45,40.363333,-70.883333,82.5183584777932
"AR39B","6",4,2019-10-06 14:29:41,40.363333,-70.883333,67.6223733792976
"AR39B","6",5,2019-10-06 14:29:48,40.363333,-70.883333,67.405130181789
"AR39B","6",6,2019-10-06 14:29:54,40.363333,-70.883333,67.4586970190186
"AR39B","6",7,2019-10-06 14:32:01,40.363333,-70.883333,41.5624570204972
"AR39B","6",8,2019-10-06 14:32:08,40.363333,-70.883333,41.5515438782808
"AR39B","6",9,2019-10-06 14:32:14,40.363333,-70.883333,41.7886565645148
"AR39B","6",10,2019-10-06 14:32:21,40.363333,-70.883333,41.6001569618589
"AR39B","6",11,2019-10-06 14:32:28,40.363333,-70.883333,41.6160306193023
"AR39B","6",12,2019-10-06 14:34:10,40.363333,-70.883333,22.6272798933133
"AR39B","6",13,2019-10-06 14:34:16,40.363333,-70.883333,22.472497319936
"AR39B","6",14,2019-10-06 14:34:23,40.363333,-70.883333,22.3425195556943
"AR39B","6",15,2019-10-06 14:34:30,40.363333,-70.883333,22.5548496011162
"AR39B","6",16,2019-10-06 14:34:36,40.363333,-70.883333,22.5429432492603
"AR39B","6",17,2019-10-06 14:36:12,40.363333,-70.883333,7.60191008930426
"AR39B","6",18,2019-10-06 14:36:29,40.363333,-70.883333,7.70113691327975
"AR39B","6",19,2019-10-06 14:36:43,40.363333,-70.883333,7.54336624058167
"AR39B","6",20,2019-10-06 14:36:57,40.363333,-70.883333,7.70709052118764
"AR39B","6",21,2019-10-06 14:37:08,40.363333,-70.883333,7.65053123906653
"AR39B","6",22,2019-10-06 14:37:16,40.363333,-70.883333,7.67533794367657
"AR39B","7",1,2019-10-06 18:52:19,40.365,-70.774833,83.9714819967955
"AR39B","7",2,2019-10-06 18:52:27,40.365,-70.774833,83.8990734139398
"AR39B","7",3,2019-10-06 18:55:50,40.365,-70.774833,43.8194740959425
"AR39B","7",4,2019-10-06 18:55:58,40.365,-70.774833,43.7649089889736
"AR39B","7",5,2019-10-06 18:57:18,40.365,-70.774833,33.9459291977745
"AR39B","7",6,2019-10-06 18:57:32,40.365,-70.774833,33.911204274527
"AR39B","7",7,2019-10-06 18:57:40,40.365,-70.774833,33.8100058931724
"AR39B","7",8,2019-10-06 18:59:32,40.365,-70.774833,8.05041372863107
"AR39B","7",9,2019-10-06 18:59:57,40.365,-70.774833,8.0275916058122
"AR39B","7",10,2019-10-06 19:00:04,40.365,-70.774833,7.84501453159661
"AR39B","8",1,2019-10-06 22:47:59,40.3635,-70.664167,3.00070934974619
"AR39B","9",1,2019-10-07 01:25:02,40.363667,-71.101,2.77248229938082
"AR39B","10",1,2019-10-07 14:09:34,40.137833,-70.775,122.942991019169
"AR39B","10",2,2019-10-07 14:09:43,40.137833,-70.775,123.174064010482
"AR39B","10",3,2019-10-07 14:09:52,40.137833,-70.775,123.068940707667
"AR39B","10",4,2019-10-07 14:11:44,40.137833,-70.775,90.9978660108338
"AR39B","10",5,2019-10-07 14:14:12,40.137833,-70.775,67.9669921248511
"AR39B","10",6,2019-10-07 14:14:28,40.137833,-70.775,68.064207733257
"AR39B","10",7,2019-10-07 14:14:37,40.137833,-70.775,67.927312271424
"AR39B","10",8,2019-10-07 14:14:45,40.137833,-70.775,67.9352482427244
"AR39B","10",9,2019-10-07 14:16:04,40.137833,-70.775,55.661901086284
"AR39B","10",10,2019-10-07 14:16:11,40.137833,-70.775,55.7144800395949
"AR39B","10",11,2019-10-07 14:16:19,40.137833,-70.775,55.6460281920652
"AR39B","10",12,2019-10-07 14:18:05,40.137833,-70.775,31.1149836543735
"AR39B","10",13,2019-10-07 14:18:18,40.137833,-70.775,30.9860008872494
"AR39B","10",14,2019-10-07 14:18:27,40.137833,-70.775,30.876861559266
"AR39B","10",15,2019-10-07 14:18:34,40.137833,-70.775,31.023703550663
"AR39B","10",16,2019-10-07 14:18:42,40.137833,-70.775,30.6744575605824
"AR39B","10",17,2019-10-07 14:20:42,40.137833,-70.775,8.01188098026816
"AR39B","10",18,2019-10-07 14:20:59,40.137833,-70.775,7.94639003728097
"AR39B","10",19,2019-10-07 14:21:07,40.137833,-70.775,8.11309421455259
"AR39B","10",20,2019-10-07 14:21:14,40.137833,-70.775,8.15080109295298
"AR39B","10",21,2019-10-07 14:21:22,40.137833,-70.775,8.08431790793925
"AR39B","10",22,2019-10-07 14:21:29,40.137833,-70.775,8.13889365841953
"AR39B","11",1,2019-10-07 18:48:33,40.226667,-70.883,117.46563480753
"AR39B","11",2,2019-10-07 18:48:49,40.226667,-70.883,117.619355784844
"AR39B","11",3,2019-10-07 18:48:57,40.226667,-70.883,117.436874095748
"AR39B","11",4,2019-10-07 18:51:24,40.226667,-70.883,76.8326417024354
"AR39B","11",5,2019-10-07 18:51:36,40.226667,-70.883,76.7225357464234
"AR39B","11",6,2019-10-07 18:51:45,40.226667,-70.883,76.6610350965829
"AR39B","11",7,2019-10-07 18:53:28,40.226667,-70.883,57.0790827182111
"AR39B","11",8,2019-10-07 18:53:35,40.226667,-70.883,57.5175643551598
"AR39B","11",9,2019-10-07 18:54:51,40.226667,-70.883,48.4531048249263
"AR39B","11",10,2019-10-07 18:56:14,40.226667,-70.883,33.5316362637895
"AR39B","11",11,2019-10-07 18:56:33,40.226667,-70.883,33.386781570236
"AR39B","11",12,2019-10-07 18:56:42,40.226667,-70.883,33.5485028995257
"AR39B","11",13,2019-10-07 18:58:43,40.226667,-70.883,8.57741438969785
"AR39B","11",14,2019-10-07 18:59:02,40.226667,-70.883,8.63198956756737
"AR39B","11",15,2019-10-07 18:59:09,40.226667,-70.883,8.80762231388506
"AR39B","11",16,2019-10-07 18:59:17,40.226667,-70.883,8.71335616935486
"AR39B","11",17,2019-10-07 18:59:25,40.226667,-70.883,9.11125823148619
"AR39B","12",1,2019-10-08 02:36:51,40.095167,-70.888,136.804465379047
"AR39B","12",2,2019-10-08 02:37:08,40.095167,-70.888,137.412356316925
"AR39B","12",3,2019-10-08 02:37:19,40.095167,-70.888,136.978007021431
"AR39B","12",4,2019-10-08 02:38:59,40.095167,-70.888,101.612143713829
"AR39B","12",5,2019-10-08 02:40:31,40.095167,-70.888,76.2949272620022
"AR39B","12",6,2019-10-08 02:40:50,40.095167,-70.888,76.4407452942417
"AR39B","12",7,2019-10-08 02:41:01,40.095167,-70.888,76.5726758053944
"AR39B","12",8,2019-10-08 02:42:10,40.095167,-70.888,66.5308346571483
"AR39B","12",9,2019-10-08 02:43:37,40.095167,-70.888,46.1143118777653
"AR39B","12",10,2019-10-08 02:43:52,40.095167,-70.888,46.2065777117105
"AR39B","12",11,2019-10-08 02:44:02,40.095167,-70.888,46.1053829238863
"AR39B","12",12,2019-10-08 02:46:01,40.095167,-70.888,8.47531129969405
"AR39B","12",13,2019-10-08 02:46:13,40.095167,-70.888,8.09427217688553
"AR39B","12",14,2019-10-08 02:46:31,40.095167,-70.888,8.44455035517871
"AR39B","12",15,2019-10-08 02:46:39,40.095167,-70.888,7.93153650189108
"AR39B","13",1,2019-10-08 05:56:18,39.7735,-70.884333,502.358578443711
"AR39B","13",2,2019-10-08 06:03:15,39.7735,-70.884333,300.541572644715
"AR39B","13",3,2019-10-08 06:07:20,39.7735,-70.884333,150.072958178737
"AR39B","13",4,2019-10-08 06:11:15,39.7735,-70.884333,75.5511795341805
"AR39B","13",5,2019-10-08 06:11:25,39.7735,-70.884333,74.6881443706057
"AR39B","13",6,2019-10-08 06:11:35,39.7735,-70.884333,75.3250051532547
"AR39B","13",7,2019-10-08 06:14:17,39.7735,-70.884333,50.1754352060877
"AR39B","13",8,2019-10-08 06:14:27,39.7735,-70.884333,49.7537857786989
"AR39B","13",9,2019-10-08 06:14:38,39.7735,-70.884333,50.0534049905115
"AR39B","13",10,2019-10-08 06:14:56,39.7735,-70.884333,50.3966767935715
"AR39B","13",11,2019-10-08 06:17:08,39.7735,-70.884333,35.1225087970898
"AR39B","13",12,2019-10-08 06:19:15,39.7735,-70.884333,20.6201717382175
"AR39B","13",13,2019-10-08 06:19:27,39.7735,-70.884333,20.2014382021677
"AR39B","13",14,2019-10-08 06:19:39,39.7735,-70.884333,20.3760759896152
"AR39B","13",15,2019-10-08 06:22:20,39.7735,-70.884333,5.11653678193316
"AR39B","13",16,2019-10-08 06:22:29,39.7735,-70.884333,5.58094844751914
"AR39B","13",17,2019-10-08 06:22:49,39.7735,-70.884333,5.28324878319869
"AR39B","13",18,2019-10-08 06:23:06,39.7735,-70.884333,5.70498984644948
"AR39B","13",19,2019-10-08 06:23:19,39.7735,-70.884333,5.64346532198159
"AR39B","14",1,2019-10-08 19:42:07,39.939833,-70.882333,442.691696174538
"AR39B","14",2,2019-10-08 19:46:38,39.939833,-70.882333,301.661692406928
"AR39B","14",3,2019-10-08 19:50:46,39.939833,-70.882333,171.097840693
"AR39B","14",4,2019-10-08 19:53:34,39.939833,-70.882333,137.502555422389
"AR39B","14",5,2019-10-08 19:55:58,39.939833,-70.882333,100.499726211256
"AR39B","14",6,2019-10-08 19:58:22,39.939833,-70.882333,75.2613730433121
"AR39B","14",7,2019-10-08 20:00:57,39.939833,-70.882333,50.5457226966486
"AR39B","14",8,2019-10-08 20:03:30,39.939833,-70.882333,21.9276331976416
"AR39B","14",9,2019-10-08 20:03:38,39.939833,-70.882333,21.2777167842451
"AR39B","14",10,2019-10-08 20:05:53,39.939833,-70.882333,3.51882007511504
"AR39B","14",11,2019-10-08 20:06:02,39.939833,-70.882333,3.22012957727776
"AR39B","14",12,2019-10-08 20:06:09,39.939833,-70.882333,3.61110641980173
"AR39B","15",1,2019-10-13 14:22:13,39.940167,-70.883,438.243623177692
"AR39B","15",2,2019-10-13 14:22:21,39.940167,-70.883,439.082345218415
"AR39B","15",3,2019-10-13 14:27:47,39.940167,-70.883,302.239368624921
"AR39B","15",4,2019-10-13 14:27:55,39.940167,-70.883,302.933976158745
"AR39B","15",5,2019-10-13 14:33:54,39.940167,-70.883,48.9811759003744
"AR39B","15",6,2019-10-13 14:34:09,39.940167,-70.883,50.6171522404209
"AR39B","15",7,2019-10-13 14:36:17,39.940167,-70.883,7.2846642972877
"AR39B","15",8,2019-10-13 14:36:30,39.940167,-70.883,7.19932577324749
"AR39B","16",1,2019-10-14 14:52:46,39.94,-70.775,438.942730144182
"AR39B","16",2,2019-10-14 14:52:54,39.94,-70.775,439.02095793618
"AR39B","16",3,2019-10-14 14:57:03,39.94,-70.775,250.60394452077
"AR39B","16",4,2019-10-14 14:57:16,39.94,-70.775,250.492937769344
"AR39B","16",5,2019-10-14 15:01:49,39.94,-70.775,70.6188587195902
"AR39B","16",6,2019-10-14 15:02:04,39.94,-70.775,71.2527465300349
"AR39B","16",7,2019-10-14 15:04:48,39.94,-70.775,7.5228182436747
"AR39B","17",1,2019-10-14 19:26:42,39.939833,-70.774833,438.135701508384
"AR39B","18",1,2019-10-14 20:30:00,40.006833,-70.775,256.491605788445
"AR39B","19",1,2019-10-14 21:29:31,40.068,-70.774333,129.834240611914
"AR39B","20",1,2019-10-14 22:23:46,40.137167,-70.773833,124.561495756347
"AR39B","21",1,2019-10-14 23:17:10,40.221,-70.775,113.653376297832
"AR39B","22",1,2019-10-15 00:05:42,40.293833,-70.7755,102.538647940027
"AR39B","23",1,2019-10-15 00:54:42,40.365167,-70.775833,82.1989509593383
"AR39B","23",2,2019-10-15 00:54:54,40.365167,-70.775833,82.0164400291888
"AR39B","23",3,2019-10-15 00:55:10,40.365167,-70.775833,82.3546802657401
"AR39B","23",4,2019-10-15 00:55:24,40.365167,-70.775833,82.2406110401654
"AR39B","23",5,2019-10-15 00:55:37,40.365167,-70.775833,82.3526964536641
"AR39B","23",6,2019-10-15 00:55:44,40.365167,-70.775833,82.0015614135845
"AR39B","23",7,2019-10-15 00:55:50,40.365167,-70.775833,82.5877780509236
"AR39B","23",8,2019-10-15 00:55:57,40.365167,-70.775833,81.9648608238071
"AR39B","23",9,2019-10-15 00:56:04,40.365167,-70.775833,82.2376353203873
"AR39B","23",10,2019-10-15 00:56:10,40.365167,-70.775833,82.2525139188457
"AR39B","23",11,2019-10-15 00:56:18,40.365167,-70.775833,81.8240098506495
"AR39B","23",12,2019-10-15 00:56:24,40.365167,-70.775833,82.4270893933658
"AR39B","23",13,2019-10-15 00:56:30,40.365167,-70.775833,82.0471891646798
"AR39B","23",14,2019-10-15 00:56:37,40.365167,-70.775833,82.4875956310682
"AR39B","23",15,2019-10-15 00:56:43,40.365167,-70.775833,82.1860561706986
"AR39B","23",16,2019-10-15 00:56:49,40.365167,-70.775833,82.1027359783835
"AR39B","23",17,2019-10-15 00:56:56,40.365167,-70.775833,82.5848023361883
"AR39B","23",18,2019-10-15 00:57:02,40.365167,-70.775833,82.01941575218
"AR39B","23",19,2019-10-15 00:57:08,40.365167,-70.775833,82.6552275733289
"AR39B","23",20,2019-10-15 00:57:15,40.365167,-70.775833,82.2792953933476
"AR39B","23",21,2019-10-15 00:57:21,40.365167,-70.775833,81.9162573299283
"AR39B","23",22,2019-10-15 00:57:27,40.365167,-70.775833,82.2703682355693
"AR39B","23",23,2019-10-15 00:57:33,40.365167,-70.775833,81.9529579284132
"AR39B","23",24,2019-10-15 00:57:40,40.365167,-70.775833,82.236643413785
"EN649","1",1,2020-02-01 18:11:28,41.20438,-70.8847,18.178
"EN649","1",2,2020-02-01 18:11:36,41.20438,-70.88474,18.038
"EN649","1",3,2020-02-01 18:11:44,41.20436,-70.88478,17.976
"EN649","1",4,2020-02-01 18:12:00,41.20436,-70.88485,18.072
"EN649","1",5,2020-02-01 18:12:11,41.20436,-70.8849,18.079
"EN649","1",6,2020-02-01 18:14:18,41.20422,-70.88554,10.062
"EN649","1",7,2020-02-01 18:14:30,41.20418,-70.88562,10.126
"EN649","1",8,2020-02-01 18:14:43,41.2042,-70.8857,10.22
"EN649","1",9,2020-02-01 18:14:54,41.2042,-70.88576,10.265
"EN649","1",10,2020-02-01 18:15:06,41.2042,-70.88582,10.153
"EN649","1",11,2020-02-01 18:15:27,41.2042,-70.88592,10.148
"EN649","1",12,2020-02-01 18:17:02,41.20414,-70.88632,3.612
"EN649","1",13,2020-02-01 18:17:19,41.20414,-70.88638,3.418
"EN649","1",14,2020-02-01 18:17:29,41.20412,-70.88641,3.255
"EN649","1",15,2020-02-01 18:17:39,41.20412,-70.88643,3.356
"EN649","1",16,2020-02-01 18:17:47,41.20412,-70.88646,3.346
"EN649","1",17,2020-02-01 18:17:55,41.2041,-70.88648,3.57
"EN649","1",18,2020-02-01 18:18:03,41.2041,-70.8865,3.42
"EN649","1",19,2020-02-01 18:18:11,41.2041,-70.88652,3.378
"EN649","1",20,2020-02-01 18:18:21,41.2041,-70.88656,3.523
"EN649","1",21,2020-02-01 18:18:30,41.20409,-70.88657,3.491
"EN649","1",22,2020-02-01 18:18:46,41.20408,-70.88662,3.253
"EN649","1",23,2020-02-01 18:18:58,41.20408,-70.88664,3.266
"EN649","1",24,2020-02-01 18:19:05,41.20408,-70.88666,3.513
"EN649","2",1,2020-02-01 23:01:53,41.3196,-70.57482,14.914
"EN649","2",2,2020-02-01 23:02:00,41.3196,-70.57483,14.665
"EN649","2",3,2020-02-01 23:04:33,41.31972,-70.57532,8.079
"EN649","2",4,2020-02-01 23:04:46,41.31972,-70.57538,8.183
"EN649","2",5,2020-02-01 23:04:53,41.31974,-70.57538,8.184
"EN649","2",6,2020-02-01 23:07:03,41.31984,-70.57584,3.083
"EN649","2",7,2020-02-01 23:07:12,41.31984,-70.57586,3.136
"EN649","2",8,2020-02-01 23:07:19,41.31984,-70.57588,3.042
"EN649","2",9,2020-02-01 23:07:37,41.31984,-70.57594,2.964
"EN649","2",10,2020-02-01 23:07:48,41.31984,-70.57596,3.115
"EN649","3",1,2020-02-02 04:55:05,41.03336,-70.77709,45.935
"EN649","4",1,2020-02-02 06:26:13,41.03098,-70.9975,39.402
"EN649","5",1,2020-02-02 08:39:12,41.02958,-70.88426,42.357
"EN649","5",2,2020-02-02 08:39:42,41.0296,-70.88434,42.06
"EN649","5",3,2020-02-02 08:41:48,41.0297,-70.88455,33.828
"EN649","5",4,2020-02-02 08:42:01,41.0297,-70.88458,33.597
"EN649","5",5,2020-02-02 08:42:14,41.02973,-70.8846,33.964
"EN649","5",6,2020-02-02 08:42:28,41.02974,-70.88462,33.722
"EN649","5",7,2020-02-02 08:45:14,41.0299,-70.8849,15.259
"EN649","5",8,2020-02-02 08:45:27,41.02992,-70.88493,15.371
"EN649","5",9,2020-02-02 08:45:40,41.02994,-70.88496,15.318
"EN649","5",10,2020-02-02 08:45:52,41.02994,-70.88496,15.397
"EN649","5",11,2020-02-02 08:46:05,41.02996,-70.88498,14.919
"EN649","5",12,2020-02-02 08:48:38,41.03008,-70.88532,3.499
"EN649","5",13,2020-02-02 08:48:53,41.03008,-70.88536,4.022
"EN649","5",14,2020-02-02 08:49:06,41.0301,-70.88538,3.616
"EN649","5",15,2020-02-02 08:49:20,41.03012,-70.8854,3.698
"EN649","5",16,2020-02-02 08:49:33,41.03012,-70.88542,3.624
"EN649","5",17,2020-02-02 08:49:46,41.03012,-70.88544,3.69
"EN649","5",18,2020-02-02 08:49:58,41.03014,-70.88548,3.704
"EN649","5",19,2020-02-02 08:50:11,41.03015,-70.8855,3.612
"EN649","5",20,2020-02-02 08:50:25,41.03016,-70.88552,3.766
"EN649","6",1,2020-02-02 12:13:44,40.86306,-70.88556,49.763
"EN649","6",2,2020-02-02 12:13:57,40.86306,-70.88556,50.089
"EN649","6",3,2020-02-02 12:16:31,40.86302,-70.88566,29.919
"EN649","6",4,2020-02-02 12:16:44,40.863,-70.88566,29.979
"EN649","6",5,2020-02-02 12:16:57,40.86299,-70.88566,30.417
"EN649","6",6,2020-02-02 12:19:25,40.86286,-70.88576,14.556
"EN649","6",7,2020-02-02 12:19:38,40.86285,-70.88578,14.389
"EN649","6",8,2020-02-02 12:19:54,40.86281,-70.8858,15
"EN649","6",9,2020-02-02 12:22:28,40.86257,-70.88594,4.24
"EN649","6",10,2020-02-02 12:22:40,40.86254,-70.88596,3.677
"EN649","6",11,2020-02-02 12:22:53,40.86251,-70.88598,3.35
"EN649","6",12,2020-02-02 12:23:04,40.8625,-70.886,3.47
"EN649","6",13,2020-02-02 12:23:16,40.86248,-70.88602,3.533
"EN649","7",1,2020-02-02 22:29:28,40.22405,-70.88358,123.083
"EN649","7",2,2020-02-02 22:29:39,40.22404,-70.88364,123.341
"EN649","7",3,2020-02-02 22:32:37,40.22384,-70.88471,106.839
"EN649","7",4,2020-02-02 22:32:44,40.22382,-70.88476,106.842
"EN649","7",5,2020-02-02 22:35:42,40.22352,-70.88592,95.087
"EN649","7",6,2020-02-02 22:35:49,40.22352,-70.88598,95.137
"EN649","7",7,2020-02-02 22:35:56,40.22351,-70.88603,95.138
"EN649","7",8,2020-02-02 22:38:46,40.22326,-70.88726,70.603
"EN649","7",9,2020-02-02 22:38:56,40.22326,-70.88731,70.302
"EN649","7",10,2020-02-02 22:42:12,40.22294,-70.88846,50.55
"EN649","7",11,2020-02-02 22:42:19,40.22292,-70.88848,50.022
"EN649","7",12,2020-02-02 22:42:27,40.2229,-70.88852,50.473
"EN649","7",13,2020-02-02 22:45:52,40.22252,-70.88964,26.977
"EN649","7",14,2020-02-02 22:46:02,40.2225,-70.8897,27.261
"EN649","7",15,2020-02-02 22:49:09,40.22217,-70.8908,5.2
"EN649","7",16,2020-02-02 22:49:18,40.22216,-70.89086,5.362
"EN649","7",17,2020-02-02 22:49:25,40.22214,-70.89091,4.858
"EN649","7",18,2020-02-02 22:49:33,40.22211,-70.89096,5.006
"EN649","7",19,2020-02-02 22:49:43,40.22209,-70.89101,4.815
"EN649","7",20,2020-02-02 22:49:50,40.22208,-70.89106,5.284
"EN649","8",1,2020-02-03 00:59:16,40.13086,-70.7909,126.95
"EN649","8",2,2020-02-03 01:03:09,40.12972,-70.79266,108.87
"EN649","8",3,2020-02-03 01:07:55,40.12857,-70.79526,87.905
"EN649","8",4,2020-02-03 01:08:04,40.12854,-70.79532,88.404
"EN649","8",5,2020-02-03 01:11:21,40.12792,-70.7966,71.202
"EN649","8",6,2020-02-03 01:11:28,40.12788,-70.79664,70.65
"EN649","8",7,2020-02-03 01:11:36,40.12786,-70.79666,69.906
"EN649","8",8,2020-02-03 01:11:46,40.1278,-70.79673,69.648
"EN649","8",9,2020-02-03 01:14:54,40.127,-70.79805,50.095
"EN649","8",10,2020-02-03 01:15:01,40.12698,-70.79812,50.437
"EN649","8",11,2020-02-03 01:17:18,40.12654,-70.79898,29.009
"EN649","8",12,2020-02-03 01:17:25,40.12651,-70.79902,28.986
"EN649","8",13,2020-02-03 01:17:31,40.12648,-70.79906,28.506
"EN649","8",14,2020-02-03 01:17:39,40.12642,-70.7991,29.305
"EN649","8",15,2020-02-03 01:17:47,40.1264,-70.79915,28.746
"EN649","8",16,2020-02-03 01:19:15,40.12593,-70.79962,16.752
"EN649","8",17,2020-02-03 01:21:08,40.12544,-70.80046,3.355
"EN649","8",18,2020-02-03 01:21:16,40.12543,-70.80052,3.067
"EN649","8",19,2020-02-03 01:21:25,40.12537,-70.8006,3.342
"EN649","8",20,2020-02-03 01:21:33,40.12534,-70.80068,3.657
"EN649","8",21,2020-02-03 01:21:43,40.12528,-70.80076,4.462
"EN649","8",22,2020-02-03 01:21:51,40.12524,-70.80081,4.187
"EN649","8",23,2020-02-03 01:21:58,40.1252,-70.80086,4.286
"EN649","8",24,2020-02-03 01:22:10,40.12516,-70.80094,4.302
"EN649","9",1,2020-02-03 04:40:20,40.0925,-70.78647,3.645
"EN649","10",1,2020-02-03 06:09:33,40.09656,-71.00148,4.337
"EN649","11",1,2020-02-03 08:52:40,40.09454,-70.89618,141.949
"EN649","11",2,2020-02-03 08:52:58,40.09451,-70.89634,141.486
"EN649","11",3,2020-02-03 08:56:17,40.09417,-70.89837,122.834
"EN649","11",4,2020-02-03 08:56:30,40.09414,-70.89849,122.906
"EN649","11",5,2020-02-03 08:59:25,40.09384,-70.90026,100.691
"EN649","11",6,2020-02-03 08:59:37,40.0938,-70.9004,100.829
"EN649","11",7,2020-02-03 09:02:16,40.09352,-70.90212,80.489
"EN649","11",8,2020-02-03 09:02:28,40.09352,-70.90223,79.555
"EN649","11",9,2020-02-03 09:05:18,40.09322,-70.90402,54.288
"EN649","11",10,2020-02-03 09:05:32,40.09318,-70.90416,54.868
"EN649","11",11,2020-02-03 09:08:15,40.09288,-70.90604,28.749
"EN649","11",12,2020-02-03 09:08:27,40.09286,-70.9062,28.909
"EN649","11",13,2020-02-03 09:10:51,40.0925,-70.90791,15.232
"EN649","11",14,2020-02-03 09:11:04,40.09248,-70.90808,15.138
"EN649","11",15,2020-02-03 09:13:21,40.0922,-70.90956,4.318
"EN649","11",16,2020-02-03 09:13:32,40.09216,-70.90971,4.555
"EN649","11",17,2020-02-03 09:13:44,40.09214,-70.90984,4.538
"EN649","11",18,2020-02-03 09:13:55,40.09212,-70.90997,4.369
"EN649","12",1,2020-02-03 17:13:45,39.93978,-70.88768,436.981
"EN649","12",2,2020-02-03 17:14:00,39.93981,-70.88778,435.888
"EN649","12",3,2020-02-03 17:19:23,39.93997,-70.89006,375.167
"EN649","12",4,2020-02-03 17:24:56,39.93986,-70.8927,271.855
"EN649","12",5,2020-02-03 17:29:28,39.93962,-70.89472,178.739
"EN649","12",6,2020-02-03 17:34:30,39.93918,-70.89645,111.838
"EN649","12",7,2020-02-03 17:34:38,39.93916,-70.89646,111.89
"EN649","12",8,2020-02-03 17:34:45,39.93916,-70.89649,111.333
"EN649","12",9,2020-02-03 17:38:25,39.93869,-70.89718,44.88
"EN649","12",10,2020-02-03 17:38:33,39.93866,-70.8972,44.723
"EN649","12",11,2020-02-03 17:38:40,39.93862,-70.89724,44.197
"EN649","12",12,2020-02-03 17:38:47,39.9386,-70.89728,44.735
"EN649","12",13,2020-02-03 17:40:41,39.93828,-70.89811,29.11
"EN649","12",14,2020-02-03 17:43:09,39.93819,-70.8995,17.48
"EN649","12",15,2020-02-03 17:43:15,39.93818,-70.89955,17.53
"EN649","12",16,2020-02-03 17:43:22,39.93818,-70.89959,16.989
"EN649","12",17,2020-02-03 17:43:28,39.93818,-70.89964,16.856
"EN649","12",18,2020-02-03 17:45:13,39.93801,-70.9002,5.082
"EN649","12",19,2020-02-03 17:45:20,39.938,-70.90022,4.905
"EN649","12",20,2020-02-03 17:45:26,39.93798,-70.90026,4.885
"EN649","12",21,2020-02-03 17:45:32,39.93796,-70.9003,4.962
"EN649","12",22,2020-02-03 17:45:39,39.93796,-70.90032,5.085
"EN649","12",23,2020-02-03 17:45:45,39.93796,-70.90035,4.916
"EN649","12",24,2020-02-03 17:45:51,39.93794,-70.90036,5.18
"EN649","13",1,2020-02-03 20:50:19,39.93044,-70.7957,2.755
"EN649","14",1,2020-02-04 08:15:45,39.775,-70.98498,498.777
"EN649","14",2,2020-02-04 08:28:46,39.77526,-70.97936,16.876
"EN649","14",3,2020-02-04 08:28:58,39.77526,-70.97928,17.189
"EN649","14",4,2020-02-04 08:31:17,39.77528,-70.97844,3.822
"EN649","14",5,2020-02-04 08:31:28,39.77527,-70.97834,3.5
"EN649","15",1,2020-02-04 10:01:12,39.77092,-70.76844,498.68
"EN649","15",2,2020-02-04 10:01:29,39.77094,-70.76835,499.808
"EN649","16",1,2020-02-04 12:32:38,39.77238,-70.8809,502.004
"EN649","16",2,2020-02-04 12:32:50,39.77238,-70.88092,501.031
"EN649","16",3,2020-02-04 12:38:03,39.77208,-70.88134,349.762
"EN649","16",4,2020-02-04 12:42:02,39.77192,-70.88174,249.789
"EN649","16",5,2020-02-04 12:46:50,39.77182,-70.88232,110.518
"EN649","16",6,2020-02-04 12:47:02,39.77182,-70.88235,110.969
"EN649","16",7,2020-02-04 12:50:35,39.77166,-70.88288,62.101
"EN649","16",8,2020-02-04 12:50:48,39.77164,-70.88292,61.728
"EN649","16",9,2020-02-04 12:51:01,39.77162,-70.88294,61.682
"EN649","16",10,2020-02-04 12:51:13,39.77162,-70.88296,61.901
"EN649","16",11,2020-02-04 12:53:57,39.77154,-70.8833,34.332
"EN649","16",12,2020-02-04 12:54:10,39.77152,-70.88334,34.659
"EN649","16",13,2020-02-04 12:54:22,39.7715,-70.88336,34.787
"EN649","16",14,2020-02-04 12:54:34,39.7715,-70.8834,34.577
"EN649","16",15,2020-02-04 12:54:46,39.7715,-70.88344,34.942
"EN649","16",16,2020-02-04 12:57:31,39.77144,-70.88389,13.607
"EN649","16",17,2020-02-04 12:57:43,39.77144,-70.88392,13.889
"EN649","16",18,2020-02-04 13:00:09,39.77136,-70.88427,3.406
"EN649","16",19,2020-02-04 13:00:20,39.77134,-70.88432,3.619
"EN649","16",20,2020-02-04 13:00:34,39.77133,-70.88436,3.577
"EN649","16",21,2020-02-04 13:00:46,39.77132,-70.88438,3.746
"EN649","16",22,2020-02-04 13:01:00,39.7713,-70.88442,3.522
"EN649","16",23,2020-02-04 13:01:12,39.7713,-70.88446,3.613
"EN649","16",24,2020-02-04 13:01:23,39.77128,-70.88448,3.551
"EN649","17",1,2020-02-05 00:10:12,40.3602,-70.77252,20.252
"EN649","17",2,2020-02-05 00:10:19,40.3602,-70.77249,20.509
"EN649","17",3,2020-02-05 00:12:37,40.36016,-70.77186,3.611
"EN649","17",4,2020-02-05 00:12:44,40.36014,-70.77182,3.551
"EN649","18",1,2020-02-05 01:47:01,40.35956,-71.00138,3.633
"EN649","19",1,2020-02-05 03:47:57,40.3517,-70.88292,90.333
"EN649","19",2,2020-02-05 03:50:32,40.35114,-70.8829,74.936
"EN649","19",3,2020-02-05 03:53:39,40.35048,-70.88292,59.991
"EN649","19",4,2020-02-05 03:55:24,40.35018,-70.8829,50.028
"EN649","19",5,2020-02-05 03:55:30,40.35016,-70.8829,49.666
"EN649","19",6,2020-02-05 03:55:37,40.35014,-70.8829,49.548
"EN649","19",7,2020-02-05 03:58:04,40.34964,-70.88292,34.966
"EN649","19",8,2020-02-05 03:58:11,40.34958,-70.88292,34.871
"EN649","19",9,2020-02-05 03:58:18,40.34956,-70.88294,34.882
"EN649","19",10,2020-02-05 03:58:24,40.34954,-70.88294,35.061
"EN649","19",11,2020-02-05 03:58:33,40.34952,-70.88294,35.089
"EN649","19",12,2020-02-05 04:00:52,40.34908,-70.88298,14.774
"EN649","19",13,2020-02-05 04:00:58,40.34906,-70.88298,14.928
"EN649","19",14,2020-02-05 04:01:06,40.34904,-70.88298,14.902
"EN649","19",15,2020-02-05 04:01:13,40.34901,-70.88298,14.729
"EN649","19",16,2020-02-05 04:01:21,40.34898,-70.88298,14.664
"EN649","19",17,2020-02-05 04:03:25,40.3486,-70.88294,3.784
"EN649","19",18,2020-02-05 04:03:33,40.34858,-70.88292,3.809
"EN649","19",19,2020-02-05 04:03:40,40.34857,-70.88292,3.805
"EN649","19",20,2020-02-05 04:03:47,40.34856,-70.88292,3.746
"EN649","19",21,2020-02-05 04:03:53,40.34854,-70.88292,3.98
"EN649","19",22,2020-02-05 04:04:00,40.3485,-70.88292,3.633
"EN649","19",23,2020-02-05 04:04:07,40.34848,-70.88292,3.874
"EN649","19",24,2020-02-05 04:04:13,40.34846,-70.8829,3.985
"EN649","20",1,2020-02-05 07:11:41,40.50968,-70.87914,72.855
"EN649","20",2,2020-02-05 07:11:49,40.50967,-70.87914,72.494
"EN649","20",3,2020-02-05 07:14:00,40.50962,-70.87892,59.725
"EN649","20",4,2020-02-05 07:14:06,40.50962,-70.8789,60.135
"EN649","20",5,2020-02-05 07:14:14,40.50964,-70.8789,60.356
"EN649","20",6,2020-02-05 07:14:20,40.50964,-70.87888,60.16
"EN649","20",7,2020-02-05 07:16:46,40.50966,-70.87848,45.046
"EN649","20",8,2020-02-05 07:16:54,40.50966,-70.87846,45.086
"EN649","20",9,2020-02-05 07:17:01,40.50964,-70.87844,44.743
"EN649","20",10,2020-02-05 07:19:13,40.50932,-70.87826,30.362
"EN649","20",11,2020-02-05 07:19:19,40.5093,-70.87825,30.331
"EN649","20",12,2020-02-05 07:21:36,40.50918,-70.87832,15.324
"EN649","20",13,2020-02-05 07:21:43,40.5092,-70.87832,15.199
"EN649","20",14,2020-02-05 07:24:02,40.50926,-70.87812,3.683
"EN649","20",15,2020-02-05 07:24:09,40.50928,-70.87812,3.686
"EN649","20",16,2020-02-05 07:24:16,40.50928,-70.8781,3.986
"EN649","20",17,2020-02-05 07:24:24,40.5093,-70.87808,4.043
"EN649","20",18,2020-02-05 07:24:32,40.50932,-70.87806,3.65
"EN649","20",19,2020-02-05 07:24:44,40.50932,-70.87802,3.843
"EN649","21",1,2020-02-05 10:07:25,40.698,-70.8831,60.734
"EN649","21",2,2020-02-05 10:07:36,40.69802,-70.88312,60.696
"EN649","21",3,2020-02-05 10:10:15,40.69865,-70.88316,50.163
"EN649","21",4,2020-02-05 10:10:28,40.69872,-70.88312,50.112
"EN649","21",5,2020-02-05 10:12:39,40.69945,-70.8829,37.49
"EN649","21",6,2020-02-05 10:12:52,40.69952,-70.8829,37.681
"EN649","21",7,2020-02-05 10:13:04,40.69957,-70.8829,37.397
"EN649","21",8,2020-02-05 10:13:17,40.69962,-70.88288,37.039
"EN649","21",9,2020-02-05 10:16:09,40.70022,-70.88312,25.265
"EN649","21",10,2020-02-05 10:16:21,40.70027,-70.88314,25.051
"EN649","21",11,2020-02-05 10:16:33,40.7003,-70.88314,25.476
"EN649","21",12,2020-02-05 10:18:46,40.7007,-70.88314,15.424
"EN649","21",13,2020-02-05 10:18:58,40.70072,-70.88314,15.511
"EN649","21",14,2020-02-05 10:19:11,40.70074,-70.88314,15.371
"EN649","21",15,2020-02-05 10:19:23,40.70074,-70.88314,15.309
"EN649","21",16,2020-02-05 10:21:52,40.70109,-70.8834,2.969
"EN649","21",17,2020-02-05 10:22:04,40.70112,-70.88342,2.891
"EN649","21",18,2020-02-05 10:22:17,40.70116,-70.88345,2.615
"EN649","21",19,2020-02-05 10:22:29,40.70118,-70.88346,2.982
"EN649","21",20,2020-02-05 10:22:41,40.70122,-70.88348,3.196
"EN649","21",21,2020-02-05 10:22:52,40.70126,-70.8835,3.075
"EN649","21",22,2020-02-05 10:23:04,40.70129,-70.88352,2.921
"EN649","21",23,2020-02-05 10:23:16,40.70132,-70.88352,3.266
"EN649","21",24,2020-02-05 10:23:27,40.70136,-70.88352,3.2
"EN649","22",1,2020-02-05 12:58:53,40.698,-70.77342,59.288
"EN649","23",1,2020-02-05 14:19:47,40.69896,-70.99414,58.911
"EN649","24",1,2020-02-05 22:17:49,40.51188,-70.88279,45.17
"EN649","24",2,2020-02-05 22:20:24,40.51216,-70.88345,4.366
"EN649","25",1,2020-02-06 00:30:47,40.22772,-70.89124,3.871
"EN649","26",1,2020-02-06 02:43:25,39.94418,-70.88678,302.283
"EN649","26",2,2020-02-06 02:50:14,39.94572,-70.88774,29.441
"EN649","26",3,2020-02-06 02:50:21,39.94574,-70.88777,29.267
"EN649","26",4,2020-02-06 02:52:09,39.94614,-70.88798,3.999
"EN649","26",5,2020-02-06 02:52:16,39.94616,-70.888,4.268
"EN649","27",1,2020-02-06 03:50:02,40.02008,-70.88461,25.293
"EN649","27",2,2020-02-06 03:50:08,40.0201,-70.88463,25.416
"EN649","27",3,2020-02-06 03:52:11,40.02038,-70.88512,3.431
"EN649","27",4,2020-02-06 03:52:18,40.02041,-70.88514,3.486
"EN649","28",1,2020-02-06 04:44:26,40.1016,-70.88408,142.183
"EN649","28",2,2020-02-06 04:48:12,40.10218,-70.8847,80.027
"EN649","28",3,2020-02-06 04:50:55,40.1025,-70.88514,50.338
"EN649","28",4,2020-02-06 04:51:01,40.10252,-70.88518,50.035
"EN649","28",5,2020-02-06 04:53:36,40.10292,-70.88566,29.306
"EN649","28",6,2020-02-06 04:53:45,40.10294,-70.8857,29.675
"EN649","28",7,2020-02-06 04:56:03,40.10322,-70.8861,4.137
"EN649","28",8,2020-02-06 04:56:10,40.10324,-70.88612,4.035
"EN649","29",1,2020-02-06 05:47:05,40.16272,-70.8829,4.104
"AR44","2",1,2020-06-07 20:50:26,41.028333,-70.885167,41.0599449028656
"AR44","3",1,2020-06-07 22:49:56,40.863667,-70.879167,51.0235884116851
"AR44","4",1,2020-06-08 00:14:44,40.696,-70.883333,61.3203676243366
"AR44","5",1,2020-06-08 01:42:33,40.510333,-70.881833,73.3966022543406
"AR44","6",1,2020-06-08 14:49:11,39.939333,-70.884167,444.365160118697
"AR44","6",2,2020-06-08 14:49:21,39.939333,-70.884167,444.167120135703
"AR44","6",3,2020-06-08 14:58:05,39.939333,-70.884167,156.46454470631
"AR44","6",4,2020-06-08 14:58:21,39.939333,-70.884167,156.660878632137
"AR44","6",5,2020-06-08 15:03:45,39.939333,-70.884167,27.0385845345826
"AR44","6",6,2020-06-08 15:03:55,39.939333,-70.884167,26.8490718619836
"AR44","6",7,2020-06-08 15:06:04,39.939333,-70.884167,7.1507031865038
"AR44","6",8,2020-06-08 15:06:16,39.939333,-70.884167,7.21520325724641
"AR44","7",1,2020-06-08 22:40:39,39.771,-70.8865,38.1585909345435
"AR44","8",1,2020-06-09 14:49:20,39.940167,-70.775333,444.615646744035
"AR44","8",2,2020-06-09 14:49:31,39.940167,-70.775333,444.785960757709
"AR44","8",3,2020-06-09 14:57:12,39.940167,-70.775333,141.394848699433
"AR44","8",4,2020-06-09 14:57:21,39.940167,-70.775333,141.514839370676
"AR44","8",5,2020-06-09 15:03:30,39.940167,-70.775333,26.3360948935434
"AR44","8",6,2020-06-09 15:03:41,39.940167,-70.775333,26.3876901095242
"AR44","8",7,2020-06-09 15:06:08,39.940167,-70.775333,6.57417038356477
"AR44","8",8,2020-06-09 15:06:19,39.940167,-70.775333,6.60393973115838
"AR44","9",1,2020-06-10 14:24:06,40.0985,-70.8845,142.387431152355
"AR44","9",2,2020-06-10 14:24:20,40.0985,-70.8845,142.477670340885
"AR44","9",3,2020-06-10 14:27:14,40.0985,-70.8845,106.910437105994
"AR44","9",4,2020-06-10 14:27:40,40.0985,-70.8845,106.679344954281
"AR44","9",5,2020-06-10 14:32:41,40.0985,-70.8845,29.725048330981
"AR44","9",6,2020-06-10 14:32:54,40.0985,-70.8845,29.7310014415362
"AR44","9",7,2020-06-10 14:35:22,40.0985,-70.8845,6.66933631271551
"AR44","9",8,2020-06-10 14:35:35,40.0985,-70.8845,6.75566612636229
"AR44","10",1,2020-06-10 21:02:36,40.098833,-70.774333,134.006909172361
"AR44","11",1,2020-06-10 22:03:22,40.097333,-70.663667,124.914009363003
"AR44","12",1,2020-06-10 23:00:10,40.097167,-70.555667,123.060470207608
"AR44","13",1,2020-06-10 23:54:55,40.098833,-70.447167,122.415824047201
"AR44","14",1,2020-06-11 12:15:48,40.364667,-70.883333,88.2723102117302
"AR44","15",1,2020-06-11 13:47:55,40.365667,-70.774667,89.4357709862473
"AR44","16",1,2020-06-11 14:36:56,40.293167,-70.774333,110.971882177397
"AR44","17",1,2020-06-11 15:26:41,40.219833,-70.776667,121.563574711248
"AR44","18",1,2020-06-11 16:27:26,40.136333,-70.775333,128.77330715622
"AR44","19",1,2020-06-11 17:25:40,40.072,-70.774667,136.465602429359
"AR44","20",1,2020-06-11 18:32:14,40.0065,-70.773833,262.593707577654
"AR44","21",1,2020-06-11 19:41:07,39.939167,-70.776,446.51487863693
"AR44","22",1,2020-06-11 20:54:50,39.940667,-70.885,436.875102674928
"AR44","23",1,2020-06-12 14:35:26,40.226833,-70.883667,122.851748912733
"AR44","23",2,2020-06-12 14:35:42,40.226833,-70.883667,123.048109882151
"AR44","23",3,2020-06-12 14:38:32,40.226833,-70.883667,74.7435931545715
"AR44","23",4,2020-06-12 14:38:49,40.226833,-70.883667,74.7297057787143
"AR44","23",5,2020-06-12 14:41:45,40.226833,-70.883667,27.7363759458638
"AR44","23",6,2020-06-12 14:41:59,40.226833,-70.883667,27.5498454257807
"AR44","23",7,2020-06-12 14:44:07,40.226833,-70.883667,6.58689876178176
"AR44","23",8,2020-06-12 14:44:19,40.226833,-70.883667,6.9590055737174
"AR44","24",1,2020-06-13 14:18:13,40.364667,-70.776167,90.4157461209908
"AR44","24",2,2020-06-13 14:18:26,40.364667,-70.776167,90.2282831625688
"AR44","24",3,2020-06-13 14:21:10,40.364667,-70.776167,57.3472052278358
"AR44","24",4,2020-06-13 14:21:22,40.364667,-70.776167,57.6219965778932
"AR44","24",5,2020-06-13 14:24:09,40.364667,-70.776167,27.4225017476097
"AR44","24",6,2020-06-13 14:24:20,40.364667,-70.776167,27.1367559440268
"AR44","24",7,2020-06-13 14:26:51,40.364667,-70.776167,7.15241110489337
"AR44","24",8,2020-06-13 14:27:07,40.364667,-70.776167,6.83885337381964
"AR44","25",1,2020-06-13 18:56:27,40.364667,-70.8845,90.4643476007317
"AR44","25",2,2020-06-13 18:56:39,40.364667,-70.8845,90.6944605727886
"AR44","25",3,2020-06-13 18:59:23,40.364667,-70.8845,54.9772385307833
"AR44","25",4,2020-06-13 18:59:35,40.364667,-70.8845,54.9544216398075
"AR44","25",5,2020-06-13 19:02:19,40.364667,-70.8845,25.4212805612886
"AR44","25",6,2020-06-13 19:02:32,40.364667,-70.8845,25.0948524428167
"AR44","25",7,2020-06-13 19:04:30,40.364667,-70.8845,7.45902247206499
"AR44","25",8,2020-06-13 19:04:43,40.364667,-70.8845,7.13256569312382
"AR44","26",1,2020-06-14 11:44:25,40.136667,-70.775,129.510136537135
"AR44","26",2,2020-06-14 11:44:44,40.136667,-70.775,129.392124384385
"AR44","26",3,2020-06-14 11:48:33,40.136667,-70.775,89.2293373887418
"AR44","26",4,2020-06-14 11:48:44,40.136667,-70.775,89.4376348935776
"AR44","26",5,2020-06-14 11:51:48,40.136667,-70.775,45.8353569404534
"AR44","26",6,2020-06-14 11:51:58,40.136667,-70.775,45.147828010497
"AR44","26",7,2020-06-14 11:54:33,40.136667,-70.775,7.54153726946477
"AR44","26",8,2020-06-14 11:54:46,40.136667,-70.775,7.2855264845919
"AR44","27",1,2020-06-14 17:51:50,40.513833,-70.883167,72.4423342122024
"AR44","28",1,2020-06-14 19:20:21,40.696667,-70.883833,62.0038355406428
"AR44","28",2,2020-06-14 19:23:39,40.696667,-70.883833,43.9233079725826
"AR44","28",3,2020-06-14 19:25:47,40.696667,-70.883833,30.975494421216
"AR44","28",4,2020-06-14 19:27:36,40.696667,-70.883833,22.9490459121124
"AR44","28",5,2020-06-14 19:29:29,40.696667,-70.883833,1.72159024281721
"AR44","29",1,2020-06-14 20:48:11,40.863833,-70.882833,51.5939941292397
"AR44","30",1,2020-06-14 22:11:19,41.031333,-70.882,42.7553328511167
"AR44","30",2,2020-06-14 22:13:48,41.031333,-70.882,30.8207730901595
"AR44","30",3,2020-06-14 22:15:51,41.031333,-70.882,17.6621886068397
"AR44","30",4,2020-06-14 22:17:42,41.031333,-70.882,2.93900823452469
"AR44","31",1,2020-06-14 23:33:23,41.196333,-70.8835,18.8306647407946
"AR44","31",2,2020-06-14 23:35:13,41.196333,-70.8835,10.9807137157305
"AR44","31",3,2020-06-14 23:36:46,41.196333,-70.8835,3.11756263781797
"AR44","32",1,2020-06-15 11:25:13,40.016833,-70.3445,228.077656073306
"AR44","32",2,2020-06-15 11:29:13,40.016833,-70.3445,142.909102198702
"AR44","32",3,2020-06-15 11:32:11,40.016833,-70.3445,86.8249277026372
"AR44","32",4,2020-06-15 11:34:44,40.016833,-70.3445,62.8221340512527
"AR44","32",5,2020-06-15 11:37:33,40.016833,-70.3445,29.6439092011777
"AR44","32",6,2020-06-15 11:39:47,40.016833,-70.3445,3.11293635137698
"AR44","33",1,2020-06-15 14:19:04,40.3345,-70.554167,91.3285126534717
"AR44","34",1,2020-06-15 15:15:45,40.332,-70.6215,94.0581293481519
"AR44","35",1,2020-06-15 16:00:12,40.333333,-70.690167,97.2092083036136
"AR44","36",1,2020-06-15 16:52:30,40.334167,-70.758333,98.4827155736273
"AR44","37",1,2020-06-15 17:37:51,40.334167,-70.826167,98.3755978236623
"AR44","38",1,2020-06-15 18:27:04,40.333,-70.892,97.1536683698673
"AR44","39",1,2020-06-15 19:09:25,40.334,-70.961167,94.6393367792916
"AR44","40",1,2020-06-15 19:55:53,40.333333,-71.032833,92.8143314351629
"AR44","41",1,2020-06-15 20:35:41,40.3345,-71.095167,90.9129206468566
"EN655","1",1,2020-07-25 15:50:44,41.2032,-70.88038,18.382
"EN655","1",2,2020-07-25 15:51:03,41.20316,-70.88038,18.523
"EN655","1",3,2020-07-25 15:51:23,41.20312,-70.88036,18.417
"EN655","1",4,2020-07-25 15:51:33,41.2031,-70.88034,18.303
"EN655","1",5,2020-07-25 15:51:44,41.20307,-70.88034,18.24
"EN655","1",6,2020-07-25 15:53:38,41.2026,-70.88024,12.377
"EN655","1",7,2020-07-25 15:53:47,41.20257,-70.88024,12.465
"EN655","1",8,2020-07-25 15:53:56,41.20254,-70.88024,12.745
"EN655","1",9,2020-07-25 15:54:03,41.20252,-70.88024,12.825
"EN655","1",10,2020-07-25 15:54:10,41.2025,-70.88024,12.968
"EN655","1",11,2020-07-25 15:55:35,41.20236,-70.88028,7.304
"EN655","1",12,2020-07-25 15:55:41,41.20236,-70.88028,7.291
"EN655","1",13,2020-07-25 15:55:49,41.20236,-70.88028,7.375
"EN655","1",14,2020-07-25 15:55:56,41.20236,-70.8803,7.3
"EN655","1",15,2020-07-25 15:57:35,41.2024,-70.8804,2.193
"EN655","1",16,2020-07-25 15:57:44,41.2024,-70.8804,2.328
"EN655","1",17,2020-07-25 15:57:51,41.20241,-70.88042,2.237
"EN655","1",18,2020-07-25 15:57:57,41.20242,-70.88044,2.467
"EN655","1",19,2020-07-25 15:58:04,41.20242,-70.88044,2.252
"EN655","1",20,2020-07-25 15:58:10,41.20243,-70.88045,2.444
"EN655","1",21,2020-07-25 15:58:17,41.20244,-70.88046,2.291
"EN655","1",22,2020-07-25 15:58:23,41.20246,-70.88048,2.353
"EN655","1",23,2020-07-25 15:58:30,41.20246,-70.88048,2.247
"EN655","1",24,2020-07-25 15:58:38,41.20248,-70.88048,2.207
"EN655","2",1,2020-07-25 18:00:20,41.03038,-70.87842,43.552
"EN655","2",2,2020-07-25 18:00:35,41.0304,-70.87836,43.387
"EN655","2",3,2020-07-25 18:03:12,41.03038,-70.87818,30.499
"EN655","2",4,2020-07-25 18:03:19,41.03038,-70.87818,30.496
"EN655","2",5,2020-07-25 18:03:26,41.03038,-70.87818,30.531
"EN655","2",6,2020-07-25 18:03:32,41.03038,-70.87818,30.206
"EN655","2",7,2020-07-25 18:05:44,41.03038,-70.87796,20.372
"EN655","2",8,2020-07-25 18:05:54,41.03038,-70.87792,20.424
"EN655","2",9,2020-07-25 18:06:02,41.03038,-70.87791,20.408
"EN655","2",10,2020-07-25 18:06:10,41.03038,-70.87788,20.126
"EN655","2",11,2020-07-25 18:06:16,41.03038,-70.87786,20.288
"EN655","2",12,2020-07-25 18:07:39,41.03038,-70.87754,13.431
"EN655","2",13,2020-07-25 18:07:49,41.03038,-70.87749,13.281
"EN655","2",14,2020-07-25 18:09:37,41.0304,-70.877,2.276
"EN655","2",15,2020-07-25 18:09:45,41.0304,-70.87696,2.46
"EN655","2",16,2020-07-25 18:09:53,41.0304,-70.87692,2.421
"EN655","2",17,2020-07-25 18:09:59,41.03041,-70.8769,1.931
"EN655","2",18,2020-07-25 18:10:06,41.0304,-70.87688,2.15
"EN655","2",19,2020-07-25 18:10:13,41.03038,-70.87688,2.108
"EN655","2",20,2020-07-25 18:10:19,41.03036,-70.87685,2.119
"EN655","2",21,2020-07-25 18:10:26,41.03036,-70.87682,2.105
"EN655","2",22,2020-07-25 18:10:32,41.03037,-70.87677,2.084
"EN655","2",23,2020-07-25 18:10:39,41.03036,-70.87674,1.93
"EN655","2",24,2020-07-25 18:10:46,41.03036,-70.87669,2.12
"EN655","3",1,2020-07-25 21:41:36,40.85982,-70.88214,50.672
"EN655","3",2,2020-07-25 21:41:45,40.85975,-70.88212,50.606
"EN655","3",3,2020-07-25 21:43:37,40.85899,-70.88192,40.741
"EN655","3",4,2020-07-25 21:43:49,40.8589,-70.8819,40.638
"EN655","3",5,2020-07-25 21:46:27,40.85773,-70.8818,25.278
"EN655","3",6,2020-07-25 21:46:33,40.85768,-70.8818,25.316
"EN655","3",7,2020-07-25 21:46:38,40.85764,-70.8818,25.305
"EN655","3",8,2020-07-25 21:50:33,40.85588,-70.88186,14.916
"EN655","3",9,2020-07-25 21:50:40,40.85584,-70.88186,14.953
"EN655","3",10,2020-07-25 21:50:48,40.85577,-70.88186,14.945
"EN655","3",11,2020-07-25 21:52:03,40.85523,-70.88188,9.818
"EN655","3",12,2020-07-25 21:52:09,40.85518,-70.88188,9.871
"EN655","3",13,2020-07-25 21:52:16,40.85514,-70.88188,9.921
"EN655","3",14,2020-07-25 21:56:53,40.85306,-70.88174,1.913
"EN655","3",15,2020-07-25 21:57:00,40.85302,-70.88174,1.917
"EN655","3",16,2020-07-25 21:57:06,40.85296,-70.88172,1.921
"EN655","3",17,2020-07-25 21:57:13,40.85291,-70.88172,1.889
"EN655","3",18,2020-07-25 21:57:20,40.85286,-70.88172,1.915
"EN655","3",19,2020-07-25 21:57:34,40.85277,-70.8817,1.845
"EN655","3",20,2020-07-25 21:57:52,40.85262,-70.88168,1.935
"EN655","3",21,2020-07-25 21:57:59,40.85256,-70.88166,1.874
"EN655","4",1,2020-07-26 02:08:39,41.06782,-70.77018,9.033
"EN655","4",2,2020-07-26 02:09:04,41.0678,-70.77016,8.99
"EN655","4",3,2020-07-26 02:09:18,41.06778,-70.77012,9.092
"EN655","4",4,2020-07-26 02:10:46,41.06768,-70.76996,2.591
"EN655","4",5,2020-07-26 02:10:53,41.06768,-70.76995,2.73
"EN655","4",6,2020-07-26 02:11:03,41.06766,-70.76992,2.699
"EN655","5",1,2020-07-26 03:43:10,41.06782,-70.99202,1.801
"EN655","6",1,2020-07-26 05:50:18,41.06666,-70.8823,2.546
"EN655","7",1,2020-07-26 11:12:43,40.69377,-70.88034,61.491
"EN655","7",2,2020-07-26 11:12:51,40.69373,-70.88032,61.371
"EN655","7",3,2020-07-26 11:18:08,40.69244,-70.87972,49.384
"EN655","7",4,2020-07-26 11:21:14,40.69173,-70.87974,39.711
"EN655","7",5,2020-07-26 11:21:20,40.6917,-70.87974,39.663
"EN655","7",6,2020-07-26 11:21:27,40.69166,-70.87972,39.896
"EN655","7",7,2020-07-26 11:23:08,40.69124,-70.87962,35.054
"EN655","7",8,2020-07-26 11:25:33,40.69064,-70.8796,23.197
"EN655","7",9,2020-07-26 11:25:39,40.69062,-70.8796,23.257
"EN655","7",10,2020-07-26 11:25:46,40.6906,-70.8796,23.193
"EN655","7",11,2020-07-26 11:25:54,40.69058,-70.8796,23.297
"EN655","7",12,2020-07-26 11:28:09,40.69008,-70.87964,14.188
"EN655","7",13,2020-07-26 11:28:16,40.69005,-70.87963,14.18
"EN655","7",14,2020-07-26 11:28:22,40.69002,-70.87962,14.136
"EN655","7",15,2020-07-26 11:28:31,40.68998,-70.87962,14.075
"EN655","7",16,2020-07-26 11:28:38,40.68994,-70.8796,14.111
"EN655","7",17,2020-07-26 11:31:18,40.68908,-70.8794,1.732
"EN655","7",18,2020-07-26 11:31:26,40.68906,-70.87939,1.786
"EN655","7",19,2020-07-26 11:31:33,40.68901,-70.87938,1.651
"EN655","7",20,2020-07-26 11:31:39,40.68898,-70.87938,1.809
"EN655","7",21,2020-07-26 11:31:45,40.68896,-70.87938,1.547
"EN655","7",22,2020-07-26 11:31:52,40.68892,-70.87936,1.673
"EN655","7",23,2020-07-26 11:31:59,40.6889,-70.87936,1.804
"EN655","7",24,2020-07-26 11:32:06,40.68886,-70.87935,1.77
"EN655","8",1,2020-07-26 14:30:11,40.69253,-70.77604,13.305
"EN655","8",2,2020-07-26 14:30:32,40.69244,-70.77614,13.163
"EN655","8",3,2020-07-26 14:32:39,40.692,-70.77674,1.811
"EN655","8",4,2020-07-26 14:32:48,40.69198,-70.77678,1.883
"EN655","9",1,2020-07-26 15:59:03,40.69402,-70.99466,31.035
"EN655","9",2,2020-07-26 15:59:19,40.694,-70.9947,31.188
"EN655","9",3,2020-07-26 16:01:33,40.69368,-70.99486,13.181
"EN655","9",4,2020-07-26 16:01:43,40.69365,-70.99488,13.144
"EN655","10",1,2020-07-26 19:09:10,40.51186,-70.87916,73.2
"EN655","10",2,2020-07-26 19:09:22,40.5118,-70.87911,73.203
"EN655","10",3,2020-07-26 19:12:10,40.511,-70.87842,65.214
"EN655","10",4,2020-07-26 19:12:21,40.51095,-70.87838,65.154
"EN655","10",5,2020-07-26 19:14:47,40.5102,-70.87794,49.719
"EN655","10",6,2020-07-26 19:14:54,40.51017,-70.87792,49.796
"EN655","10",7,2020-07-26 19:17:34,40.50938,-70.87751,33.087
"EN655","10",8,2020-07-26 19:17:40,40.50936,-70.8775,32.653
"EN655","10",9,2020-07-26 19:20:14,40.50852,-70.877,23.675
"EN655","10",10,2020-07-26 19:20:20,40.50848,-70.87698,23.616
"EN655","10",11,2020-07-26 19:20:28,40.50844,-70.87696,23.874
"EN655","10",12,2020-07-26 19:22:13,40.50792,-70.8767,12.211
"EN655","10",13,2020-07-26 19:22:20,40.50789,-70.87668,12.229
"EN655","10",14,2020-07-26 19:22:27,40.50784,-70.87668,12.382
"EN655","10",15,2020-07-26 19:24:38,40.50718,-70.87636,1.527
"EN655","10",16,2020-07-26 19:24:45,40.50715,-70.87634,1.434
"EN655","10",17,2020-07-26 19:25:01,40.50708,-70.87632,1.344
"EN655","10",18,2020-07-26 19:25:07,40.50704,-70.8763,1.534
"EN655","10",19,2020-07-26 19:25:14,40.507,-70.87628,1.485
"EN655","10",20,2020-07-26 19:25:21,40.50698,-70.87628,1.537
"EN655","10",21,2020-07-26 19:25:29,40.50693,-70.87626,1.392
"EN655","11",1,2020-07-27 01:32:54,40.22334,-70.87822,124.931
"EN655","11",2,2020-07-27 01:33:06,40.22331,-70.87818,125.218
"EN655","11",3,2020-07-27 01:36:13,40.22276,-70.87736,100.104
"EN655","11",4,2020-07-27 01:36:23,40.22274,-70.87732,100.515
"EN655","11",5,2020-07-27 01:38:04,40.22247,-70.87686,74.979
"EN655","11",6,2020-07-27 01:38:13,40.22244,-70.87682,75.122
"EN655","11",7,2020-07-27 01:39:31,40.22226,-70.87645,55.806
"EN655","11",8,2020-07-27 01:39:41,40.22224,-70.87642,55.941
"EN655","11",9,2020-07-27 01:41:01,40.222,-70.87606,32.977
"EN655","11",10,2020-07-27 01:41:09,40.22198,-70.87602,32.855
"EN655","11",11,2020-07-27 01:42:11,40.22182,-70.87578,22.088
"EN655","11",12,2020-07-27 01:42:23,40.22178,-70.87572,22.16
"EN655","11",13,2020-07-27 01:43:26,40.22156,-70.87548,14.29
"EN655","11",14,2020-07-27 01:43:34,40.22154,-70.87544,14.312
"EN655","11",15,2020-07-27 01:45:21,40.2212,-70.87502,2.977
"EN655","11",16,2020-07-27 01:45:28,40.22118,-70.87498,2.572
"EN655","11",17,2020-07-27 01:45:38,40.22116,-70.87494,2.831
"EN655","11",18,2020-07-27 01:45:45,40.22116,-70.87492,3.388
"EN655","12",1,2020-07-27 10:24:23,39.9311,-70.88666,451.632
"EN655","12",2,2020-07-27 10:24:33,39.93108,-70.88668,450.467
"EN655","12",3,2020-07-27 10:34:33,39.92906,-70.88788,251.342
"EN655","12",4,2020-07-27 10:38:29,39.92804,-70.88878,126.897
"EN655","12",5,2020-07-27 10:42:14,39.9271,-70.88964,70.149
"EN655","12",6,2020-07-27 10:42:21,39.92708,-70.88966,70.514
"EN655","12",7,2020-07-27 10:42:28,39.92706,-70.88968,70.293
"EN655","12",8,2020-07-27 10:44:21,39.92652,-70.89,49.893
"EN655","12",9,2020-07-27 10:44:28,39.92648,-70.89002,50.025
"EN655","12",10,2020-07-27 10:44:35,39.92644,-70.89004,50.222
"EN655","12",11,2020-07-27 10:44:42,39.9264,-70.89006,50.015
"EN655","12",12,2020-07-27 10:47:26,39.92561,-70.89074,22.971
"EN655","12",13,2020-07-27 10:47:33,39.92558,-70.89076,22.99
"EN655","12",14,2020-07-27 10:47:40,39.92554,-70.8908,22.769
"EN655","12",15,2020-07-27 10:49:31,39.92504,-70.89129,12.729
"EN655","12",16,2020-07-27 10:49:38,39.925,-70.89132,12.94
"EN655","12",17,2020-07-27 10:51:50,39.92438,-70.89194,2.519
"EN655","12",18,2020-07-27 10:51:57,39.92434,-70.89197,2.544
"EN655","12",19,2020-07-27 10:52:05,39.9243,-70.892,2.588
"EN655","12",20,2020-07-27 10:52:12,39.92427,-70.89204,2.685
"EN655","12",21,2020-07-27 10:52:19,39.92424,-70.89208,2.677
"EN655","12",22,2020-07-27 10:52:26,39.9242,-70.8921,2.726
"EN655","12",23,2020-07-27 10:52:33,39.92416,-70.89214,2.395
"EN655","12",24,2020-07-27 10:52:40,39.92412,-70.89217,2.486
"EN655","13",1,2020-07-27 15:21:15,39.76492,-70.78208,18.044
"EN655","13",2,2020-07-27 15:21:23,39.76492,-70.78208,18.207
"EN655","13",3,2020-07-27 15:23:23,39.76474,-70.78208,1.269
"EN655","13",4,2020-07-27 15:23:29,39.7647,-70.78206,1.364
"EN655","14",1,2020-07-27 16:53:03,39.76882,-70.99861,501.646
"EN655","14",2,2020-07-27 16:53:23,39.76878,-70.99868,502.172
"EN655","14",3,2020-07-27 17:04:20,39.76784,-71.00026,1.436
"EN655","14",4,2020-07-27 17:04:33,39.76784,-71.00029,1.24
"EN655","15",1,2020-07-27 21:23:11,40.09774,-70.88114,142.833
"EN655","15",2,2020-07-27 21:23:19,40.09772,-70.88116,142.771
"EN655","15",3,2020-07-27 21:23:30,40.09769,-70.88118,142.624
"EN655","15",4,2020-07-27 21:26:01,40.09723,-70.88124,110.283
"EN655","15",5,2020-07-27 21:26:08,40.09719,-70.88124,110.205
"EN655","15",6,2020-07-27 21:29:20,40.09666,-70.88152,70.141
"EN655","15",7,2020-07-27 21:29:27,40.09664,-70.88152,70.024
"EN655","15",8,2020-07-27 21:31:21,40.09628,-70.88156,44.967
"EN655","15",9,2020-07-27 21:31:28,40.09626,-70.88156,44.977
"EN655","15",10,2020-07-27 21:31:39,40.09622,-70.88156,44.89
"EN655","15",11,2020-07-27 21:34:24,40.09574,-70.8818,32.954
"EN655","15",12,2020-07-27 21:34:31,40.09572,-70.88182,32.912
"EN655","15",13,2020-07-27 21:36:47,40.0954,-70.88192,25.035
"EN655","15",14,2020-07-27 21:36:54,40.09538,-70.88194,25.131
"EN655","15",15,2020-07-27 21:37:01,40.09537,-70.88194,24.923
"EN655","15",16,2020-07-27 21:38:27,40.0951,-70.88202,10.186
"EN655","15",17,2020-07-27 21:38:33,40.09507,-70.88202,10.359
"EN655","15",18,2020-07-27 21:38:40,40.09504,-70.88202,10.198
"EN655","15",19,2020-07-27 21:38:46,40.09502,-70.88204,10.131
"EN655","15",20,2020-07-27 21:40:16,40.09472,-70.8822,1.667
"EN655","15",21,2020-07-27 21:40:22,40.09471,-70.88222,1.501
"EN655","15",22,2020-07-27 21:40:29,40.09469,-70.88224,1.801
"EN655","15",23,2020-07-27 21:40:37,40.09466,-70.88224,1.78
"EN655","15",24,2020-07-27 21:40:43,40.09464,-70.88226,1.584
"EN655","16",1,2020-07-28 01:58:25,40.36712,-70.87332,89.344
"EN655","16",2,2020-07-28 01:58:36,40.3671,-70.87327,89.564
"EN655","16",3,2020-07-28 02:01:08,40.36694,-70.8724,65.391
"EN655","16",4,2020-07-28 02:01:22,40.36692,-70.87232,65.23
"EN655","16",5,2020-07-28 02:03:23,40.36674,-70.87164,45.985
"EN655","16",6,2020-07-28 02:03:30,40.36672,-70.87159,46.12
"EN655","16",7,2020-07-28 02:05:17,40.3666,-70.87098,34.425
"EN655","16",8,2020-07-28 02:05:25,40.3666,-70.87094,34.733
"EN655","16",9,2020-07-28 02:05:32,40.36658,-70.8709,34.168
"EN655","16",10,2020-07-28 02:05:40,40.36658,-70.87084,34.728
"EN655","16",11,2020-07-28 02:07:18,40.36648,-70.87033,25.251
"EN655","16",12,2020-07-28 02:07:25,40.36648,-70.87028,25.102
"EN655","16",13,2020-07-28 02:07:32,40.36646,-70.87024,25.177
"EN655","16",14,2020-07-28 02:08:41,40.36638,-70.86989,12.823
"EN655","16",15,2020-07-28 02:08:47,40.36638,-70.86986,13.08
"EN655","16",16,2020-07-28 02:08:55,40.36636,-70.86982,13.099
"EN655","16",17,2020-07-28 02:10:01,40.36628,-70.86938,1.722
"EN655","16",18,2020-07-28 02:10:07,40.36628,-70.86936,1.686
"EN655","16",19,2020-07-28 02:10:13,40.36628,-70.86932,2.331
"EN655","16",20,2020-07-28 02:10:20,40.36628,-70.8693,1.711
"EN655","16",21,2020-07-28 02:10:26,40.36626,-70.86928,1.742
"EN655","16",22,2020-07-28 02:10:33,40.36626,-70.86924,2.167
"EN655","16",23,2020-07-28 02:10:40,40.36624,-70.86918,1.877
"EN655","16",24,2020-07-28 02:10:46,40.36624,-70.86914,1.963
"EN657","1",1,2020-10-13 17:57:30,41.20278,-70.87746,18.594
"EN657","1",2,2020-10-13 17:57:40,41.20278,-70.87742,18.672
"EN657","1",3,2020-10-13 17:57:47,41.20278,-70.87738,18.5
"EN657","1",4,2020-10-13 17:57:54,41.2028,-70.87734,18.417
"EN657","1",5,2020-10-13 17:58:01,41.20282,-70.87729,18.267
"EN657","1",6,2020-10-13 17:58:13,41.20282,-70.87722,18.387
"EN657","1",7,2020-10-13 18:01:32,41.20299,-70.87632,9.434
"EN657","1",8,2020-10-13 18:01:38,41.20298,-70.8763,9.595
"EN657","1",9,2020-10-13 18:01:48,41.203,-70.87622,9.693
"EN657","1",10,2020-10-13 18:01:56,41.20302,-70.87617,9.811
"EN657","1",11,2020-10-13 18:02:04,41.20304,-70.8761,9.864
"EN657","1",12,2020-10-13 18:02:12,41.20306,-70.87608,10.111
"EN657","1",13,2020-10-13 18:04:56,41.20302,-70.87542,3.237
"EN657","1",14,2020-10-13 18:05:03,41.20302,-70.87542,3.31
"EN657","1",15,2020-10-13 18:05:09,41.20302,-70.87539,3.618
"EN657","1",16,2020-10-13 18:05:16,41.20302,-70.87535,3.043
"EN657","1",17,2020-10-13 18:05:24,41.20302,-70.8753,2.614
"EN657","1",18,2020-10-13 18:05:31,41.20302,-70.87526,2.445
"EN657","1",19,2020-10-13 18:05:38,41.20304,-70.87522,2.797
"EN657","1",20,2020-10-13 18:05:45,41.20306,-70.87515,3.055
"EN657","1",21,2020-10-13 18:05:52,41.20306,-70.87508,2.683
"EN657","1",22,2020-10-13 18:06:02,41.20306,-70.87504,2.68
"EN657","1",23,2020-10-13 18:06:08,41.20305,-70.87502,3.174
"EN657","1",24,2020-10-13 18:06:14,41.20304,-70.87499,3.451
"EN657","2",1,2020-10-14 00:11:31,40.86069,-70.87942,49.483
"EN657","2",2,2020-10-14 00:11:46,40.86066,-70.87939,49.895
"EN657","2",3,2020-10-14 00:11:59,40.86062,-70.87937,49.923
"EN657","2",4,2020-10-14 00:12:10,40.8606,-70.87934,49.706
"EN657","2",5,2020-10-14 00:14:11,40.86028,-70.87908,29.925
"EN657","2",6,2020-10-14 00:14:19,40.86026,-70.87906,30.543
"EN657","2",7,2020-10-14 00:16:05,40.85994,-70.87879,15.249
"EN657","2",8,2020-10-14 00:16:18,40.8599,-70.87876,14.92
"EN657","2",9,2020-10-14 00:18:12,40.85952,-70.87848,2.3
"EN657","2",10,2020-10-14 00:18:20,40.85948,-70.87846,2.341
"EN657","2",11,2020-10-14 00:18:26,40.85946,-70.87842,2.746
"EN657","2",12,2020-10-14 00:18:34,40.85944,-70.87842,2.475
"EN657","3",1,2020-10-14 09:15:28,41.03067,-70.77476,43.733
"EN657","3",2,2020-10-14 09:15:36,41.03068,-70.7748,43.27
"EN657","3",3,2020-10-14 09:15:44,41.03066,-70.77484,43.275
"EN657","3",4,2020-10-14 09:17:18,41.0307,-70.77527,38.44
"EN657","3",5,2020-10-14 09:17:28,41.0307,-70.7753,38.587
"EN657","3",6,2020-10-14 09:17:37,41.03069,-70.77534,38.139
"EN657","3",7,2020-10-14 09:20:22,41.03085,-70.77595,3.054
"EN657","3",8,2020-10-14 09:20:45,41.03086,-70.77604,3.155
"EN657","3",9,2020-10-14 09:20:53,41.03086,-70.77607,3.055
"EN657","3",10,2020-10-14 09:21:02,41.03086,-70.77611,2.836
"EN657","3",11,2020-10-14 09:21:09,41.03088,-70.77614,2.539
"EN657","3",12,2020-10-14 09:21:18,41.03088,-70.77619,3.106
"EN657","3",13,2020-10-14 09:21:26,41.03085,-70.77622,3.122
"EN657","3",14,2020-10-14 09:21:35,41.03084,-70.77626,3.064
"EN657","3",15,2020-10-14 09:21:43,41.03085,-70.7763,2.514
"EN657","4",1,2020-10-14 10:50:04,41.03058,-70.99574,38.694
"EN657","4",2,2020-10-14 10:50:16,41.0306,-70.99582,38.683
"EN657","4",3,2020-10-14 10:53:00,41.0307,-70.99654,3.018
"EN657","5",1,2020-10-14 13:10:55,41.0295,-70.88414,40.519
"EN657","5",2,2020-10-14 13:11:07,41.02949,-70.88414,40.877
"EN657","5",3,2020-10-14 13:11:20,41.02948,-70.88412,40.809
"EN657","5",4,2020-10-14 13:16:02,41.02928,-70.88414,35.084
"EN657","5",5,2020-10-14 13:16:09,41.02928,-70.88416,35.097
"EN657","5",6,2020-10-14 13:16:16,41.02928,-70.88416,34.807
"EN657","5",7,2020-10-14 13:16:22,41.02928,-70.88416,35.057
"EN657","5",8,2020-10-14 13:16:28,41.02928,-70.88416,35.178
"EN657","5",9,2020-10-14 13:19:19,41.02934,-70.88434,20.301
"EN657","5",10,2020-10-14 13:19:25,41.02934,-70.88434,20.527
"EN657","5",11,2020-10-14 13:19:32,41.02934,-70.88433,20.351
"EN657","5",12,2020-10-14 13:19:38,41.02934,-70.88432,20.309
"EN657","5",13,2020-10-14 13:21:37,41.02938,-70.88428,4.306
"EN657","5",14,2020-10-14 13:21:44,41.0294,-70.88428,4.109
"EN657","5",15,2020-10-14 13:21:51,41.0294,-70.88428,4.123
"EN657","5",16,2020-10-14 13:21:58,41.0294,-70.88428,4.201
"EN657","5",17,2020-10-14 13:22:04,41.0294,-70.88429,4.203
"EN657","5",18,2020-10-14 13:22:11,41.0294,-70.8843,4.059
"EN657","5",19,2020-10-14 13:22:18,41.0294,-70.8843,4.212
"EN657","5",20,2020-10-14 13:22:24,41.0294,-70.8843,4.264
"EN657","5",21,2020-10-14 13:22:31,41.0294,-70.8843,4.191
"EN657","5",22,2020-10-14 13:22:37,41.02938,-70.8843,4.117
"EN657","5",23,2020-10-14 13:22:44,41.02938,-70.88432,4.342
"EN657","5",24,2020-10-14 13:22:50,41.02938,-70.88432,4.296
"EN657","6",1,2020-10-14 18:31:20,40.69642,-70.89032,61.866
"EN657","6",2,2020-10-14 18:31:28,40.69642,-70.89036,61.967
"EN657","6",3,2020-10-14 18:34:54,40.69624,-70.89152,44.954
"EN657","6",4,2020-10-14 18:35:01,40.69622,-70.89155,44.961
"EN657","6",5,2020-10-14 18:35:08,40.69624,-70.89159,45.01
"EN657","6",6,2020-10-14 18:35:16,40.69621,-70.89164,45.19
"EN657","6",7,2020-10-14 18:38:00,40.696,-70.89256,32.884
"EN657","6",8,2020-10-14 18:38:06,40.69599,-70.8926,32.907
"EN657","6",9,2020-10-14 18:38:13,40.69598,-70.89263,32.876
"EN657","6",10,2020-10-14 18:38:20,40.69598,-70.89266,33.096
"EN657","6",11,2020-10-14 18:38:26,40.69596,-70.8927,33.024
"EN657","6",12,2020-10-14 18:41:22,40.69572,-70.89364,20.217
"EN657","6",13,2020-10-14 18:41:29,40.69572,-70.89369,20.187
"EN657","6",14,2020-10-14 18:41:36,40.6957,-70.89372,20.26
"EN657","6",15,2020-10-14 18:41:43,40.6957,-70.89376,20.504
"EN657","6",16,2020-10-14 18:43:43,40.69561,-70.8944,2.358
"EN657","6",17,2020-10-14 18:43:49,40.6956,-70.89443,2.245
"EN657","6",18,2020-10-14 18:43:56,40.69559,-70.89448,2.548
"EN657","6",19,2020-10-14 18:44:03,40.69558,-70.89451,2.502
"EN657","6",20,2020-10-14 18:44:10,40.69558,-70.89454,1.851
"EN657","6",21,2020-10-14 18:44:17,40.69556,-70.89457,2.598
"EN657","6",22,2020-10-14 18:44:23,40.69556,-70.8946,2.254
"EN657","6",23,2020-10-14 18:44:30,40.69556,-70.89464,2.542
"EN657","6",24,2020-10-14 18:44:37,40.69556,-70.89468,3.561
"EN657","7",1,2020-10-14 23:20:42,40.51594,-70.88492,71.347
"EN657","7",2,2020-10-14 23:20:56,40.51596,-70.88492,71.343
"EN657","7",3,2020-10-14 23:23:23,40.516,-70.88495,44.93
"EN657","7",4,2020-10-14 23:23:32,40.51598,-70.88496,45.107
"EN657","7",5,2020-10-14 23:23:41,40.51598,-70.88496,45.155
"EN657","7",6,2020-10-14 23:28:06,40.51558,-70.88524,22.244
"EN657","7",7,2020-10-14 23:28:26,40.51556,-70.8853,22.26
"EN657","7",8,2020-10-14 23:28:42,40.51556,-70.88534,22.144
"EN657","7",9,2020-10-14 23:30:26,40.51552,-70.88556,17.278
"EN657","7",10,2020-10-14 23:30:36,40.51552,-70.88558,17.185
"EN657","7",11,2020-10-14 23:30:47,40.51552,-70.8856,17.086
"EN657","7",12,2020-10-14 23:33:02,40.51546,-70.88588,2.536
"EN657","7",13,2020-10-14 23:33:10,40.51546,-70.8859,2.298
"EN657","7",14,2020-10-14 23:33:22,40.51547,-70.88592,2.529
"EN657","7",15,2020-10-14 23:33:31,40.51548,-70.88592,2.475
"EN657","7",16,2020-10-14 23:33:43,40.51551,-70.88596,2.357
"EN657","9",1,2020-10-15 07:57:41,39.934,-70.87812,450.207
"EN657","9",2,2020-10-15 07:57:49,39.93398,-70.87812,450.485
"EN657","9",3,2020-10-15 08:05:08,39.93366,-70.87806,250.138
"EN657","9",4,2020-10-15 08:10:40,39.93334,-70.878,124.859
"EN657","9",5,2020-10-15 08:14:19,39.93304,-70.87794,74.688
"EN657","9",6,2020-10-15 08:14:26,39.93302,-70.87794,74.641
"EN657","9",7,2020-10-15 08:14:33,39.93302,-70.87794,74.996
"EN657","9",8,2020-10-15 08:14:39,39.933,-70.87794,74.861
"EN657","9",9,2020-10-15 08:17:03,39.9328,-70.87798,60.408
"EN657","9",10,2020-10-15 08:17:10,39.93279,-70.87798,60.273
"EN657","9",11,2020-10-15 08:19:44,39.93258,-70.878,44.855
"EN657","9",12,2020-10-15 08:19:51,39.93256,-70.878,44.975
"EN657","9",13,2020-10-15 08:19:58,39.93256,-70.878,44.747
"EN657","9",14,2020-10-15 08:22:09,39.9324,-70.878,25.336
"EN657","9",15,2020-10-15 08:22:15,39.9324,-70.878,25.404
"EN657","9",16,2020-10-15 08:22:22,39.9324,-70.87798,25.436
"EN657","9",17,2020-10-15 08:25:15,39.9322,-70.87794,2.387
"EN657","9",18,2020-10-15 08:25:22,39.9322,-70.87794,2.345
"EN657","9",19,2020-10-15 08:25:28,39.9322,-70.87794,2.396
"EN657","9",20,2020-10-15 08:25:35,39.9322,-70.87794,2.563
"EN657","9",21,2020-10-15 08:25:41,39.9322,-70.87794,2.452
"EN657","9",22,2020-10-15 08:25:48,39.9322,-70.87794,2.352
"EN657","9",23,2020-10-15 08:25:54,39.93218,-70.87792,2.554
"EN657","9",24,2020-10-15 08:26:01,39.93218,-70.87792,2.636
"EN657","10",1,2020-10-15 12:15:41,39.77216,-70.77612,500.53
"EN657","10",2,2020-10-15 12:15:53,39.77216,-70.77612,501.085
"EN657","10",3,2020-10-15 12:26:36,39.77276,-70.77626,49.72
"EN657","10",4,2020-10-15 12:26:50,39.77278,-70.77626,49.765
"EN657","10",5,2020-10-15 12:28:48,39.7729,-70.7763,33.324
"EN657","10",6,2020-10-15 12:28:58,39.77291,-70.7763,33.405
"EN657","10",7,2020-10-15 12:31:44,39.7731,-70.77632,2.534
"EN657","10",8,2020-10-15 12:31:58,39.7731,-70.77634,2.491
"EN657","11",1,2020-10-15 14:04:05,39.7748,-70.99258,499.972
"EN657","11",2,2020-10-15 14:04:16,39.7748,-70.9926,500.074
"EN657","11",3,2020-10-15 14:13:22,39.77556,-70.9927,41.745
"EN657","11",4,2020-10-15 14:13:32,39.7756,-70.9927,41.985
"EN657","11",5,2020-10-15 14:16:09,39.77584,-70.9927,2.611
"EN657","11",6,2020-10-15 14:16:18,39.77586,-70.9927,2.454
"EN657","12",1,2020-10-15 16:27:26,39.77156,-70.88048,500.634
"EN657","12",2,2020-10-15 16:34:05,39.77116,-70.87958,251.661
"EN657","12",3,2020-10-15 16:40:00,39.77054,-70.8789,110.363
"EN657","12",4,2020-10-15 16:43:18,39.7701,-70.87834,70.799
"EN657","12",5,2020-10-15 16:43:24,39.77008,-70.87832,70.405
"EN657","12",6,2020-10-15 16:46:46,39.76962,-70.87768,55.299
"EN657","12",7,2020-10-15 16:49:26,39.76932,-70.87732,35.612
"EN657","12",8,2020-10-15 16:49:33,39.76932,-70.87728,35.645
"EN657","12",9,2020-10-15 16:49:40,39.7693,-70.87728,35.697
"EN657","12",10,2020-10-15 16:49:46,39.76928,-70.87726,35.514
"EN657","12",11,2020-10-15 16:49:52,39.76928,-70.87724,35.48
"EN657","12",12,2020-10-15 16:52:20,39.7689,-70.87674,25.586
"EN657","12",13,2020-10-15 16:52:26,39.7689,-70.87674,25.473
"EN657","12",14,2020-10-15 16:52:33,39.7689,-70.87671,25.683
"EN657","12",15,2020-10-15 16:52:40,39.76888,-70.8767,25.747
"EN657","12",16,2020-10-15 16:52:47,39.76888,-70.8767,25.805
"EN657","12",17,2020-10-15 16:55:40,39.76858,-70.8762,3.148
"EN657","12",18,2020-10-15 16:55:49,39.76856,-70.87614,3.251
"EN657","12",19,2020-10-15 16:55:55,39.76856,-70.87612,3.051
"EN657","12",20,2020-10-15 16:56:02,39.76854,-70.8761,3.098
"EN657","12",21,2020-10-15 16:56:09,39.76854,-70.8761,3.253
"EN657","12",22,2020-10-15 16:56:17,39.76852,-70.87608,3.12
"EN657","12",23,2020-10-15 16:56:24,39.76852,-70.87606,3.248
"EN657","12",24,2020-10-15 16:56:31,39.7685,-70.87605,3.389
"EN657","13",1,2020-10-16 02:55:47,39.93604,-70.76962,449.811
"EN657","13",2,2020-10-16 03:10:06,39.9332,-70.76816,65.737
"EN657","13",3,2020-10-16 03:13:44,39.9323,-70.76778,34.31
"EN657","13",4,2020-10-16 03:17:10,39.93148,-70.76746,1.109
"EN657","14",1,2020-10-16 09:48:50,40.10304,-70.88264,140.369
"EN657","14",2,2020-10-16 09:49:02,40.10304,-70.88262,140.645
"EN657","14",3,2020-10-16 09:51:20,40.10292,-70.8825,106.94
"EN657","14",4,2020-10-16 09:51:32,40.1029,-70.8825,106.927
"EN657","14",5,2020-10-16 09:53:20,40.10276,-70.88244,89.993
"EN657","14",6,2020-10-16 09:53:30,40.10274,-70.88244,89.816
"EN657","14",7,2020-10-16 09:53:40,40.10272,-70.88244,90.128
"EN657","14",8,2020-10-16 09:55:33,40.10254,-70.8824,72.452
"EN657","14",9,2020-10-16 09:55:43,40.10252,-70.8824,72.141
"EN657","14",10,2020-10-16 09:55:53,40.10252,-70.88239,72.202
"EN657","14",11,2020-10-16 09:57:28,40.10236,-70.88228,59.858
"EN657","14",12,2020-10-16 09:57:39,40.10234,-70.88228,59.793
"EN657","14",13,2020-10-16 09:59:55,40.1021,-70.8821,30.407
"EN657","14",14,2020-10-16 10:00:04,40.10208,-70.88208,30.515
"EN657","14",15,2020-10-16 10:02:27,40.10184,-70.88197,2.553
"EN657","14",16,2020-10-16 10:02:36,40.10182,-70.88195,2.366
"EN657","14",17,2020-10-16 10:02:45,40.10182,-70.88193,2.749
"EN657","14",18,2020-10-16 10:02:54,40.1018,-70.88192,3.101
"EN657","14",19,2020-10-16 10:03:05,40.10178,-70.88192,2.803
"EN657","15",1,2020-10-16 11:43:42,40.13122,-70.77138,131.736
"EN657","15",2,2020-10-16 11:43:54,40.13118,-70.77134,131.2
"EN657","15",3,2020-10-16 11:48:19,40.13074,-70.77054,95.767
"EN657","15",4,2020-10-16 11:50:32,40.1305,-70.77006,85.381
"EN657","15",5,2020-10-16 11:50:41,40.1305,-70.77001,85.357
"EN657","15",6,2020-10-16 11:50:56,40.13046,-70.76996,85.382
"EN657","15",7,2020-10-16 11:51:07,40.13045,-70.76992,85.445
"EN657","15",8,2020-10-16 11:53:59,40.13014,-70.76942,70.71
"EN657","15",9,2020-10-16 11:54:15,40.13012,-70.76938,70.27
"EN657","15",10,2020-10-16 11:57:14,40.12982,-70.76886,49.58
"EN657","15",11,2020-10-16 11:57:22,40.12981,-70.76884,50.024
"EN657","15",12,2020-10-16 11:57:32,40.1298,-70.76882,49.852
"EN657","15",13,2020-10-16 11:57:39,40.12978,-70.7688,50.118
"EN657","15",14,2020-10-16 12:00:46,40.1294,-70.76818,25.433
"EN657","15",15,2020-10-16 12:00:53,40.12938,-70.76816,25.58
"EN657","15",16,2020-10-16 12:01:00,40.12936,-70.76814,25.374
"EN657","15",17,2020-10-16 12:03:41,40.12908,-70.76761,3.223
"EN657","15",18,2020-10-16 12:03:48,40.12908,-70.7676,3.205
"EN657","15",19,2020-10-16 12:03:55,40.12908,-70.76758,3.194
"EN657","15",20,2020-10-16 12:04:02,40.12906,-70.76756,3.118
"EN657","15",21,2020-10-16 12:04:08,40.12904,-70.76752,2.845
"EN657","15",22,2020-10-16 12:04:15,40.12904,-70.7675,2.68
"EN657","15",23,2020-10-16 12:04:22,40.12904,-70.76748,3.374
"EN657","15",24,2020-10-16 12:04:29,40.12903,-70.76746,3.122
"EN657","16",1,2020-10-16 22:48:55,40.36602,-70.77639,87.339
"EN657","16",2,2020-10-16 22:49:06,40.36602,-70.77637,87.135
"EN657","16",3,2020-10-16 22:50:59,40.36618,-70.77626,70.368
"EN657","16",4,2020-10-16 22:51:07,40.3662,-70.77625,70.087
"EN657","16",5,2020-10-16 22:53:34,40.36636,-70.77579,30.018
"EN657","16",6,2020-10-16 22:53:43,40.36636,-70.77576,29.895
"EN657","16",7,2020-10-16 22:55:13,40.36624,-70.77548,16.325
"EN657","16",8,2020-10-16 22:55:23,40.36622,-70.77548,16.244
"EN657","16",9,2020-10-16 22:57:08,40.36592,-70.77521,2.85
"EN657","16",10,2020-10-16 22:57:17,40.3659,-70.77518,2.819
"EN657","17",1,2020-10-16 23:55:40,40.35904,-70.88758,90.106
"EN657","17",2,2020-10-16 23:55:50,40.35904,-70.88758,90.056
"EN657","17",3,2020-10-16 23:58:46,40.35933,-70.88782,68.482
"EN657","17",4,2020-10-17 00:00:21,40.35946,-70.88796,60.409
"EN657","17",5,2020-10-17 00:00:30,40.35948,-70.88798,60.411
"EN657","17",6,2020-10-17 00:00:38,40.3595,-70.88798,60.214
"EN657","17",7,2020-10-17 00:00:47,40.3595,-70.88798,60.343
"EN657","17",8,2020-10-17 00:00:56,40.35952,-70.888,60.24
"EN657","17",9,2020-10-17 00:02:54,40.35972,-70.88818,42.986
"EN657","17",10,2020-10-17 00:03:04,40.35972,-70.88818,43.308
"EN657","17",11,2020-10-17 00:05:22,40.35988,-70.88836,38.488
"EN657","17",12,2020-10-17 00:05:30,40.3599,-70.88836,38.384
"EN657","17",13,2020-10-17 00:05:39,40.3599,-70.88838,38.339
"EN657","17",14,2020-10-17 00:05:48,40.35992,-70.88838,38.267
"EN657","17",15,2020-10-17 00:08:05,40.36006,-70.88858,20.538
"EN657","17",16,2020-10-17 00:08:14,40.36006,-70.8886,20.476
"EN657","17",17,2020-10-17 00:10:48,40.3602,-70.88878,3.638
"EN657","17",18,2020-10-17 00:10:58,40.3602,-70.88878,3.668
"EN657","17",19,2020-10-17 00:11:06,40.36022,-70.88878,3.752
"EN657","17",20,2020-10-17 00:11:16,40.36023,-70.88879,3.844
"EN657","17",21,2020-10-17 00:11:25,40.36024,-70.88878,3.688
"EN657","17",22,2020-10-17 00:11:33,40.36026,-70.8888,3.596
"EN657","17",23,2020-10-17 00:11:42,40.36026,-70.8888,3.548
"EN657","17",24,2020-10-17 00:11:50,40.36028,-70.88881,3.718
"EN657","18",1,2020-10-17 02:33:11,40.36096,-70.98952,11.653
"EN657","18",2,2020-10-17 02:33:21,40.36094,-70.98952,11.742
"EN657","19",1,2020-10-17 05:39:59,40.22354,-70.87195,120.214
"EN657","19",2,2020-10-17 05:40:08,40.22352,-70.87188,120.078
"EN657","19",3,2020-10-17 05:42:21,40.22334,-70.87074,101.227
"EN657","19",4,2020-10-17 05:42:31,40.22332,-70.87068,101.797
"EN657","19",5,2020-10-17 05:44:52,40.2233,-70.86987,85.603
"EN657","19",6,2020-10-17 05:45:02,40.22328,-70.8698,85.658
"EN657","19",7,2020-10-17 05:46:37,40.22324,-70.86918,68.287
"EN657","19",8,2020-10-17 05:46:47,40.22324,-70.86912,68.14
"EN657","19",9,2020-10-17 05:48:54,40.22324,-70.86832,40.679
"EN657","19",10,2020-10-17 05:49:02,40.22322,-70.86826,40.668
"EN657","19",11,2020-10-17 05:51:22,40.22327,-70.86747,20.27
"EN657","19",12,2020-10-17 05:51:35,40.22326,-70.86739,20.328
"EN657","19",13,2020-10-17 05:54:20,40.22322,-70.8664,3.035
"EN657","19",14,2020-10-17 05:54:29,40.22322,-70.86634,2.937
"EN657","19",15,2020-10-17 05:54:38,40.22322,-70.86629,4.962
"EN657","19",16,2020-10-17 05:54:53,40.22324,-70.86624,5.314
"EN657","19",17,2020-10-17 05:55:25,40.22322,-70.86603,5.193
"EN657","19",18,2020-10-17 05:55:38,40.22322,-70.86594,5.193
"EN657","19",19,2020-10-17 05:55:49,40.2232,-70.8659,5.225
"EN657","19",20,2020-10-17 05:56:32,40.22318,-70.86565,5.086
"EN657","19",21,2020-10-17 05:56:41,40.22318,-70.86559,5.261
"EN657","19",22,2020-10-17 05:56:52,40.22318,-70.86554,5.276
"EN657","19",23,2020-10-17 05:57:03,40.22318,-70.86548,5.222
"EN657","19",24,2020-10-17 05:57:13,40.22318,-70.86542,5.142
"EN657","20",1,2020-10-18 01:50:01,41.32042,-70.57818,15.679
"EN657","20",2,2020-10-18 01:50:13,41.32044,-70.5782,15.744
"EN657","20",3,2020-10-18 01:50:21,41.32046,-70.5782,15.707
"EN657","20",4,2020-10-18 01:52:15,41.32058,-70.5782,8.266
"EN657","20",5,2020-10-18 01:52:29,41.32058,-70.5782,8.298
"EN657","20",6,2020-10-18 01:54:01,41.32058,-70.57812,1.879
"EN657","20",7,2020-10-18 01:54:17,41.32056,-70.5781,2.004
"EN657","20",8,2020-10-18 01:54:27,41.32056,-70.5781,1.987
"AR48A","1",1,2020-10-28 16:18:11,41.1965,-70.883667,19.3098668171087
"AR48A","1",2,2020-10-28 16:20:12,41.1965,-70.883667,12.5791038596315
"AR48A","1",3,2020-10-28 16:21:57,41.1965,-70.883667,7.85235670045359
"AR48A","1",4,2020-10-28 16:23:17,41.1965,-70.883667,2.67503432093741
"AR48A","2",1,2020-10-28 17:42:35,41.029167,-70.8835,42.429952673125
"AR48A","2",2,2020-10-28 17:45:08,41.029167,-70.8835,29.7304632176602
"AR48A","2",3,2020-10-28 17:47:24,41.029167,-70.8835,14.8245965162205
"AR48A","2",4,2020-10-28 17:49:10,41.029167,-70.8835,2.98762812089377
"AR48A","3",1,2020-10-28 20:06:05,40.697167,-70.883667,61.6457295806573
"AR48A","3",2,2020-10-28 20:09:08,40.697167,-70.883667,29.3116927270274
"AR48A","3",3,2020-10-28 20:11:11,40.697167,-70.883667,14.3487878402325
"AR48A","3",4,2020-10-28 20:13:04,40.697167,-70.883667,2.60966703278211
"AR48A","4",1,2020-10-29 20:41:54,40.137833,-70.776,128.801057241709
"AR48A","4",2,2020-10-29 20:42:04,40.137833,-70.776,129.095592465176
"AR48A","4",3,2020-10-29 20:44:29,40.137833,-70.776,102.082869780102
"AR48A","4",4,2020-10-29 20:48:09,40.137833,-70.776,52.2105096939691
"AR48A","4",5,2020-10-29 20:48:18,40.137833,-70.776,52.0180475242782
"AR48A","4",6,2020-10-29 20:51:11,40.137833,-70.776,20.0191918443455
"AR48A","4",7,2020-10-29 20:51:21,40.137833,-70.776,20.3684560202987
"AR48A","4",8,2020-10-29 20:53:44,40.137833,-70.776,7.02455317571574
"AR48A","4",9,2020-10-29 20:53:54,40.137833,-70.776,7.17240457746573
"AR48A","4",10,2020-10-29 20:55:15,40.137833,-70.776,2.26348245208557
"AR48A","5",1,2020-10-31 22:36:14,40.362667,-70.884333,90.376087895588
"AR48A","5",2,2020-10-31 22:36:35,40.362667,-70.884333,90.0844786654625
"AR48A","5",3,2020-10-31 22:40:04,40.362667,-70.884333,56.9682608625409
"AR48A","5",4,2020-10-31 22:43:05,40.362667,-70.884333,40.6775009748269
"AR48A","5",5,2020-10-31 22:43:16,40.362667,-70.884333,41.2489544777793
"AR48A","5",6,2020-10-31 22:45:22,40.362667,-70.884333,23.8645455230758
"AR48A","5",7,2020-10-31 22:45:37,40.362667,-70.884333,23.8893502632874
"AR48A","5",8,2020-10-31 22:48:06,40.362667,-70.884333,7.32605971007899
"AR48A","5",9,2020-10-31 22:48:17,40.362667,-70.884333,7.43421709826589
"AR48A","5",10,2020-10-31 22:49:46,40.362667,-70.884333,3.6119598348148
"AR48A","6",1,2020-11-01 21:35:48,40.697833,-70.882167,60.8749588452519
"AR48A","7",1,2020-11-01 23:52:33,41.031833,-70.8825,42.2801443778271
"AR48A","8",1,2020-11-02 01:10:11,41.196833,-70.8835,19.3346696326458
"AR48B","1",1,2020-11-04 16:47:33,39.940167,-70.883833,442.324315473593
"AR48B","1",2,2020-11-04 16:47:46,39.940167,-70.883833,442.383728014555
"AR48B","1",3,2020-11-04 17:07:18,39.940167,-70.883833,302.601040457963
"AR48B","1",4,2020-11-04 17:12:11,39.940167,-70.883833,222.424142331107
"AR48B","1",5,2020-11-04 17:12:23,39.940167,-70.883833,222.203089592366
"AR48B","1",6,2020-11-04 17:17:08,39.940167,-70.883833,99.9918919776671
"AR48B","1",7,2020-11-04 17:17:18,39.940167,-70.883833,100.389627055225
"AR48B","1",8,2020-11-04 17:20:34,39.940167,-70.883833,60.182738887667
"AR48B","1",9,2020-11-04 17:23:37,39.940167,-70.883833,22.3076590244774
"AR48B","1",10,2020-11-04 17:26:09,39.940167,-70.883833,7.61311805179822
"AR48B","1",11,2020-11-04 17:26:21,39.940167,-70.883833,7.6329641832114
"AR48B","1",12,2020-11-04 17:27:55,39.940167,-70.883833,2.44313523480629
"AR48B","2",1,2020-11-05 16:06:12,39.94,-70.7745,446.944586459062
"AR48B","2",2,2020-11-05 16:06:32,39.94,-70.7745,446.921812156765
"AR48B","2",3,2020-11-05 16:11:15,39.94,-70.7745,297.594063047379
"AR48B","2",4,2020-11-05 16:15:10,39.94,-70.7745,222.496508210238
"AR48B","2",5,2020-11-05 16:15:26,39.94,-70.7745,222.345835568052
"AR48B","2",6,2020-11-05 16:20:25,39.94,-70.7745,100.537415232881
"AR48B","2",7,2020-11-05 16:20:42,39.94,-70.7745,100.53245595089
"AR48B","2",8,2020-11-05 16:24:05,39.94,-70.7745,60.4605141135743
"AR48B","2",9,2020-11-05 16:27:13,39.94,-70.7745,22.6192210304277
"AR48B","2",10,2020-11-05 16:29:26,39.94,-70.7745,7.83936395468896
"AR48B","2",11,2020-11-05 16:29:40,39.94,-70.7745,7.69944882621317
"AR48B","2",12,2020-11-05 16:31:03,39.94,-70.7745,3.19829831247904
"AR48B","3",1,2020-11-07 13:30:24,40.205,-71.028667,123.965696564726
"AR48B","4",1,2020-11-07 14:14:31,40.204833,-70.9615,125.039727464627
"AR48B","5",1,2020-11-07 14:58:49,40.205167,-70.894,124.098584998959
"AR48B","6",1,2020-11-07 15:41:53,40.205167,-70.825,122.135964757499
"AR48B","7",1,2020-11-07 16:22:56,40.2055,-70.7585,121.004396365006
"AR48B","8",1,2020-11-07 17:06:19,40.204833,-70.690167,119.564401659774
"AR48B","9",1,2020-11-07 17:48:57,40.205,-70.622333,114.831759951656
"AR48B","10",1,2020-11-08 19:23:52,39.773,-70.883333,502.021032673041
"AR48B","10",2,2020-11-08 19:29:08,39.773,-70.883333,301.71778815086
"AR48B","10",3,2020-11-08 19:33:20,39.773,-70.883333,151.792447386149
"AR48B","10",4,2020-11-08 19:36:07,39.773,-70.883333,101.412776380321
"AR48B","10",5,2020-11-08 19:39:11,39.773,-70.883333,60.0447628546421
"AR48B","10",6,2020-11-08 19:41:42,39.773,-70.883333,30.1664699280407
"AR48B","10",7,2020-11-08 19:43:42,39.773,-70.883333,15.1527547747848
"AR48B","10",8,2020-11-08 19:45:14,39.773,-70.883333,1.97875350283393
"AR48B","11",1,2020-11-09 20:01:24,40.226167,-70.8815,122.519529016629
"AR48B","11",2,2020-11-09 20:04:07,40.226167,-70.8815,100.208487089898
"AR48B","11",3,2020-11-09 20:07:09,40.226167,-70.8815,60.2575600414746
"AR48B","11",4,2020-11-09 20:09:34,40.226167,-70.8815,30.3725914766419
"AR48B","11",5,2020-11-09 20:11:35,40.226167,-70.8815,15.3208122742334
"AR48B","11",6,2020-11-09 20:13:14,40.226167,-70.8815,2.15927202609489
"AR48B","12",1,2020-11-09 21:19:47,40.0975,-70.8845,142.92292886066
"AR48B","12",2,2020-11-09 21:22:46,40.0975,-70.8845,102.776535467794
"AR48B","12",3,2020-11-09 21:25:21,40.0975,-70.8845,60.7066655956489
"AR48B","12",4,2020-11-09 21:27:52,40.0975,-70.8845,30.6438124639265
"AR48B","12",5,2020-11-09 21:30:05,40.0975,-70.8845,15.5750087149539
"AR48B","12",6,2020-11-09 21:32:06,40.0975,-70.8845,2.87971954080129
"AR48B","13",1,2020-11-10 19:26:23,40.3645,-70.774833,89.9644474838981
"AR48B","14",1,2020-11-10 20:12:46,40.2935,-70.7745,108.264317926006
"AR48B","15",1,2020-11-10 20:59:55,40.220833,-70.774833,120.373485017402
"AR48B","16",1,2020-11-10 21:51:10,40.1375,-70.7755,129.722350074097
"AR48B","17",1,2020-11-10 22:38:58,40.072333,-70.774833,135.673251921362
"AR48B","18",1,2020-11-10 23:24:34,40.0075,-70.7765,261.972283421629
"AR48B","19",1,2020-11-11 00:18:00,39.940833,-70.774833,442.356965613524
"EN661","1",1,2021-02-03 18:57:08,41.1984,-70.87974,17.494
"EN661","1",2,2021-02-03 18:57:29,41.19836,-70.8796,17.368
"EN661","1",3,2021-02-03 18:57:42,41.19832,-70.87952,16.599
"EN661","1",4,2021-02-03 18:57:54,41.19829,-70.87946,17.238
"EN661","1",5,2021-02-03 18:58:05,41.19826,-70.8794,17.751
"EN661","1",6,2021-02-03 18:59:31,41.19798,-70.87902,14.805
"EN661","1",7,2021-02-03 18:59:46,41.19792,-70.87898,14.739
"EN661","1",8,2021-02-03 19:00:02,41.19784,-70.87889,15.621
"EN661","1",9,2021-02-03 19:02:39,41.19709,-70.87827,11.027
"EN661","1",10,2021-02-03 19:02:47,41.19706,-70.87824,10.847
"EN661","1",11,2021-02-03 19:02:54,41.19702,-70.87822,10.878
"EN661","1",12,2021-02-03 19:03:02,41.19698,-70.87817,10.996
"EN661","1",13,2021-02-03 19:03:11,41.19694,-70.87814,10.784
"EN661","1",14,2021-02-03 19:05:52,41.19612,-70.87741,1.502
"EN661","1",15,2021-02-03 19:06:05,41.19605,-70.87736,0.785
"EN661","1",16,2021-02-03 19:06:15,41.19598,-70.87731,0.818
"EN661","1",17,2021-02-03 19:06:27,41.19592,-70.87724,1.273
"EN661","1",18,2021-02-03 19:06:34,41.19588,-70.8772,1.043
"EN661","1",19,2021-02-03 19:06:44,41.19583,-70.87716,1.048
"EN661","1",20,2021-02-03 19:06:52,41.19579,-70.87714,1.026
"EN661","1",21,2021-02-03 19:06:58,41.19574,-70.8771,1.285
"EN661","1",22,2021-02-03 19:07:05,41.19572,-70.87707,1.091
"EN661","1",23,2021-02-03 19:07:14,41.19568,-70.87702,1.302
"EN661","1",24,2021-02-03 19:07:21,41.19564,-70.877,1.309
"EN661","2",1,2021-02-04 01:54:30,41.0303,-70.88788,40.901
"EN661","2",2,2021-02-04 01:54:42,41.0303,-70.8879,41.235
"EN661","2",3,2021-02-04 01:56:39,41.03048,-70.8881,31.924
"EN661","2",4,2021-02-04 01:56:45,41.03048,-70.8881,31.876
"EN661","2",5,2021-02-04 01:56:52,41.0305,-70.88812,32.057
"EN661","2",6,2021-02-04 01:58:54,41.0306,-70.88836,23.988
"EN661","2",7,2021-02-04 01:59:01,41.03061,-70.88836,24.551
"EN661","2",8,2021-02-04 01:59:08,41.03062,-70.88839,24.494
"EN661","2",9,2021-02-04 01:59:24,41.03062,-70.88844,24.094
"EN661","2",10,2021-02-04 01:59:40,41.03064,-70.8885,24
"EN661","2",11,2021-02-04 02:01:11,41.0307,-70.88872,15.213
"EN661","2",12,2021-02-04 02:01:24,41.03072,-70.88874,15.171
"EN661","2",13,2021-02-04 02:01:33,41.03072,-70.88876,15.162
"EN661","2",14,2021-02-04 02:01:40,41.03072,-70.88878,15.17
"EN661","2",15,2021-02-04 02:03:36,41.03084,-70.8889,3.277
"EN661","2",16,2021-02-04 02:03:42,41.03085,-70.8889,3.392
"EN661","2",17,2021-02-04 02:03:49,41.03086,-70.88891,3.738
"EN661","2",18,2021-02-04 02:03:56,41.03087,-70.88893,3.362
"EN661","2",19,2021-02-04 02:04:02,41.03089,-70.88894,3.385
"EN661","2",20,2021-02-04 02:04:08,41.0309,-70.88894,3.388
"EN661","2",21,2021-02-04 02:04:15,41.0309,-70.88894,3.487
"EN661","2",22,2021-02-04 02:04:21,41.03092,-70.88896,3.512
"EN661","2",23,2021-02-04 02:04:27,41.03092,-70.88896,3.201
"EN661","2",24,2021-02-04 02:04:34,41.03094,-70.88898,3.365
"EN661","3",1,2021-02-04 08:59:08,40.69766,-70.7743,29.821
"EN661","3",2,2021-02-04 08:59:20,40.69766,-70.7743,29.983
"EN661","3",3,2021-02-04 09:01:46,40.69762,-70.77436,2.447
"EN661","3",4,2021-02-04 09:01:53,40.6976,-70.77436,2.169
"EN661","4",1,2021-02-04 10:42:55,40.69766,-70.99489,30.848
"EN661","4",2,2021-02-04 10:45:39,40.6979,-70.99624,2.312
"EN661","4",3,2021-02-04 10:45:46,40.6979,-70.9963,2.733
"EN661","4",4,2021-02-04 10:45:54,40.6979,-70.99636,2.584
"EN661","5",1,2021-02-04 13:02:07,40.69743,-70.8851,60.003
"EN661","5",2,2021-02-04 13:02:16,40.69738,-70.8851,59.843
"EN661","5",3,2021-02-04 13:04:27,40.69696,-70.88566,40.693
"EN661","5",4,2021-02-04 13:04:34,40.69694,-70.88568,40.245
"EN661","5",5,2021-02-04 13:06:29,40.69686,-70.88632,28.442
"EN661","5",6,2021-02-04 13:06:38,40.69686,-70.88636,28.4
"EN661","5",7,2021-02-04 13:06:47,40.69686,-70.8864,28.373
"EN661","5",8,2021-02-04 13:06:54,40.69686,-70.88643,28.322
"EN661","5",9,2021-02-04 13:07:03,40.69684,-70.88648,28.376
"EN661","5",10,2021-02-04 13:09:06,40.69662,-70.88704,15.204
"EN661","5",11,2021-02-04 13:09:13,40.6966,-70.88708,15.469
"EN661","5",12,2021-02-04 13:09:19,40.69659,-70.88711,14.997
"EN661","5",13,2021-02-04 13:09:26,40.69658,-70.88716,15.317
"EN661","5",14,2021-02-04 13:09:34,40.69656,-70.88718,14.967
"EN661","5",15,2021-02-04 13:11:18,40.69633,-70.8877,2.228
"EN661","5",16,2021-02-04 13:11:24,40.69632,-70.88774,2.898
"EN661","5",17,2021-02-04 13:11:33,40.69632,-70.88778,2.598
"EN661","5",18,2021-02-04 13:11:39,40.69632,-70.8878,2.331
"EN661","5",19,2021-02-04 13:11:47,40.69632,-70.88782,2.895
"EN661","5",20,2021-02-04 13:11:54,40.69632,-70.88786,2.495
"EN661","5",21,2021-02-04 13:12:01,40.69632,-70.88788,2.644
"EN661","5",22,2021-02-04 13:12:08,40.69632,-70.88792,2.777
"EN661","5",23,2021-02-04 13:12:15,40.69632,-70.88794,2.426
"EN661","5",24,2021-02-04 13:12:21,40.69632,-70.88796,3.011
"EN661","6",1,2021-02-04 15:51:02,40.5131,-70.88546,71.402
"EN661","6",2,2021-02-04 15:51:08,40.5131,-70.88549,71.165
"EN661","6",3,2021-02-04 15:53:44,40.51318,-70.88654,45.352
"EN661","6",4,2021-02-04 15:53:50,40.51318,-70.88658,44.979
"EN661","6",5,2021-02-04 15:53:57,40.5132,-70.88664,45.545
"EN661","6",6,2021-02-04 15:55:47,40.51339,-70.88738,30.146
"EN661","6",7,2021-02-04 15:55:53,40.5134,-70.88741,30.104
"EN661","6",8,2021-02-04 15:57:33,40.5136,-70.88806,15.098
"EN661","6",9,2021-02-04 15:57:40,40.51361,-70.8881,15.482
"EN661","6",10,2021-02-04 15:57:46,40.5136,-70.88814,15.212
"EN661","6",11,2021-02-04 15:59:26,40.51366,-70.88887,1.871
"EN661","6",12,2021-02-04 15:59:38,40.51366,-70.88894,1.869
"EN661","6",13,2021-02-04 15:59:47,40.51367,-70.88902,1.951
"EN661","6",14,2021-02-04 15:59:54,40.51368,-70.88908,1.724
"EN661","6",15,2021-02-04 16:00:01,40.51368,-70.88912,1.655
"EN661","6",16,2021-02-04 16:00:09,40.5137,-70.8892,1.675
"EN661","7",1,2021-02-05 01:01:10,39.94066,-70.8962,432.036
"EN661","7",2,2021-02-05 01:01:18,39.94068,-70.89626,432.812
"EN661","7",3,2021-02-05 01:05:02,39.9406,-70.8978,360.193
"EN661","7",4,2021-02-05 01:10:02,39.94052,-70.89986,180.271
"EN661","7",5,2021-02-05 01:10:10,39.94052,-70.89993,179.615
"EN661","7",6,2021-02-05 01:13:20,39.94056,-70.9013,107.328
"EN661","7",7,2021-02-05 01:13:29,39.94056,-70.90138,107.405
"EN661","7",8,2021-02-05 01:16:32,39.9407,-70.90293,86.226
"EN661","7",9,2021-02-05 01:16:41,39.9407,-70.903,86.126
"EN661","7",10,2021-02-05 01:16:47,39.94072,-70.90307,86.774
"EN661","7",11,2021-02-05 01:16:55,39.94072,-70.90313,86.088
"EN661","7",12,2021-02-05 01:19:18,39.94094,-70.90432,50.194
"EN661","7",13,2021-02-05 01:19:25,39.94094,-70.90438,49.505
"EN661","7",14,2021-02-05 01:19:32,39.94094,-70.90444,49.224
"EN661","7",15,2021-02-05 01:21:58,39.94094,-70.90574,25.928
"EN661","7",16,2021-02-05 01:22:09,39.94094,-70.90584,25.738
"EN661","7",17,2021-02-05 01:22:20,39.94094,-70.90592,26.006
"EN661","7",18,2021-02-05 01:24:29,39.9411,-70.90701,4.399
"EN661","7",19,2021-02-05 01:24:39,39.9411,-70.90711,4.233
"EN661","7",20,2021-02-05 01:24:46,39.9411,-70.90715,4.298
"EN661","7",21,2021-02-05 01:24:54,39.9411,-70.90722,4.351
"EN661","7",22,2021-02-05 01:25:01,39.9411,-70.90729,4.363
"EN661","7",23,2021-02-05 01:25:09,39.94108,-70.90736,4.352
"EN661","7",24,2021-02-05 01:25:16,39.94108,-70.90743,4.363
"EN661","8",1,2021-02-05 09:00:32,39.77144,-70.7732,501.493
"EN661","8",2,2021-02-05 09:00:38,39.77142,-70.7732,501.836
"EN661","8",3,2021-02-05 09:08:54,39.77016,-70.77258,119.114
"EN661","8",4,2021-02-05 09:09:03,39.77012,-70.77258,119.315
"EN661","8",5,2021-02-05 09:14:25,39.76904,-70.77227,2.405
"EN661","8",6,2021-02-05 09:14:33,39.76902,-70.77226,2.213
"EN661","8",7,2021-02-05 09:14:50,39.76895,-70.77224,2.314
"EN661","8",8,2021-02-05 09:14:56,39.76893,-70.77224,2.514
"EN661","8",9,2021-02-05 09:15:03,39.76891,-70.77224,2.313
"EN661","8",10,2021-02-05 09:15:09,39.76889,-70.77224,2.494
"EN661","8",11,2021-02-05 09:15:16,39.76887,-70.77224,2.386
"EN661","8",12,2021-02-05 09:15:22,39.76886,-70.77224,2.194
"EN661","8",13,2021-02-05 09:15:28,39.76884,-70.77224,2.503
"EN661","8",14,2021-02-05 09:15:35,39.76882,-70.77224,2.611
"EN661","8",15,2021-02-05 09:15:41,39.7688,-70.77224,2.15
"EN661","8",16,2021-02-05 09:15:47,39.76878,-70.77224,2.346
"EN661","8",17,2021-02-05 09:15:53,39.76876,-70.77224,2.305
"EN661","9",1,2021-02-05 10:53:46,39.77382,-70.99112,502.599
"EN661","9",2,2021-02-05 10:53:52,39.77382,-70.99114,502.376
"EN661","9",3,2021-02-05 11:03:44,39.77358,-70.9906,60.876
"EN661","9",4,2021-02-05 11:03:51,39.77358,-70.99058,60.57
"EN661","9",5,2021-02-05 11:06:13,39.77356,-70.99034,30.227
"EN661","9",6,2021-02-05 11:06:19,39.77355,-70.99032,30.493
"EN661","9",7,2021-02-05 11:09:03,39.77348,-70.98986,2.917
"EN661","9",8,2021-02-05 11:09:11,39.77348,-70.98984,2.548
"EN661","10",1,2021-02-05 13:21:17,39.7722,-70.87781,501.817
"EN661","10",2,2021-02-05 13:26:24,39.77194,-70.87642,300.576
"EN661","10",3,2021-02-05 13:32:38,39.77154,-70.8751,139.781
"EN661","10",4,2021-02-05 13:37:34,39.77104,-70.87422,85.328
"EN661","10",5,2021-02-05 13:37:42,39.77102,-70.87421,85.37
"EN661","10",6,2021-02-05 13:37:48,39.77102,-70.8742,85.424
"EN661","10",7,2021-02-05 13:40:37,39.77076,-70.87376,40.151
"EN661","10",8,2021-02-05 13:40:43,39.77076,-70.87374,39.769
"EN661","10",9,2021-02-05 13:40:50,39.77076,-70.87372,40.2
"EN661","10",10,2021-02-05 13:40:56,39.77074,-70.87369,40.212
"EN661","10",11,2021-02-05 13:41:02,39.77074,-70.87368,40.356
"EN661","10",12,2021-02-05 13:42:40,39.77056,-70.87332,20.189
"EN661","10",13,2021-02-05 13:42:46,39.77054,-70.87328,19.837
"EN661","10",14,2021-02-05 13:42:52,39.77054,-70.87326,20.006
"EN661","10",15,2021-02-05 13:42:59,39.77053,-70.87324,20.412
"EN661","10",16,2021-02-05 13:43:06,39.77052,-70.8732,20.131
"EN661","10",17,2021-02-05 13:44:43,39.77048,-70.87284,2.329
"EN661","10",18,2021-02-05 13:44:51,39.77048,-70.87282,2.226
"EN661","10",19,2021-02-05 13:44:58,39.77048,-70.87281,2.154
"EN661","10",20,2021-02-05 13:45:05,39.77047,-70.87278,2.869
"EN661","10",21,2021-02-05 13:45:13,39.77046,-70.87274,2.798
"EN661","10",22,2021-02-05 13:45:21,39.77046,-70.87272,2.256
"EN661","10",23,2021-02-05 13:45:28,39.77046,-70.8727,2.502
"EN661","10",24,2021-02-05 13:45:36,39.77046,-70.87266,2.684
"EN661","11",1,2021-02-06 01:01:36,39.92892,-70.77418,32.959
"EN661","11",2,2021-02-06 01:02:03,39.92882,-70.7741,31.477
"EN661","11",3,2021-02-06 01:03:50,39.92844,-70.77386,20.603
"EN661","11",4,2021-02-06 01:03:59,39.92842,-70.77384,20.91
"EN661","11",5,2021-02-06 01:06:12,39.92804,-70.77376,2.691
"EN661","11",6,2021-02-06 01:06:24,39.92802,-70.77374,2.802
"EN661","12",1,2021-02-06 16:13:35,40.86276,-70.88202,49.576
"EN661","12",2,2021-02-06 16:13:42,40.86272,-70.88201,49.441
"EN661","12",3,2021-02-06 16:16:35,40.86192,-70.8823,39.768
"EN661","12",4,2021-02-06 16:16:42,40.8619,-70.88232,40.034
"EN661","12",5,2021-02-06 16:16:49,40.86185,-70.88234,39.908
"EN661","12",6,2021-02-06 16:19:18,40.86111,-70.88268,20.47
"EN661","12",7,2021-02-06 16:19:25,40.86108,-70.8827,20.612
"EN661","12",8,2021-02-06 16:19:32,40.86104,-70.8827,20.646
"EN661","12",9,2021-02-06 16:19:40,40.861,-70.88272,20.712
"EN661","12",10,2021-02-06 16:19:47,40.86096,-70.88274,20.583
"EN661","12",11,2021-02-06 16:21:13,40.86052,-70.88292,11.938
"EN661","12",12,2021-02-06 16:21:20,40.86048,-70.88292,12.334
"EN661","12",13,2021-02-06 16:23:06,40.85996,-70.88316,2.094
"EN661","12",14,2021-02-06 16:23:15,40.85992,-70.88317,1.978
"EN661","12",15,2021-02-06 16:23:27,40.85986,-70.8832,1.919
"EN661","12",16,2021-02-06 16:23:34,40.85983,-70.88322,2.146
"EN661","12",17,2021-02-06 16:23:45,40.85978,-70.88325,1.356
"EN661","12",18,2021-02-06 16:23:51,40.85975,-70.88328,1.8
"EN661","12",19,2021-02-06 16:23:57,40.85973,-70.8833,1.799
"EN661","12",20,2021-02-06 16:24:03,40.8597,-70.8833,1.662
"EN661","12",21,2021-02-06 16:24:10,40.85966,-70.88332,1.598
"EN661","12",22,2021-02-06 16:24:16,40.85964,-70.88335,1.502
"EN661","12",23,2021-02-06 16:24:22,40.8596,-70.88336,2.115
"EN661","12",24,2021-02-06 16:24:29,40.85956,-70.88338,1.617
"EN661","13",1,2021-02-06 21:22:18,41.16329,-70.89197,25.39
"EN661","13",2,2021-02-06 21:22:25,41.16327,-70.89195,25.534
"EN661","13",3,2021-02-06 21:24:51,41.16266,-70.8915,18.465
"EN661","13",4,2021-02-06 21:24:58,41.16262,-70.8915,18.428
"EN661","13",5,2021-02-06 21:25:04,41.1626,-70.89151,18.676
"EN661","13",6,2021-02-06 21:27:16,41.16224,-70.89144,10.392
"EN661","13",7,2021-02-06 21:27:23,41.16222,-70.89144,10.784
"EN661","13",8,2021-02-06 21:27:29,41.16222,-70.89142,10.107
"EN661","13",9,2021-02-06 21:27:37,41.1622,-70.89142,10.42
"EN661","13",10,2021-02-06 21:27:42,41.16218,-70.89142,10.45
"EN661","13",11,2021-02-06 21:27:49,41.16218,-70.89142,9.885
"EN661","13",12,2021-02-06 21:29:28,41.1619,-70.89134,1.848
"EN661","13",13,2021-02-06 21:29:35,41.16188,-70.89132,2.13
"EN661","13",14,2021-02-06 21:29:42,41.16186,-70.89132,1.821
"EN661","13",15,2021-02-06 21:29:48,41.16184,-70.89132,1.837
"EN661","13",16,2021-02-06 21:29:54,41.16182,-70.89132,1.504
"EN661","13",17,2021-02-06 21:30:01,41.1618,-70.8913,1.652
"EN661","13",18,2021-02-06 21:30:08,41.16178,-70.89129,1.583
"EN661","13",19,2021-02-06 21:30:16,41.16178,-70.89128,1.553
"EN661","13",20,2021-02-06 21:30:22,41.16175,-70.89126,2.21
"EN661","13",21,2021-02-06 21:30:29,41.16175,-70.89124,1.836
"EN661","14",1,2021-02-07 00:43:58,41.31968,-70.57673,13.595
"EN661","14",2,2021-02-07 00:44:07,41.31964,-70.57674,13.737
"EN661","14",3,2021-02-07 00:44:14,41.31962,-70.57674,13.83
"EN661","14",4,2021-02-07 00:45:46,41.31935,-70.57688,8.047
"EN661","14",5,2021-02-07 00:45:53,41.31934,-70.57691,7.701
"EN661","14",6,2021-02-07 00:47:44,41.31908,-70.57708,2.278
"EN661","14",7,2021-02-07 00:47:53,41.31904,-70.57707,2.475
"EN661","14",8,2021-02-07 00:48:00,41.31901,-70.57708,1.953
"EN661","14",9,2021-02-07 00:48:08,41.31899,-70.57708,1.845
"EN661","15",1,2021-02-07 06:27:47,41.0296,-70.771,35.432
"EN661","15",2,2021-02-07 06:27:54,41.02959,-70.771,35.358
"EN661","15",3,2021-02-07 06:31:01,41.02953,-70.77096,2.253
"EN661","15",4,2021-02-07 06:31:07,41.02952,-70.77097,1.584
"EN661","16",1,2021-02-07 08:07:06,41.0306,-70.99206,37.059
"EN661","16",2,2021-02-07 08:09:38,41.03068,-70.992,2.675
"EN661","16",3,2021-02-07 08:09:45,41.0307,-70.99198,2.645
"EN661","17",1,2021-02-07 10:15:16,41.03294,-70.88363,42.306
"EN661","17",2,2021-02-07 10:15:23,41.03298,-70.8836,42.438
"EN661","17",3,2021-02-07 10:15:29,41.033,-70.88358,42.23
"EN661","17",4,2021-02-07 10:17:13,41.03332,-70.88314,33.424
"EN661","17",5,2021-02-07 10:17:20,41.03335,-70.88312,33.694
"EN661","17",6,2021-02-07 10:17:26,41.03337,-70.88308,33.646
"EN661","17",7,2021-02-07 10:19:56,41.03384,-70.88244,15.032
"EN661","17",8,2021-02-07 10:20:03,41.03386,-70.8824,14.988
"EN661","17",9,2021-02-07 10:20:09,41.03388,-70.88238,15.207
"EN661","17",10,2021-02-07 10:22:24,41.03426,-70.8818,2.408
"EN661","17",11,2021-02-07 10:22:32,41.03428,-70.88177,2.557
"EN661","17",12,2021-02-07 10:22:41,41.0343,-70.88174,2.556
"EN661","18",1,2021-02-07 12:22:46,40.86456,-70.87812,2.274
"EN661","19",1,2021-02-07 13:17:05,40.86341,-70.77074,1.84
"EN661","20",1,2021-02-07 15:45:42,41.20344,-70.77428,2.52
"EN661","21",1,2021-02-07 17:04:30,41.20408,-70.9944,2.421
"EN661","21",2,2021-02-07 17:04:39,41.20412,-70.99444,2.248
"EN661","21",3,2021-02-07 17:04:46,41.20413,-70.99444,2.498
"EN661","22",1,2021-02-07 19:47:33,40.86682,-71.0001,48.089
"EN668","1",1,2021-07-16 18:12:28,41.19619,-70.88436,17.699
"EN668","1",2,2021-07-16 18:12:37,41.19619,-70.88435,17.713
"EN668","1",3,2021-07-16 18:12:45,41.19618,-70.88434,17.902
"EN668","1",4,2021-07-16 18:15:36,41.1958,-70.88404,14.057
"EN668","1",5,2021-07-16 18:15:43,41.19578,-70.88402,14.082
"EN668","1",6,2021-07-16 18:15:50,41.19576,-70.88402,14.035
"EN668","1",7,2021-07-16 18:15:57,41.19572,-70.88398,13.936
"EN668","1",8,2021-07-16 18:16:04,41.1957,-70.88396,14.054
"EN668","1",9,2021-07-16 18:18:40,41.19526,-70.88361,10.217
"EN668","1",10,2021-07-16 18:18:46,41.19524,-70.8836,9.996
"EN668","1",11,2021-07-16 18:18:53,41.19524,-70.88358,10.401
"EN668","1",12,2021-07-16 18:18:59,41.19522,-70.88356,10.228
"EN668","1",13,2021-07-16 18:19:05,41.1952,-70.88355,10.175
"EN668","1",14,2021-07-16 18:19:12,41.19518,-70.88353,10.209
"EN668","1",15,2021-07-16 18:22:10,41.19464,-70.88308,4.072
"EN668","1",16,2021-07-16 18:22:17,41.19462,-70.88308,4.064
"EN668","1",17,2021-07-16 18:22:24,41.1946,-70.88306,3.955
"EN668","1",18,2021-07-16 18:22:30,41.19458,-70.88304,4.03
"EN668","1",19,2021-07-16 18:22:37,41.19456,-70.88304,4.195
"EN668","1",20,2021-07-16 18:22:46,41.19456,-70.88304,3.994
"EN668","1",21,2021-07-16 18:22:54,41.19454,-70.88304,4.185
"EN668","1",22,2021-07-16 18:23:01,41.19454,-70.88302,4.195
"EN668","1",23,2021-07-16 18:23:07,41.19451,-70.88302,4.04
"EN668","2",1,2021-07-17 04:34:09,41.03138,-70.8805,39.585
"EN668","2",2,2021-07-17 04:34:21,41.03136,-70.88047,39.439
"EN668","2",3,2021-07-17 04:36:44,41.0314,-70.88018,30.174
"EN668","2",4,2021-07-17 04:36:52,41.03138,-70.88014,30.151
"EN668","2",5,2021-07-17 04:37:08,41.03139,-70.88011,30.216
"EN668","2",6,2021-07-17 04:39:02,41.03138,-70.87988,21.073
"EN668","2",7,2021-07-17 04:39:12,41.03138,-70.87986,21.192
"EN668","2",8,2021-07-17 04:39:20,41.03138,-70.87984,21.28
"EN668","2",9,2021-07-17 04:39:26,41.03138,-70.87982,21.343
"EN668","2",10,2021-07-17 04:39:33,41.03138,-70.87982,21.121
"EN668","2",11,2021-07-17 04:41:11,41.03138,-70.87963,15.369
"EN668","2",12,2021-07-17 04:41:18,41.03138,-70.87962,15.596
"EN668","2",13,2021-07-17 04:41:26,41.03138,-70.8796,15.605
"EN668","2",14,2021-07-17 04:41:32,41.03138,-70.87958,15.292
"EN668","2",15,2021-07-17 04:41:45,41.03138,-70.87955,15.465
"EN668","2",16,2021-07-17 04:44:51,41.03134,-70.87928,2.87
"EN668","2",17,2021-07-17 04:44:57,41.03134,-70.87927,2.823
"EN668","2",18,2021-07-17 04:45:03,41.03134,-70.87926,3.015
"EN668","2",19,2021-07-17 04:45:09,41.03134,-70.87925,2.719
"EN668","2",20,2021-07-17 04:45:16,41.03132,-70.87924,2.982
"EN668","2",21,2021-07-17 04:45:22,41.03132,-70.87924,2.92
"EN668","2",22,2021-07-17 04:45:28,41.03132,-70.87922,3.005
"EN668","2",23,2021-07-17 04:45:34,41.03132,-70.87921,2.636
"EN668","2",24,2021-07-17 04:45:40,41.03132,-70.87922,2.758
"EN668","3",1,2021-07-17 09:36:31,40.69636,-70.7688,17.714
"EN668","3",2,2021-07-17 09:36:38,40.69638,-70.76874,17.832
"EN668","3",3,2021-07-17 09:38:27,40.69654,-70.76817,3.669
"EN668","3",4,2021-07-17 09:38:35,40.69656,-70.76813,4.128
"EN668","4",1,2021-07-17 11:15:49,40.69488,-70.99098,27.385
"EN668","4",2,2021-07-17 11:17:25,40.69492,-70.99058,4.03
"EN668","5",1,2021-07-17 13:23:43,40.69406,-70.87998,59.677
"EN668","5",2,2021-07-17 13:23:55,40.69406,-70.87996,59.672
"EN668","5",3,2021-07-17 13:27:34,40.69386,-70.87939,42.741
"EN668","5",4,2021-07-17 13:27:41,40.69384,-70.87938,42.525
"EN668","5",5,2021-07-17 13:27:48,40.69384,-70.87936,41.986
"EN668","5",6,2021-07-17 13:27:56,40.69384,-70.87934,42.899
"EN668","5",7,2021-07-17 13:29:36,40.69376,-70.87908,36.027
"EN668","5",8,2021-07-17 13:30:50,40.6937,-70.8789,29.605
"EN668","5",9,2021-07-17 13:30:56,40.6937,-70.8789,30.291
"EN668","5",10,2021-07-17 13:31:03,40.69368,-70.87887,30.315
"EN668","5",11,2021-07-17 13:31:10,40.69368,-70.87886,30.31
"EN668","5",12,2021-07-17 13:31:16,40.69368,-70.87884,30.107
"EN668","5",13,2021-07-17 13:33:23,40.69354,-70.87854,17.251
"EN668","5",14,2021-07-17 13:33:32,40.69354,-70.87852,17.399
"EN668","5",15,2021-07-17 13:33:40,40.69354,-70.8785,17.224
"EN668","5",16,2021-07-17 13:33:51,40.69353,-70.87848,17.129
"EN668","5",17,2021-07-17 13:35:47,40.69342,-70.87816,4.429
"EN668","5",18,2021-07-17 13:35:54,40.69341,-70.87816,4.583
"EN668","5",19,2021-07-17 13:36:01,40.6934,-70.87814,4.428
"EN668","5",20,2021-07-17 13:36:08,40.6934,-70.87812,4.064
"EN668","5",21,2021-07-17 13:36:15,40.69338,-70.8781,4.526
"EN668","5",22,2021-07-17 13:36:21,40.69337,-70.87807,4.308
"EN668","5",23,2021-07-17 13:36:28,40.69336,-70.87806,4.525
"EN668","5",24,2021-07-17 13:36:34,40.69336,-70.87802,4.526
"EN668","6",1,2021-07-17 15:45:56,40.51407,-70.87805,73.442
"EN668","6",2,2021-07-17 15:46:03,40.51408,-70.87802,73.931
"EN668","6",3,2021-07-17 15:51:53,40.51466,-70.8768,57.032
"EN668","6",4,2021-07-17 15:57:21,40.5153,-70.87556,3.574
"EN668","6",5,2021-07-17 15:57:55,40.51534,-70.87542,3.632
"EN668","6",6,2021-07-17 15:58:31,40.51539,-70.87528,3.906
"EN668","6",7,2021-07-17 15:59:17,40.51546,-70.8751,3.651
"EN668","6",8,2021-07-17 15:59:45,40.51554,-70.87498,3.867
"EN668","7",1,2021-07-17 21:59:52,40.51481,-70.88096,71.126
"EN668","7",2,2021-07-17 22:00:00,40.51482,-70.88096,71.17
"EN668","7",3,2021-07-17 22:00:06,40.51484,-70.88094,71.049
"EN668","7",4,2021-07-17 22:02:11,40.51504,-70.88066,53.306
"EN668","7",5,2021-07-17 22:02:23,40.51504,-70.88066,53.268
"EN668","7",6,2021-07-17 22:04:29,40.51516,-70.88034,39.974
"EN668","7",7,2021-07-17 22:04:36,40.51518,-70.88032,39.742
"EN668","7",8,2021-07-17 22:05:57,40.51526,-70.88014,30.49
"EN668","7",9,2021-07-17 22:06:04,40.51528,-70.88012,30.198
"EN668","7",10,2021-07-17 22:06:11,40.51528,-70.88012,30.198
"EN668","7",11,2021-07-17 22:06:18,40.51528,-70.88008,30.325
"EN668","7",12,2021-07-17 22:08:05,40.51536,-70.87987,14.998
"EN668","7",13,2021-07-17 22:08:12,40.51538,-70.87986,14.951
"EN668","7",14,2021-07-17 22:08:19,40.51538,-70.87984,14.772
"EN668","7",15,2021-07-17 22:10:05,40.51552,-70.87966,4.046
"EN668","7",16,2021-07-17 22:10:13,40.51552,-70.87966,4.131
"EN668","7",17,2021-07-17 22:10:19,40.51554,-70.87964,4.301
"EN668","7",18,2021-07-17 22:10:26,40.51554,-70.87962,4.015
"EN668","7",19,2021-07-17 22:10:32,40.51556,-70.87962,4.025
"EN668","7",20,2021-07-17 22:10:40,40.51556,-70.87961,4.414
"EN668","8",1,2021-07-18 07:23:38,39.92795,-70.90474,459.442
"EN668","8",2,2021-07-18 07:23:44,39.92792,-70.90474,459.399
"EN668","8",3,2021-07-18 07:31:44,39.92594,-70.90364,285.014
"EN668","8",4,2021-07-18 07:31:51,39.92591,-70.90364,285.437
"EN668","8",5,2021-07-18 07:40:26,39.92356,-70.90264,131.691
"EN668","8",6,2021-07-18 07:40:37,39.9235,-70.90264,131.626
"EN668","8",7,2021-07-18 07:46:20,39.92171,-70.90224,86.319
"EN668","8",8,2021-07-18 07:49:42,39.92064,-70.90192,68.612
"EN668","8",9,2021-07-18 07:49:50,39.92062,-70.9019,68.7
"EN668","8",10,2021-07-18 07:49:58,39.92058,-70.90188,68.959
"EN668","8",11,2021-07-18 07:53:14,39.91984,-70.90126,53.295
"EN668","8",12,2021-07-18 07:53:20,39.91982,-70.90122,53.133
"EN668","8",13,2021-07-18 07:55:21,39.91934,-70.90088,35.547
"EN668","8",14,2021-07-18 07:57:45,39.91878,-70.90052,29.301
"EN668","8",15,2021-07-18 07:57:55,39.91874,-70.90048,29.457
"EN668","8",16,2021-07-18 07:58:04,39.9187,-70.90046,29.422
"EN668","8",17,2021-07-18 07:58:10,39.91868,-70.90044,29.492
"EN668","8",18,2021-07-18 07:59:47,39.91832,-70.90008,14.919
"EN668","8",19,2021-07-18 07:59:54,39.9183,-70.90006,14.738
"EN668","8",20,2021-07-18 08:01:52,39.91788,-70.89958,4.041
"EN668","8",21,2021-07-18 08:02:00,39.91784,-70.89956,4.251
"EN668","8",22,2021-07-18 08:02:10,39.9178,-70.89952,3.741
"EN668","8",23,2021-07-18 08:02:17,39.91778,-70.89948,3.889
"EN668","8",24,2021-07-18 08:02:29,39.91774,-70.89942,3.967
"EN668","9",1,2021-07-18 12:02:51,39.76156,-70.77942,47.755
"EN668","9",2,2021-07-18 12:02:58,39.76153,-70.77941,47.935
"EN668","9",3,2021-07-18 12:06:03,39.76086,-70.7794,13.539
"EN668","9",4,2021-07-18 12:06:11,39.76082,-70.7794,13.269
"EN668","9",5,2021-07-18 12:08:12,39.76032,-70.77942,4.304
"EN668","9",6,2021-07-18 12:08:19,39.7603,-70.77942,4.605
"EN668","10",1,2021-07-18 14:01:30,39.76577,-70.99354,49.81
"EN668","10",2,2021-07-18 14:01:44,39.76572,-70.99356,49.838
"EN668","11",1,2021-07-18 16:27:32,39.7725,-70.87912,499.266
"EN668","11",2,2021-07-18 16:35:42,39.77114,-70.87906,251.426
"EN668","11",3,2021-07-18 16:41:45,39.76978,-70.87922,73.663
"EN668","11",4,2021-07-18 16:41:53,39.76974,-70.87922,73.615
"EN668","11",5,2021-07-18 16:42:00,39.76971,-70.87922,73.59
"EN668","11",6,2021-07-18 16:45:44,39.76892,-70.87886,36.244
"EN668","11",7,2021-07-18 16:45:51,39.7689,-70.87886,36.306
"EN668","11",8,2021-07-18 16:45:59,39.76887,-70.87886,36.078
"EN668","11",9,2021-07-18 16:46:06,39.76884,-70.87886,35.889
"EN668","11",10,2021-07-18 16:46:15,39.76881,-70.87886,36
"EN668","11",11,2021-07-18 16:48:57,39.7682,-70.87873,25.28
"EN668","11",12,2021-07-18 16:51:45,39.76768,-70.87852,13.058
"EN668","11",13,2021-07-18 16:51:55,39.76764,-70.8785,13.122
"EN668","11",14,2021-07-18 16:52:03,39.76762,-70.87848,13.192
"EN668","11",15,2021-07-18 16:52:12,39.7676,-70.87847,13.109
"EN668","11",16,2021-07-18 16:52:21,39.76758,-70.87844,13.027
"EN668","11",17,2021-07-18 16:54:12,39.76728,-70.87834,4.757
"EN668","11",18,2021-07-18 16:54:20,39.76726,-70.87832,4.738
"EN668","11",19,2021-07-18 16:54:27,39.76726,-70.87832,4.501
"EN668","11",20,2021-07-18 16:54:34,39.76723,-70.87832,4.899
"EN668","11",21,2021-07-18 16:54:43,39.76722,-70.8783,4.725
"EN668","11",22,2021-07-18 16:54:50,39.76719,-70.8783,4.639
"EN668","11",23,2021-07-18 16:54:57,39.76718,-70.87828,4.932
"EN668","11",24,2021-07-18 16:55:04,39.76716,-70.87828,4.801
"EN668","12",1,2021-07-19 10:04:55,40.09504,-70.7719,36.682
"EN668","12",2,2021-07-19 10:05:06,40.09502,-70.77188,36.581
"EN668","12",3,2021-07-19 10:07:08,40.09488,-70.77173,22.444
"EN668","12",4,2021-07-19 10:09:04,40.0948,-70.7716,12.279
"EN668","12",5,2021-07-19 10:09:11,40.09478,-70.7716,12.263
"EN668","12",6,2021-07-19 10:11:04,40.09468,-70.77152,5.051
"EN668","12",7,2021-07-19 10:11:13,40.09466,-70.77152,5.298
"EN668","13",1,2021-07-19 11:43:39,40.09068,-71.00612,33.888
"EN668","13",2,2021-07-19 11:43:46,40.09068,-71.00612,34.185
"EN668","13",3,2021-07-19 11:45:44,40.09068,-71.00602,4.476
"EN668","13",4,2021-07-19 11:45:51,40.09068,-71.00601,4.484
"EN668","14",1,2021-07-19 13:50:24,40.09784,-70.88456,145.197
"EN668","14",2,2021-07-19 13:50:30,40.09786,-70.88454,145.587
"EN668","14",3,2021-07-19 13:53:46,40.09816,-70.88444,95.567
"EN668","14",4,2021-07-19 13:53:53,40.09818,-70.88444,95.621
"EN668","14",5,2021-07-19 13:57:14,40.09852,-70.88432,66.582
"EN668","14",6,2021-07-19 13:57:21,40.09854,-70.88431,66.309
"EN668","14",7,2021-07-19 13:59:36,40.09872,-70.88413,52.277
"EN668","14",8,2021-07-19 13:59:43,40.09872,-70.8841,52.431
"EN668","14",9,2021-07-19 13:59:50,40.09872,-70.8841,52.451
"EN668","14",10,2021-07-19 14:01:59,40.09886,-70.88396,40.181
"EN668","14",11,2021-07-19 14:02:07,40.09886,-70.88396,39.943
"EN668","14",12,2021-07-19 14:03:55,40.09898,-70.88382,32.696
"EN668","14",13,2021-07-19 14:04:02,40.099,-70.88382,32.982
"EN668","14",14,2021-07-19 14:04:09,40.099,-70.88381,32.949
"EN668","14",15,2021-07-19 14:06:49,40.09922,-70.88376,15.29
"EN668","14",16,2021-07-19 14:06:56,40.09924,-70.88378,15.546
"EN668","14",17,2021-07-19 14:07:04,40.09924,-70.88378,15.497
"EN668","14",18,2021-07-19 14:09:10,40.09939,-70.88372,4.314
"EN668","14",19,2021-07-19 14:09:17,40.0994,-70.88372,4.229
"EN668","14",20,2021-07-19 14:09:24,40.0994,-70.88369,4.327
"EN668","14",21,2021-07-19 14:09:31,40.09942,-70.88366,4.286
"EN668","14",22,2021-07-19 14:09:38,40.09942,-70.88366,3.876
"EN668","14",23,2021-07-19 14:09:45,40.09942,-70.88364,4.525
"EN668","14",24,2021-07-19 14:09:52,40.09944,-70.88362,4.25
"EN668","15",1,2021-07-19 16:51:11,40.12889,-70.76816,129.63
"EN668","15",2,2021-07-19 16:51:18,40.12887,-70.76816,129.458
"EN668","15",3,2021-07-19 16:54:30,40.12826,-70.76814,100.252
"EN668","15",4,2021-07-19 16:58:41,40.1275,-70.76796,65.531
"EN668","15",5,2021-07-19 16:58:48,40.12748,-70.76796,65.316
"EN668","15",6,2021-07-19 16:58:56,40.12746,-70.76796,65.414
"EN668","15",7,2021-07-19 17:01:56,40.12696,-70.76785,54.924
"EN668","15",8,2021-07-19 17:05:29,40.12626,-70.76762,37.959
"EN668","15",9,2021-07-19 17:05:37,40.12624,-70.7676,38.171
"EN668","15",10,2021-07-19 17:05:44,40.12622,-70.7676,38.349
"EN668","15",11,2021-07-19 17:05:51,40.12621,-70.7676,38.405
"EN668","15",12,2021-07-19 17:08:53,40.12554,-70.76734,29.457
"EN668","15",13,2021-07-19 17:12:07,40.12483,-70.767,13.725
"EN668","15",14,2021-07-19 17:12:16,40.1248,-70.76699,13.785
"EN668","15",15,2021-07-19 17:12:21,40.12478,-70.76698,13.818
"EN668","15",16,2021-07-19 17:12:42,40.1247,-70.76694,13.755
"EN668","15",17,2021-07-19 17:16:08,40.12394,-70.76672,4.322
"EN668","15",18,2021-07-19 17:16:16,40.12391,-70.76672,4.281
"EN668","15",19,2021-07-19 17:16:24,40.12388,-70.7667,4.396
"EN668","15",20,2021-07-19 17:16:30,40.12386,-70.7667,4.003
"EN668","15",21,2021-07-19 17:16:37,40.12384,-70.7667,4.128
"EN668","15",22,2021-07-19 17:16:44,40.1238,-70.7667,4.413
"EN668","15",23,2021-07-19 17:16:51,40.12378,-70.76668,4.354
"EN668","15",24,2021-07-19 17:16:58,40.12376,-70.76668,4.332
"EN668","16",1,2021-07-19 19:24:12,39.9294,-70.77522,30.462
"EN668","16",2,2021-07-19 19:24:21,39.92938,-70.77526,30.294
"EN668","16",3,2021-07-19 19:26:48,39.92882,-70.77581,16.034
"EN668","16",4,2021-07-19 19:26:55,39.92879,-70.77584,15.99
"EN668","16",5,2021-07-19 19:28:59,39.9283,-70.77648,2.971
"EN668","16",6,2021-07-19 19:29:06,39.92828,-70.77651,2.995
"EN668","17",1,2021-07-20 06:08:02,40.21684,-70.89855,122.955
"EN668","17",2,2021-07-20 06:08:20,40.21678,-70.8987,122.921
"EN668","17",3,2021-07-20 06:11:54,40.21626,-70.90036,92.11
"EN668","17",4,2021-07-20 06:12:02,40.21623,-70.90042,92.174
"EN668","17",5,2021-07-20 06:15:43,40.2157,-70.90217,61.928
"EN668","17",6,2021-07-20 06:16:08,40.21566,-70.90235,62.35
"EN668","17",7,2021-07-20 06:16:20,40.21564,-70.90243,62.747
"EN668","17",8,2021-07-20 06:16:30,40.21562,-70.90251,63.131
"EN668","17",9,2021-07-20 06:24:27,40.2144,-70.90594,42.121
"EN668","17",10,2021-07-20 06:24:34,40.21436,-70.906,41.632
"EN668","17",11,2021-07-20 06:24:42,40.21436,-70.90605,41.901
"EN668","17",12,2021-07-20 06:24:49,40.21434,-70.90611,41.768
"EN668","17",13,2021-07-20 06:24:59,40.2143,-70.90617,41.478
"EN668","17",14,2021-07-20 06:25:09,40.21428,-70.90623,41.883
"EN668","17",15,2021-07-20 06:30:28,40.21356,-70.90873,26.726
"EN668","17",16,2021-07-20 06:30:42,40.21354,-70.90883,26.794
"EN668","17",17,2021-07-20 06:33:32,40.21316,-70.91029,19.626
"EN668","17",18,2021-07-20 06:33:42,40.21314,-70.91039,19.512
"EN668","17",19,2021-07-20 06:36:03,40.21285,-70.91161,4.371
"EN668","17",20,2021-07-20 06:36:09,40.21282,-70.91168,4.361
"EN668","17",21,2021-07-20 06:36:16,40.2128,-70.91173,4.279
"EN668","17",22,2021-07-20 06:36:22,40.2128,-70.91179,4.414
"EN668","17",23,2021-07-20 06:36:29,40.21278,-70.91186,4.279
"EN668","17",24,2021-07-20 06:36:36,40.21276,-70.91193,4.368
"EN668","18",1,2021-07-20 09:26:34,40.36554,-70.8893,89.927
"EN668","18",2,2021-07-20 09:26:40,40.36556,-70.88932,89.91
"EN668","18",3,2021-07-20 09:31:30,40.36628,-70.89034,73.613
"EN668","18",4,2021-07-20 09:34:13,40.36674,-70.89094,60.834
"EN668","18",5,2021-07-20 09:37:53,40.36726,-70.8917,50.54
"EN668","18",6,2021-07-20 09:38:00,40.36728,-70.89171,50.473
"EN668","18",7,2021-07-20 09:38:09,40.3673,-70.89175,50.542
"EN668","18",8,2021-07-20 09:40:13,40.36759,-70.89218,37.041
"EN668","18",9,2021-07-20 09:43:27,40.36818,-70.89288,30.914
"EN668","18",10,2021-07-20 09:43:33,40.36819,-70.8929,30.88
"EN668","18",11,2021-07-20 09:43:39,40.36821,-70.89292,31.116
"EN668","18",12,2021-07-20 09:43:47,40.36824,-70.89296,30.982
"EN668","18",13,2021-07-20 09:46:00,40.36859,-70.89334,18.059
"EN668","18",14,2021-07-20 09:46:06,40.3686,-70.89334,17.984
"EN668","18",15,2021-07-20 09:46:12,40.36863,-70.89338,18.195
"EN668","18",16,2021-07-20 09:46:20,40.36866,-70.8934,17.874
"EN668","18",17,2021-07-20 09:49:05,40.36912,-70.8939,3.822
"EN668","18",18,2021-07-20 09:49:12,40.36914,-70.89392,3.822
"EN668","18",19,2021-07-20 09:49:18,40.36916,-70.89394,3.777
"EN668","18",20,2021-07-20 09:49:24,40.36918,-70.89396,3.801
"EN668","18",21,2021-07-20 09:49:30,40.3692,-70.89398,3.662
"EN668","18",22,2021-07-20 09:49:37,40.36922,-70.894,3.905
"EN668","18",23,2021-07-20 09:49:44,40.36922,-70.89402,3.922
"EN668","18",24,2021-07-20 09:49:50,40.36924,-70.89404,3.79
"EN668","19",1,2021-07-20 13:09:30,40.36604,-70.77294,28.702
"EN668","19",2,2021-07-20 13:09:37,40.36604,-70.77292,28.941
"EN668","19",3,2021-07-20 13:11:31,40.36632,-70.77277,16.308
"EN668","19",4,2021-07-20 13:11:39,40.36636,-70.77278,15.916
"EN668","19",5,2021-07-20 13:13:19,40.36664,-70.77268,4.267
"EN668","19",6,2021-07-20 13:13:26,40.36666,-70.77268,4.278
"EN668","20",1,2021-07-20 14:53:26,40.36133,-70.99704,49.355
"EN668","20",2,2021-07-20 14:53:33,40.36132,-70.99706,49.294
"EN668","20",3,2021-07-20 14:53:41,40.36129,-70.99706,49.171
"EN668","20",4,2021-07-20 14:53:49,40.36128,-70.99708,49.255
"EN668","20",5,2021-07-20 14:53:57,40.36128,-70.9971,49.128
"EN668","20",6,2021-07-20 14:54:04,40.36128,-70.9971,49.282
"EN668","20",7,2021-07-20 14:54:10,40.36126,-70.9971,49.012
"EN668","20",8,2021-07-20 14:54:17,40.36124,-70.9971,49.256
"EN668","20",9,2021-07-20 14:54:24,40.36122,-70.99712,49.413
"EN668","20",10,2021-07-20 14:54:31,40.36122,-70.99713,49.317
"EN668","20",11,2021-07-20 14:54:37,40.36124,-70.99716,49.237
"EN668","20",12,2021-07-20 14:54:44,40.36124,-70.99716,49.312
"EN668","20",13,2021-07-20 14:58:40,40.3608,-70.99736,16.257
"EN668","20",14,2021-07-20 14:58:48,40.36078,-70.99736,16.176
"EN668","20",15,2021-07-20 15:01:09,40.36044,-70.99742,4.019
"EN668","20",16,2021-07-20 15:01:16,40.36042,-70.99742,3.84
"EN668","20",17,2021-07-20 15:01:22,40.36041,-70.99742,3.786
"EN668","20",18,2021-07-20 15:01:29,40.36036,-70.99742,3.937
"EN668","20",19,2021-07-20 15:01:35,40.36034,-70.99742,3.974
"EN668","20",20,2021-07-20 15:01:42,40.36032,-70.9974,3.913
"EN668","20",21,2021-07-20 15:01:48,40.36029,-70.9974,3.844
"EN668","20",22,2021-07-20 15:01:54,40.36028,-70.9974,4.024
"EN668","20",23,2021-07-20 15:02:01,40.3603,-70.99742,3.929
"EN668","20",24,2021-07-20 15:02:08,40.36028,-70.99742,3.811
"EN668","21",1,2021-07-21 02:16:20,40.86096,-70.88556,48.881
"EN668","21",2,2021-07-21 02:16:28,40.86095,-70.88554,48.839
"EN668","21",3,2021-07-21 02:18:36,40.86076,-70.88534,37.004
"EN668","21",4,2021-07-21 02:18:44,40.86074,-70.88533,37.168
"EN668","21",5,2021-07-21 02:19:01,40.86072,-70.8853,37.172
"EN668","21",6,2021-07-21 02:19:27,40.86068,-70.88526,36.999
"EN668","21",7,2021-07-21 02:21:16,40.86054,-70.88506,30.179
"EN668","21",8,2021-07-21 02:21:23,40.86054,-70.88504,30.336
"EN668","21",9,2021-07-21 02:22:40,40.86044,-70.88491,26.109
"EN668","21",10,2021-07-21 02:22:47,40.86042,-70.8849,26.026
"EN668","21",11,2021-07-21 02:22:58,40.86041,-70.88488,26.07
"EN668","21",12,2021-07-21 02:23:06,40.8604,-70.88485,26.084
"EN668","21",13,2021-07-21 02:23:16,40.86038,-70.88484,26.126
"EN668","21",14,2021-07-21 02:25:27,40.86019,-70.88462,13.354
"EN668","21",15,2021-07-21 02:25:40,40.86018,-70.88461,13.304
"EN668","21",16,2021-07-21 02:25:53,40.86016,-70.8846,13.38
"EN668","21",17,2021-07-21 02:26:03,40.86014,-70.88458,13.336
"EN668","21",18,2021-07-21 02:28:00,40.85998,-70.88442,3.703
"EN668","21",19,2021-07-21 02:28:08,40.85998,-70.8844,3.687
"EN668","21",20,2021-07-21 02:28:15,40.85997,-70.8844,3.871
"EN668","21",21,2021-07-21 02:28:23,40.85996,-70.88438,3.866
"EN668","21",22,2021-07-21 02:28:31,40.85995,-70.88436,3.775
"EN668","21",23,2021-07-21 02:28:39,40.85994,-70.88434,3.822
"EN668","22",1,2021-07-21 05:57:38,41.02102,-70.7798,16.622
"EN668","22",2,2021-07-21 05:57:52,41.02096,-70.77984,16.613
"EN668","22",3,2021-07-21 06:00:02,41.02027,-70.78026,4.135
"EN668","22",4,2021-07-21 06:00:15,41.0202,-70.7803,4.202
"EN668","23",1,2021-07-21 06:51:01,41.02766,-70.87847,32.043
"EN668","23",2,2021-07-21 06:51:10,41.02768,-70.8785,32.057
"EN668","23",3,2021-07-21 06:53:49,41.0282,-70.87902,20.299
"EN668","23",4,2021-07-21 06:54:00,41.02824,-70.87904,20.263
"EN668","23",5,2021-07-21 06:57:00,41.0291,-70.87922,3.484
"EN668","23",6,2021-07-21 06:57:17,41.02917,-70.87924,3.443
"EN668","24",1,2021-07-21 07:48:38,41.02966,-70.99632,3.474
"EN668","25",1,2021-07-21 11:08:55,41.31762,-70.57864,15.795
"EN668","25",2,2021-07-21 11:09:04,41.3176,-70.57862,15.859
"EN668","25",3,2021-07-21 11:09:13,41.3176,-70.5786,15.844
"EN668","25",4,2021-07-21 11:09:20,41.3176,-70.57857,15.702
"EN668","25",5,2021-07-21 11:10:46,41.31754,-70.57836,10.322
"EN668","25",6,2021-07-21 11:10:53,41.31752,-70.57834,10.299
"EN668","25",7,2021-07-21 11:11:00,41.31752,-70.57834,10.446
"EN668","25",8,2021-07-21 11:11:07,41.31752,-70.57832,10.243
"EN668","25",9,2021-07-21 11:12:33,41.31746,-70.57816,4.224
"EN668","25",10,2021-07-21 11:12:39,41.31746,-70.57814,3.952
"EN668","25",11,2021-07-21 11:12:46,41.31746,-70.57814,4.06
"EN668","25",12,2021-07-21 11:12:53,41.31746,-70.57812,4.132
"EN668","25",13,2021-07-21 11:12:59,41.31744,-70.57812,3.82
"EN668","25",14,2021-07-21 11:13:10,41.31742,-70.57811,4.079
"AR61A","5",1,2021-10-30 21:06:39,39.941833,-70.884167,432.517975684168
"AR61A","5",2,2021-10-30 21:06:54,39.941833,-70.884167,433.580517717066
"AR61A","5",3,2021-10-30 21:17:03,39.941833,-70.884167,203.227322269598
"AR61A","5",4,2021-10-30 21:17:54,39.941833,-70.884167,201.746225306006
"AR61A","5",5,2021-10-30 21:21:39,39.941833,-70.884167,102.60243274149
"AR61A","5",6,2021-10-30 21:22:00,39.941833,-70.884167,102.607391972565
"AR61A","5",7,2021-10-30 21:25:06,39.941833,-70.884167,63.1241417244585
"AR61A","5",8,2021-10-30 21:28:13,39.941833,-70.884167,19.1354551241748
"AR61A","5",9,2021-10-30 21:30:12,39.941833,-70.884167,7.76493973304654
"AR61A","5",10,2021-10-30 21:30:33,39.941833,-70.884167,8.82075030739983
"AR61A","13",1,2021-11-01 14:40:23,40.3625,-70.8835,89.0965762785921
"AR61A","13",2,2021-11-01 14:40:53,40.3625,-70.8835,88.4072229438812
"AR61A","13",3,2021-11-01 14:44:47,40.3625,-70.8835,40.5465432723386
"AR61A","13",4,2021-11-01 14:45:02,40.3625,-70.8835,39.9403638914197
"AR61A","13",5,2021-11-01 14:47:10,40.3625,-70.8835,19.9344448059319
"AR61A","13",6,2021-11-01 14:47:23,40.3625,-70.8835,20.4980185948568
"AR61A","13",7,2021-11-01 14:49:27,40.3625,-70.8835,6.9122828572743
"AR61A","13",8,2021-11-01 14:49:46,40.3625,-70.8835,7.2169101040543
"AR61A","14",1,2021-11-03 15:29:20,40.137167,-70.775333,129.017255934904
"AR61A","14",2,2021-11-03 15:29:39,40.137167,-70.775333,129.049982059216
"AR61A","14",3,2021-11-03 15:32:28,40.137167,-70.775333,100.799442470457
"AR61A","14",4,2021-11-03 15:36:15,40.137167,-70.775333,48.0219393520167
"AR61A","14",5,2021-11-03 15:36:35,40.137167,-70.775333,47.6171650362671
"AR61A","14",6,2021-11-03 15:39:07,40.137167,-70.775333,25.6837481797762
"AR61A","14",7,2021-11-03 15:39:21,40.137167,-70.775333,25.7303816314205
"AR61A","14",8,2021-11-03 15:41:10,40.137167,-70.775333,7.6397735335224
"AR61A","14",9,2021-11-03 15:41:57,40.137167,-70.775333,7.67251905870286
"AR61A","14",10,2021-11-03 15:42:44,40.137167,-70.775333,3.9762107676837
"AR61A","15",1,2021-11-04 19:20:23,39.9215,-70.901667,481.512899483562
"AR61A","15",2,2021-11-04 19:25:53,39.9215,-70.901667,341.806050704455
"AR61A","15",3,2021-11-04 19:30:22,39.9215,-70.901667,200.158418878493
"AR61A","15",4,2021-11-04 19:34:57,39.9215,-70.901667,73.1356732925187
"AR61A","15",5,2021-11-04 19:38:07,39.9215,-70.901667,15.1694191197318
"AR61A","16",1,2021-11-04 23:16:36,40.205,-71.095167,119.654648201095
"AR61A","16",2,2021-11-04 23:20:51,40.205,-71.095167,77.8614398768572
"AR61A","16",3,2021-11-04 23:24:18,40.205,-71.095167,40.0282435631646
"AR61A","16",4,2021-11-04 23:26:49,40.205,-71.095167,10.3168873255418
"AR61A","17",1,2021-11-05 20:56:35,39.922,-70.7565,466.168933872746
"AR61A","17",2,2021-11-05 21:02:40,39.922,-70.7565,261.151721682065
"AR61A","17",3,2021-11-05 21:08:13,39.922,-70.7565,113.146682585499
"AR61A","17",4,2021-11-05 21:12:10,39.922,-70.7565,58.1054678123209
"AR61A","17",5,2021-11-05 21:15:19,39.922,-70.7565,11.443404624568
"AR61A","18",1,2021-11-06 01:08:03,40.333,-71.095667,88.4997052105609
"AR61A","18",2,2021-11-06 01:11:41,40.333,-71.095667,52.5131510384746
"AR61A","18",3,2021-11-06 01:14:12,40.333,-71.095667,30.1153263206844
"AR61A","18",4,2021-11-06 01:16:08,40.333,-71.095667,9.40091089999955
"AR61B","1",1,2021-11-08 20:17:56,41.196333,-70.883333,19.6700122548018
"AR61B","1",2,2021-11-08 20:18:05,41.196333,-70.883333,19.664059447678
"AR61B","1",3,2021-11-08 20:20:26,41.196333,-70.883333,13.0593132337299
"AR61B","1",4,2021-11-08 20:20:44,41.196333,-70.883333,12.7874594137983
"AR61B","1",5,2021-11-08 20:20:53,41.196333,-70.883333,12.4015057423178
"AR61B","1",6,2021-11-08 20:22:42,41.196333,-70.883333,3.64343580154936
"AR61B","1",7,2021-11-08 20:22:51,41.196333,-70.883333,2.78219376313246
"AR61B","1",8,2021-11-08 20:23:01,41.196333,-70.883333,3.30906000303751
"AR61B","1",9,2021-11-08 20:23:11,41.196333,-70.883333,3.814096235779
"AR61B","2",1,2021-11-08 21:50:26,41.028667,-70.887167,41.1105379900633
"AR61B","2",2,2021-11-08 21:50:36,41.028667,-70.887167,40.8109399481485
"AR61B","2",3,2021-11-08 21:50:45,41.028667,-70.887167,42.0996052333861
"AR61B","2",4,2021-11-08 21:53:47,41.028667,-70.887167,24.7917265203509
"AR61B","2",5,2021-11-08 21:54:02,41.028667,-70.887167,24.9048287255248
"AR61B","2",6,2021-11-08 21:54:11,41.028667,-70.887167,25.3860084610449
"AR61B","2",7,2021-11-08 21:54:19,41.028667,-70.887167,26.1836729938253
"AR61B","2",8,2021-11-08 21:56:39,41.028667,-70.887167,16.0072642479282
"AR61B","2",9,2021-11-08 21:56:49,41.028667,-70.887167,16.6997959765559
"AR61B","2",10,2021-11-08 21:56:59,41.028667,-70.887167,16.7890907279593
"AR61B","2",11,2021-11-08 21:57:08,41.028667,-70.887167,16.6739997077833
"AR61B","2",12,2021-11-08 21:59:30,41.028667,-70.887167,4.07411791469607
"AR61B","2",13,2021-11-08 21:59:38,41.028667,-70.887167,2.96480695158431
"AR61B","2",14,2021-11-08 21:59:45,41.028667,-70.887167,3.93421409079548
"AR61B","2",15,2021-11-08 21:59:52,41.028667,-70.887167,3.93024518659385
"AR61B","3",1,2021-11-08 23:54:29,40.864167,-70.8835,49.4036230308309
"AR61B","3",2,2021-11-08 23:54:42,40.864167,-70.8835,48.7072234620856
"AR61B","3",3,2021-11-08 23:54:51,40.864167,-70.8835,48.1834341912405
"AR61B","3",4,2021-11-08 23:57:12,40.864167,-70.8835,32.950301953022
"AR61B","3",5,2021-11-08 23:57:21,40.864167,-70.8835,33.8154115311275
"AR61B","3",6,2021-11-08 23:59:41,40.864167,-70.8835,24.6789951194296
"AR61B","3",7,2021-11-08 23:59:48,40.864167,-70.8835,25.2484828814448
"AR61B","3",8,2021-11-08 23:59:57,40.864167,-70.8835,26.5829035720531
"AR61B","3",9,2021-11-09 00:01:55,40.864167,-70.8835,17.8737913656509
"AR61B","3",10,2021-11-09 00:02:19,40.864167,-70.8835,16.4777987151979
"AR61B","3",11,2021-11-09 00:04:06,40.864167,-70.8835,3.55523681891351
"AR61B","3",12,2021-11-09 00:04:12,40.864167,-70.8835,4.34307607734346
"AR61B","3",13,2021-11-09 00:04:20,40.864167,-70.8835,4.30239427558405
"AR61B","3",14,2021-11-09 00:04:28,40.864167,-70.8835,4.32620801418128
"AR61B","4",1,2021-11-09 02:04:25,40.6965,-70.8835,59.7371619182528
"AR61B","4",2,2021-11-09 02:04:35,40.6965,-70.8835,60.1399076787723
"AR61B","4",3,2021-11-09 02:05:10,40.6965,-70.8835,59.2203367645515
"AR61B","4",4,2021-11-09 02:07:24,40.6965,-70.8835,52.6850147894208
"AR61B","4",5,2021-11-09 02:07:34,40.6965,-70.8835,53.0332134344766
"AR61B","4",6,2021-11-09 02:07:42,40.6965,-70.8835,53.0976946000551
"AR61B","4",7,2021-11-09 02:07:51,40.6965,-70.8835,52.8893707611573
"AR61B","4",8,2021-11-09 02:10:03,40.6965,-70.8835,42.3885826115946
"AR61B","4",9,2021-11-09 02:10:23,40.6965,-70.8835,42.6594174530739
"AR61B","4",10,2021-11-09 02:10:30,40.6965,-70.8835,42.3201297927298
"AR61B","4",11,2021-11-09 02:10:37,40.6965,-70.8835,44.1465225228773
"AR61B","4",12,2021-11-09 02:13:38,40.6965,-70.8835,23.7140032086733
"AR61B","4",13,2021-11-09 02:13:48,40.6965,-70.8835,23.6495127852752
"AR61B","4",14,2021-11-09 02:13:55,40.6965,-70.8835,24.822243154881
"AR61B","4",15,2021-11-09 02:14:05,40.6965,-70.8835,25.1546147529584
"AR61B","4",16,2021-11-09 02:17:04,40.6965,-70.8835,4.34810381512082
"AR61B","4",17,2021-11-09 02:17:11,40.6965,-70.8835,4.59815170301687
"AR61B","4",18,2021-11-09 02:17:18,40.6965,-70.8835,4.47015103668775
"AR61B","4",19,2021-11-09 02:17:27,40.6965,-70.8835,4.41557708482603
"AR61B","4",20,2021-11-09 02:17:42,40.6965,-70.8835,4.10202464287096
"AR61B","5",1,2021-11-09 04:16:52,40.5135,-70.883833,69.0310241954464
"AR61B","5",2,2021-11-09 04:17:01,40.5135,-70.883833,69.6023907146146
"AR61B","5",3,2021-11-09 04:19:56,40.5135,-70.883833,61.1934208077857
"AR61B","5",4,2021-11-09 04:20:03,40.5135,-70.883833,60.8283662813882
"AR61B","5",5,2021-11-09 04:20:11,40.5135,-70.883833,61.064461402696
"AR61B","5",6,2021-11-09 04:22:08,40.5135,-70.883833,50.6968514904196
"AR61B","5",7,2021-11-09 04:22:17,40.5135,-70.883833,50.3248339143638
"AR61B","5",8,2021-11-09 04:22:26,40.5135,-70.883833,49.8893244797404
"AR61B","5",9,2021-11-09 04:24:48,40.5135,-70.883833,40.5320961462701
"AR61B","5",10,2021-11-09 04:24:57,40.5135,-70.883833,40.5638431911602
"AR61B","5",11,2021-11-09 04:26:19,40.5135,-70.883833,20.7060968949906
"AR61B","5",12,2021-11-09 04:27:23,40.5135,-70.883833,19.2872583473514
"AR61B","5",13,2021-11-09 04:27:33,40.5135,-70.883833,19.9877490977658
"AR61B","5",14,2021-11-09 04:30:20,40.5135,-70.883833,3.37773334075404
"AR61B","5",15,2021-11-09 04:30:30,40.5135,-70.883833,3.91157680745411
"AR61B","5",16,2021-11-09 04:30:39,40.5135,-70.883833,3.03639031949355
"AR61B","5",17,2021-11-09 04:31:03,40.5135,-70.883833,4.55655311493
"AR61B","6",1,2021-11-09 05:03:49,40.513167,-70.8835,72.2856119262693
"AR61B","6",2,2021-11-09 05:03:56,40.513167,-70.8835,71.4980089298027
"AR61B","6",3,2021-11-09 05:04:03,40.513167,-70.8835,71.5168558882626
"AR61B","6",4,2021-11-09 05:06:35,40.513167,-70.8835,54.8405872293974
"AR61B","6",5,2021-11-09 05:06:42,40.513167,-70.8835,55.2998947151418
"AR61B","6",6,2021-11-09 05:06:52,40.513167,-70.8835,55.0915696333107
"AR61B","6",7,2021-11-09 05:09:28,40.513167,-70.8835,43.2633174051095
"AR61B","6",8,2021-11-09 05:09:39,40.513167,-70.8835,44.1522209670441
"AR61B","6",9,2021-11-09 05:09:50,40.513167,-70.8835,44.0460686241023
"AR61B","6",10,2021-11-09 05:12:22,40.513167,-70.8835,24.4287657102088
"AR61B","6",11,2021-11-09 05:12:33,40.513167,-70.8835,24.5815603455154
"AR61B","6",12,2021-11-09 05:14:49,40.513167,-70.8835,3.72800636897827
"AR61B","6",13,2021-11-09 05:14:57,40.513167,-70.8835,2.99570704721462
"AR61B","6",14,2021-11-09 05:15:04,40.513167,-70.8835,2.69504681036877
"AR61B","6",15,2021-11-09 05:15:12,40.513167,-70.8835,3.04730545927019
"AR61B","6",16,2021-11-09 05:15:29,40.513167,-70.8835,3.31522008183584
"AR61B","7",1,2021-11-09 16:11:14,39.939833,-70.8835,438.082229119723
"AR61B","7",2,2021-11-09 16:11:38,39.939833,-70.8835,437.9950889011
"AR61B","7",3,2021-11-09 16:11:51,39.939833,-70.8835,438.062424527813
"AR61B","7",4,2021-11-09 16:16:16,39.939833,-70.8835,299.521368773453
"AR61B","7",5,2021-11-09 16:16:32,39.939833,-70.8835,301.377308095639
"AR61B","7",6,2021-11-09 16:16:53,39.939833,-70.8835,300.703503977317
"AR61B","7",7,2021-11-09 16:20:46,39.939833,-70.8835,202.461036452877
"AR61B","7",8,2021-11-09 16:20:56,39.939833,-70.8835,202.899218755792
"AR61B","7",9,2021-11-09 16:21:10,39.939833,-70.8835,202.291513184397
"AR61B","7",10,2021-11-09 16:24:40,39.939833,-70.8835,130.901843226053
"AR61B","7",11,2021-11-09 16:24:51,39.939833,-70.8835,130.697550967427
"AR61B","7",12,2021-11-09 16:28:22,39.939833,-70.8835,80.6646101384259
"AR61B","7",13,2021-11-09 16:28:47,39.939833,-70.8835,80.6477469434555
"AR61B","7",14,2021-11-09 16:30:50,39.939833,-70.8835,55.1222219221784
"AR61B","7",15,2021-11-09 16:31:02,39.939833,-70.8835,55.3087321860149
"AR61B","7",16,2021-11-09 16:31:14,39.939833,-70.8835,55.4109159287395
"AR61B","7",17,2021-11-09 16:34:08,39.939833,-70.8835,23.7573104571635
"AR61B","7",18,2021-11-09 16:34:18,39.939833,-70.8835,23.8079140968126
"AR61B","7",19,2021-11-09 16:36:36,39.939833,-70.8835,6.86690232174845
"AR61B","7",20,2021-11-09 16:36:47,39.939833,-70.8835,6.99689492564855
"AR61B","7",21,2021-11-09 16:36:56,39.939833,-70.8835,7.45831838697253
"AR61B","7",22,2021-11-09 16:37:05,39.939833,-70.8835,7.01674111744866
"AR61B","8",1,2021-11-10 00:04:34,39.939167,-70.775,444.459235745516
"AR61B","8",2,2021-11-10 00:04:55,39.939167,-70.775,444.462206342505
"AR61B","8",3,2021-11-10 00:09:12,39.939167,-70.775,332.473960502302
"AR61B","8",4,2021-11-10 00:09:23,39.939167,-70.775,332.420460689369
"AR61B","8",5,2021-11-10 00:15:56,39.939167,-70.775,113.002695770822
"AR61B","8",6,2021-11-10 00:16:25,39.939167,-70.775,113.092949199817
"AR61B","8",7,2021-11-10 00:21:32,39.939167,-70.775,8.04973322931571
"AR61B","8",8,2021-11-10 00:21:41,39.939167,-70.775,7.96340271168362
"AR61B","9",1,2021-11-10 02:57:59,39.773333,-70.882167,499.620404129515
"AR61B","9",2,2021-11-10 02:58:08,39.773333,-70.882167,500.50937678874
"AR61B","9",3,2021-11-10 03:03:32,39.773333,-70.882167,300.750658218649
"AR61B","9",4,2021-11-10 03:03:40,39.773333,-70.882167,300.733812836291
"AR61B","9",5,2021-11-10 03:08:04,39.773333,-70.882167,177.856602492612
"AR61B","9",6,2021-11-10 03:08:13,39.773333,-70.882167,177.891304903948
"AR61B","9",7,2021-11-10 03:11:34,39.773333,-70.882167,103.380628323466
"AR61B","9",8,2021-11-10 03:11:43,39.773333,-70.882167,103.574040472239
"AR61B","9",9,2021-11-10 03:14:59,39.773333,-70.882167,65.1707095260678
"AR61B","9",10,2021-11-10 03:15:06,39.773333,-70.882167,65.5397490566523
"AR61B","9",11,2021-11-10 03:15:14,39.773333,-70.882167,65.9008516095531
"AR61B","9",12,2021-11-10 03:17:47,39.773333,-70.882167,38.32030707871
"AR61B","9",13,2021-11-10 03:17:53,39.773333,-70.882167,37.0711577761653
"AR61B","9",14,2021-11-10 03:18:00,39.773333,-70.882167,37.0413924098825
"AR61B","9",15,2021-11-10 03:18:11,39.773333,-70.882167,37.4620758516241
"AR61B","9",16,2021-11-10 03:20:33,39.773333,-70.882167,15.8791057053415
"AR61B","9",17,2021-11-10 03:20:40,39.773333,-70.882167,15.2281679690281
"AR61B","9",18,2021-11-10 03:20:46,39.773333,-70.882167,15.8354453122133
"AR61B","9",19,2021-11-10 03:20:56,39.773333,-70.882167,16.5598097204938
"AR61B","9",20,2021-11-10 03:22:36,39.773333,-70.882167,3.61215334692247
"AR61B","9",21,2021-11-10 03:22:42,39.773333,-70.882167,2.91652108210081
"AR61B","9",22,2021-11-10 03:22:49,39.773333,-70.882167,4.31373727205928
"AR61B","9",23,2021-11-10 03:22:56,39.773333,-70.882167,4.11725432203595
"AR61B","9",24,2021-11-10 03:23:03,39.773333,-70.882167,3.36307558960522
"AR61B","10",1,2021-11-10 06:00:39,39.773167,-70.774,62.6241211724212
"AR61B","10",2,2021-11-10 06:03:10,39.773167,-70.774,17.2484499302516
"AR61B","10",3,2021-11-10 06:03:17,39.773167,-70.774,17.8120613142364
"AR61B","10",4,2021-11-10 06:04:45,39.773167,-70.774,4.10137696546859
"AR61B","10",5,2021-11-10 06:04:52,39.773167,-70.774,3.9882503223862
"AR61B","11",1,2021-11-10 13:48:25,40.098,-70.883,141.28770625256
"AR61B","11",2,2021-11-10 13:48:53,40.098,-70.883,141.159784005779
"AR61B","11",3,2021-11-10 13:49:04,40.098,-70.883,141.382904151873
"AR61B","11",4,2021-11-10 13:52:12,40.098,-70.883,100.201720563808
"AR61B","11",5,2021-11-10 13:52:29,40.098,-70.883,100.622261887452
"AR61B","11",6,2021-11-10 13:52:39,40.098,-70.883,100.336611271062
"AR61B","11",7,2021-11-10 13:54:52,40.098,-70.883,80.6436118995941
"AR61B","11",8,2021-11-10 13:55:04,40.098,-70.883,80.6932088157095
"AR61B","11",9,2021-11-10 13:57:19,40.098,-70.883,66.3264640190812
"AR61B","11",10,2021-11-10 13:57:33,40.098,-70.883,66.2927357517747
"AR61B","11",11,2021-11-10 14:00:17,40.098,-70.883,51.7235888339323
"AR61B","11",12,2021-11-10 14:00:36,40.098,-70.883,51.6392621417587
"AR61B","11",13,2021-11-10 14:02:30,40.098,-70.883,40.4195340170593
"AR61B","11",14,2021-11-10 14:02:41,40.098,-70.883,40.3649666777551
"AR61B","11",15,2021-11-10 14:02:55,40.098,-70.883,40.5127945269211
"AR61B","11",16,2021-11-10 14:05:13,40.098,-70.883,20.7445848207779
"AR61B","11",17,2021-11-10 14:05:33,40.098,-70.883,21.1573515420546
"AR61B","11",18,2021-11-10 14:07:08,40.098,-70.883,6.66536742802698
"AR61B","11",19,2021-11-10 14:07:25,40.098,-70.883,7.02557091547579
"AR61B","11",20,2021-11-10 14:07:47,40.098,-70.883,6.98885598848554
"AR61B","11",21,2021-11-10 14:08:09,40.098,-70.883,6.93427973348387
"AR61B","11",22,2021-11-10 14:08:31,40.098,-70.883,6.97099467026973
"AR61B","11",23,2021-11-10 14:08:42,40.098,-70.883,6.97694844318162
"AR61B","11",24,2021-11-10 14:08:51,40.098,-70.883,6.84695769519418
"AR61B","12",1,2021-11-10 21:16:01,40.136333,-70.775667,129.738231000883
"AR61B","12",2,2021-11-10 21:16:21,40.136333,-70.775667,129.04602504437
"AR61B","12",3,2021-11-10 21:16:31,40.136333,-70.775667,128.471829505029
"AR61B","12",4,2021-11-10 21:21:22,40.136333,-70.775667,64.5951779616103
"AR61B","12",5,2021-11-10 21:21:31,40.136333,-70.775667,65.4512831387799
"AR61B","12",6,2021-11-10 21:23:56,40.136333,-70.775667,51.9674588585142
"AR61B","12",7,2021-11-10 21:24:04,40.136333,-70.775667,52.1440479341452
"AR61B","12",8,2021-11-10 21:26:06,40.136333,-70.775667,40.0592496705161
"AR61B","12",9,2021-11-10 21:26:17,40.136333,-70.775667,39.9491230336343
"AR61B","12",10,2021-11-10 21:26:31,40.136333,-70.775667,39.8637996526116
"AR61B","12",11,2021-11-10 21:26:42,40.136333,-70.775667,39.7427594464247
"AR61B","12",12,2021-11-10 21:29:02,40.136333,-70.775667,25.6549762884982
"AR61B","12",13,2021-11-10 21:29:24,40.136333,-70.775667,25.3662454696488
"AR61B","12",14,2021-11-10 21:29:44,40.136333,-70.775667,25.3434248033641
"AR61B","12",15,2021-11-10 21:29:57,40.136333,-70.775667,24.9693639541244
"AR61B","12",16,2021-11-10 21:30:13,40.136333,-70.775667,25.4386762631733
"AR61B","12",17,2021-11-10 21:33:05,40.136333,-70.775667,12.2885943012675
"AR61B","12",18,2021-11-10 21:33:25,40.136333,-70.775667,12.4711712092484
"AR61B","12",19,2021-11-10 21:34:59,40.136333,-70.775667,6.96104745016037
"AR61B","12",20,2021-11-10 21:35:15,40.136333,-70.775667,6.92631722409864
"AR61B","12",21,2021-11-10 21:35:27,40.136333,-70.775667,6.98883162676421
"AR61B","12",22,2021-11-10 21:35:39,40.136333,-70.775667,6.96700120260746
"AR61B","12",23,2021-11-10 21:35:54,40.136333,-70.775667,7.55642183709895
"AR61B","12",24,2021-11-10 21:36:04,40.136333,-70.775667,7.4055938229647
"AR61B","14",1,2021-11-11 02:25:25,40.019167,-70.884833,3.90282194224236
"AR61B","16",1,2021-11-11 04:37:01,40.161667,-70.885333,40.1415040833005
"AR61B","16",2,2021-11-11 04:39:17,40.161667,-70.885333,3.41753383347486
"AR61B","17",1,2021-11-11 05:35:07,40.226333,-70.883667,119.535407346435
"AR61B","17",2,2021-11-11 05:37:43,40.226333,-70.883667,82.4073008426936
"AR61B","17",3,2021-11-11 05:40:00,40.226333,-70.883667,63.6661307104056
"AR61B","17",4,2021-11-11 05:42:20,40.226333,-70.883667,43.9152693141103
"AR61B","17",5,2021-11-11 05:44:16,40.226333,-70.883667,29.934051218263
"AR61B","17",6,2021-11-11 05:46:01,40.226333,-70.883667,3.36889096544788
"AR61B","17",7,2021-11-11 05:46:09,40.226333,-70.883667,3.24088404599903
"AR61B","18",1,2021-11-11 14:00:21,40.363667,-70.883,89.8612998725892
"AR61B","18",2,2021-11-11 14:00:32,40.363667,-70.883,89.8146819854841
"AR61B","18",3,2021-11-11 14:00:50,40.363667,-70.883,90.3393805707428
"AR61B","18",4,2021-11-11 14:03:53,40.363667,-70.883,65.5550797481916
"AR61B","18",5,2021-11-11 14:05:03,40.363667,-70.883,65.4102495178776
"AR61B","18",6,2021-11-11 14:07:08,40.363667,-70.883,50.3205605801138
"AR61B","18",7,2021-11-11 14:07:23,40.363667,-70.883,50.4098460809744
"AR61B","18",8,2021-11-11 14:07:34,40.363667,-70.883,50.5715519445206
"AR61B","18",9,2021-11-11 14:07:44,40.363667,-70.883,50.6806785287206
"AR61B","18",10,2021-11-11 14:09:43,40.363667,-70.883,40.449312287052
"AR61B","18",11,2021-11-11 14:09:57,40.363667,-70.883,40.5961443925081
"AR61B","18",12,2021-11-11 14:12:15,40.363667,-70.883,25.4818059712145
"AR61B","18",13,2021-11-11 14:12:37,40.363667,-70.883,25.3042053633217
"AR61B","18",14,2021-11-11 14:12:47,40.363667,-70.883,25.2803929795946
"AR61B","18",15,2021-11-11 14:12:58,40.363667,-70.883,25.2555884102655
"AR61B","18",16,2021-11-11 14:13:08,40.363667,-70.883,25.5929302955212
"AR61B","18",17,2021-11-11 14:15:06,40.363667,-70.883,6.46476705333874
"AR61B","18",18,2021-11-11 14:15:18,40.363667,-70.883,6.663221750357
"AR61B","18",19,2021-11-11 14:15:27,40.363667,-70.883,6.5064425556838
"AR61B","18",20,2021-11-11 14:15:36,40.363667,-70.883,6.72871175812014
"AR61B","18",21,2021-11-11 14:15:47,40.363667,-70.883,6.6294844654476
"AR61B","19",1,2021-11-12 00:37:16,40.364333,-70.8835,3.694319153127
"AR61B","20",1,2021-11-12 02:36:03,40.364,-70.776333,53.3641805198273
"AR61B","20",2,2021-11-12 02:36:10,40.364,-70.776333,53.3304509340491
"AR61B","20",3,2021-11-12 02:38:54,40.364,-70.776333,3.43136294142466
"AR61B","20",4,2021-11-12 02:39:01,40.364,-70.776333,3.60799024520747
"AR61B","23",1,2021-11-12 14:11:37,40.205667,-70.9615,122.513807189267
"AR61B","24",1,2021-11-12 15:12:25,40.205667,-70.893333,122.878762064964
"AR61B","25",1,2021-11-12 16:09:09,40.206333,-70.8255,121.981242196794
"AR61B","26",1,2021-11-12 17:02:28,40.206,-70.757833,119.485049723525
"AR61B","27",1,2021-11-12 17:54:29,40.205,-70.6895,117.866533220496
"AR61B","28",1,2021-11-12 18:50:44,40.204333,-70.6225,117.968690462763
"AR61B","29",1,2021-11-12 20:35:49,40.3675,-70.776333,89.9396261793027
"AR61B","29",2,2021-11-12 20:36:12,40.3675,-70.776333,88.4369389822506
"AR61B","29",3,2021-11-12 20:39:31,40.3675,-70.776333,65.8625726608175
"AR61B","29",4,2021-11-12 20:39:43,40.3675,-70.776333,65.1513176843513
"AR61B","29",5,2021-11-12 20:42:25,40.3675,-70.776333,29.50306873887
"AR61B","29",6,2021-11-12 20:42:43,40.3675,-70.776333,29.6975323775071
"AR61B","29",7,2021-11-12 20:44:47,40.3675,-70.776333,6.69497214702875
"AR61B","29",8,2021-11-12 20:44:58,40.3675,-70.776333,6.75053939966834
"AR61B","30",1,2021-11-14 02:05:29,40.096,-70.773167,47.5439279805148
"AR61B","30",2,2021-11-14 02:05:36,40.096,-70.773167,46.4258293975088
"AR61B","30",3,2021-11-14 02:05:44,40.096,-70.773167,46.5627397561772
"AR61B","30",4,2021-11-14 02:08:03,40.096,-70.773167,7.20815446801621
"AR61B","30",5,2021-11-14 02:08:11,40.096,-70.773167,6.9848880769767
"AR61B","30",6,2021-11-14 02:08:17,40.096,-70.773167,8.52492507091801
"AR61B","31",1,2021-11-14 05:15:03,40.098167,-70.991667,59.2156278978114
"AR61B","31",2,2021-11-14 05:17:39,40.098167,-70.991667,6.84398070294682
"AR61B","32",1,2021-11-14 17:38:04,40.227,-70.883,121.301678875615
"AR61B","32",2,2021-11-14 17:38:13,40.227,-70.883,121.532751841357
"AR61B","32",3,2021-11-14 17:38:24,40.227,-70.883,121.564487163951
"AR61B","32",4,2021-11-14 17:43:13,40.227,-70.883,96.8927580070733
"AR61B","32",5,2021-11-14 17:45:24,40.227,-70.883,79.5049224550358
"AR61B","32",6,2021-11-14 17:45:39,40.227,-70.883,79.4106888636596
"AR61B","32",7,2021-11-14 17:48:05,40.227,-70.883,64.8922463286676
"AR61B","32",8,2021-11-14 17:48:16,40.227,-70.883,64.4111242677737
"AR61B","32",9,2021-11-14 17:48:27,40.227,-70.883,64.773205923992
"AR61B","32",10,2021-11-14 17:49:56,40.227,-70.883,53.4541313251604
"AR61B","32",11,2021-11-14 17:52:22,40.227,-70.883,35.1151085885021
"AR61B","32",12,2021-11-14 17:52:31,40.227,-70.883,34.9603335390174
"AR61B","32",13,2021-11-14 17:54:21,40.227,-70.883,25.0892137579015
"AR61B","32",14,2021-11-14 17:54:39,40.227,-70.883,24.9225247644849
"AR61B","32",15,2021-11-14 17:54:55,40.227,-70.883,24.9790799738992
"AR61B","32",16,2021-11-14 17:57:05,40.227,-70.883,7.19119977210933
"AR61B","32",17,2021-11-14 17:57:22,40.227,-70.883,7.19814575150638
"AR61B","32",18,2021-11-14 17:57:35,40.227,-70.883,7.11777083262877
"AR61B","32",19,2021-11-14 17:57:51,40.227,-70.883,7.03838816570138
"AR61B","32",20,2021-11-14 17:58:05,40.227,-70.883,7.11380170001405
"AR61B","33",1,2021-11-14 20:35:44,40.2955,-70.883333,52.7345588830539
"AR61B","33",2,2021-11-14 20:35:52,40.2955,-70.883333,52.7742411111469
"AR61B","33",3,2021-11-14 20:38:39,40.2955,-70.883333,2.9739359094226
"AR61B","33",4,2021-11-14 20:38:46,40.2955,-70.883333,2.81616061602729
"AR61B","34",1,2021-11-14 21:37:34,40.3625,-70.883667,3.46510122614405
"AR61B","34",2,2021-11-14 21:37:41,40.3625,-70.883667,3.61989819288287
"AR61B","35",1,2021-11-14 23:18:43,40.513,-70.884333,60.5198577773475
"AR61B","35",2,2021-11-14 23:21:43,40.513,-70.884333,3.32117378668126
"AR61B","35",3,2021-11-14 23:22:01,40.513,-70.884333,3.16836326930088
"AR61B","36",1,2021-11-15 01:16:05,40.697,-70.8825,3.45408073260916
"AR61B","36",2,2021-11-15 01:16:14,40.697,-70.8825,3.12365841124216
"AR61B","37",1,2021-11-15 02:57:08,40.863833,-70.884,3.64255427694933
"AR61B","37",2,2021-11-15 02:57:15,40.863833,-70.884,3.32305197546083
"AR61B","38",1,2021-11-15 04:38:06,41.028667,-70.883167,30.0350393367619
"AR61B","38",2,2021-11-15 04:38:14,41.028667,-70.883167,30.3991395142586
"AR61B","38",3,2021-11-15 04:38:21,41.028667,-70.883167,30.421957759941
"AR61B","38",4,2021-11-15 04:40:08,41.028667,-70.883167,3.45496835161956
"AR61B","38",5,2021-11-15 04:40:15,41.028667,-70.883167,3.63654606195027
"AR61B","39",1,2021-11-15 06:00:12,41.197333,-70.883667,3.181064083693
"AR61B","39",2,2021-11-15 06:00:20,41.197333,-70.883667,2.78616237393089
"AT46","1",1,2022-02-16 18:29:47,41.19686,-70.883,17.877
"AT46","1",2,2022-02-16 18:29:56,41.19686,-70.883,17.905
"AT46","1",3,2022-02-16 18:30:04,41.19684,-70.883,17.765
"AT46","1",4,2022-02-16 18:30:12,41.19684,-70.883,17.843
"AT46","1",5,2022-02-16 18:30:21,41.19684,-70.883,17.88
"AT46","1",6,2022-02-16 18:33:03,41.1967,-70.88286,9.951
"AT46","1",7,2022-02-16 18:33:11,41.19668,-70.88286,9.867
"AT46","1",8,2022-02-16 18:33:19,41.19668,-70.88284,9.931
"AT46","1",9,2022-02-16 18:33:28,41.19666,-70.88284,9.782
"AT46","1",10,2022-02-16 18:33:39,41.19666,-70.88282,9.883
"AT46","1",11,2022-02-16 18:33:48,41.19664,-70.88282,9.9
"AT46","1",12,2022-02-16 18:35:29,41.19656,-70.88282,1.806
"AT46","1",13,2022-02-16 18:35:38,41.19656,-70.88282,2.056
"AT46","1",14,2022-02-16 18:35:46,41.19656,-70.88282,1.827
"AT46","1",15,2022-02-16 18:35:53,41.19656,-70.88282,1.774
"AT46","1",16,2022-02-16 18:36:08,41.19656,-70.88284,1.756
"AT46","1",17,2022-02-16 18:36:21,41.19656,-70.88284,2.242
"AT46","1",18,2022-02-16 18:36:33,41.19656,-70.88286,1.74
"AT46","1",19,2022-02-16 18:36:42,41.19656,-70.88286,1.914
"AT46","1",20,2022-02-16 18:36:50,41.19656,-70.88286,2.002
"AT46","1",21,2022-02-16 18:36:58,41.19656,-70.88286,2.116
"AT46","1",22,2022-02-16 18:37:04,41.19656,-70.88288,1.987
"AT46","1",23,2022-02-16 18:37:11,41.19656,-70.88288,1.787
"AT46","1",24,2022-02-16 18:37:18,41.19656,-70.88288,2.113
"AT46","2",1,2022-02-17 02:32:03,40.69683,-70.88188,59.674
"AT46","2",2,2022-02-17 02:32:13,40.69686,-70.88188,59.848
"AT46","2",3,2022-02-17 02:35:11,40.69698,-70.88178,51.953
"AT46","2",4,2022-02-17 02:35:22,40.69698,-70.88176,52.024
"AT46","2",5,2022-02-17 02:35:32,40.69696,-70.88174,52.097
"AT46","2",6,2022-02-17 02:35:43,40.69694,-70.88174,51.895
"AT46","2",7,2022-02-17 02:38:03,40.69682,-70.8817,38.162
"AT46","2",8,2022-02-17 02:38:14,40.69682,-70.8817,38.226
"AT46","2",9,2022-02-17 02:38:23,40.69682,-70.88169,38.115
"AT46","2",10,2022-02-17 02:38:34,40.69684,-70.8817,38.326
"AT46","2",11,2022-02-17 02:38:43,40.69682,-70.88168,38.134
"AT46","2",12,2022-02-17 02:38:54,40.69684,-70.88168,38.169
"AT46","2",13,2022-02-17 02:41:48,40.69726,-70.8815,17.405
"AT46","2",14,2022-02-17 02:42:22,40.6973,-70.88146,17.343
"AT46","2",15,2022-02-17 02:42:38,40.69733,-70.88144,17.33
"AT46","2",16,2022-02-17 02:42:49,40.69734,-70.88144,17.459
"AT46","2",17,2022-02-17 02:43:01,40.69735,-70.88144,17.35
"AT46","2",18,2022-02-17 02:45:20,40.69738,-70.88134,2.711
"AT46","2",19,2022-02-17 02:45:33,40.69738,-70.88132,2.493
"AT46","2",20,2022-02-17 02:45:46,40.69736,-70.88132,2.533
"AT46","2",21,2022-02-17 02:46:05,40.69736,-70.8813,2.649
"AT46","2",22,2022-02-17 02:46:25,40.69736,-70.8813,2.521
"AT46","2",23,2022-02-17 02:46:39,40.69736,-70.88129,2.974
"AT46","2",24,2022-02-17 02:46:57,40.69738,-70.88128,2.377
"AT46","3",1,2022-02-17 05:23:59,40.51412,-70.882,70.995
"AT46","3",2,2022-02-17 05:24:08,40.51412,-70.882,70.879
"AT46","3",3,2022-02-17 05:27:30,40.51406,-70.88182,55.276
"AT46","3",4,2022-02-17 05:27:48,40.51406,-70.8818,55.5
"AT46","3",5,2022-02-17 05:31:27,40.51411,-70.88162,44.2
"AT46","3",6,2022-02-17 05:31:37,40.51412,-70.8816,44.396
"AT46","3",7,2022-02-17 05:31:47,40.51411,-70.88158,44.422
"AT46","3",8,2022-02-17 05:31:58,40.5141,-70.88156,44.387
"AT46","3",9,2022-02-17 05:35:10,40.5141,-70.88124,27.679
"AT46","3",10,2022-02-17 05:35:30,40.5141,-70.88121,28.045
"AT46","3",11,2022-02-17 05:35:43,40.5141,-70.88118,28.058
"AT46","3",12,2022-02-17 05:40:22,40.51412,-70.88072,3.049
"AT46","3",13,2022-02-17 05:40:37,40.5141,-70.8807,3.136
"AT46","3",14,2022-02-17 05:40:49,40.5141,-70.88068,3.368
"AT46","3",15,2022-02-17 05:41:06,40.51409,-70.88064,2.944
"AT46","4",1,2022-02-17 10:25:35,40.36654,-70.77656,31.823
"AT46","4",2,2022-02-17 10:25:43,40.36653,-70.77654,31.802
"AT46","4",3,2022-02-17 10:33:46,40.3665,-70.77604,3.332
"AT46","4",4,2022-02-17 10:33:57,40.36652,-70.77602,3.448
"AT46","5",1,2022-02-17 12:01:19,40.36382,-70.9916,85.868
"AT46","6",1,2022-02-17 13:09:51,40.36399,-70.88144,87.545
"AT46","6",2,2022-02-17 13:09:59,40.364,-70.88144,87.488
"AT46","6",3,2022-02-17 13:12:25,40.3641,-70.88146,79.442
"AT46","6",4,2022-02-17 13:12:33,40.3641,-70.88146,79.333
"AT46","6",5,2022-02-17 13:14:47,40.3641,-70.88138,71.414
"AT46","6",6,2022-02-17 13:14:55,40.3641,-70.88138,71.532
"AT46","6",7,2022-02-17 13:18:00,40.36404,-70.88128,49.818
"AT46","6",8,2022-02-17 13:18:12,40.36402,-70.88128,49.519
"AT46","6",9,2022-02-17 13:18:21,40.364,-70.88128,49.658
"AT46","6",10,2022-02-17 13:18:28,40.364,-70.88128,49.718
"AT46","6",11,2022-02-17 13:20:37,40.36378,-70.88126,34.805
"AT46","6",12,2022-02-17 13:20:48,40.36376,-70.88126,34.658
"AT46","6",13,2022-02-17 13:23:09,40.36354,-70.88122,21.973
"AT46","6",14,2022-02-17 13:23:16,40.36352,-70.88122,21.807
"AT46","6",15,2022-02-17 13:23:24,40.3635,-70.88122,22.126
"AT46","6",16,2022-02-17 13:23:32,40.3635,-70.88122,22.156
"AT46","6",17,2022-02-17 13:26:47,40.36336,-70.88123,2.7
"AT46","6",18,2022-02-17 13:26:54,40.36336,-70.88124,2.935
"AT46","6",19,2022-02-17 13:27:01,40.36336,-70.88124,2.902
"AT46","6",20,2022-02-17 13:27:08,40.36336,-70.88126,3.157
"AT46","6",21,2022-02-17 13:27:15,40.36336,-70.88126,3.145
"AT46","6",22,2022-02-17 13:27:22,40.36336,-70.88126,2.935
"AT46","6",23,2022-02-17 13:27:29,40.36336,-70.88126,2.959
"AT46","6",24,2022-02-17 13:27:36,40.36336,-70.88126,2.741
"AT46","7",1,2022-02-17 21:36:47,39.7727,-70.8816,496.166
"AT46","7",2,2022-02-17 21:49:41,39.77264,-70.88098,224.991
"AT46","7",3,2022-02-17 21:54:46,39.77264,-70.8808,155.759
"AT46","7",4,2022-02-17 21:59:44,39.77264,-70.88076,99.355
"AT46","7",5,2022-02-17 22:04:22,39.77262,-70.88068,66.715
"AT46","7",6,2022-02-17 22:04:35,39.77261,-70.88068,66.909
"AT46","7",7,2022-02-17 22:04:52,39.7726,-70.88068,66.727
"AT46","7",8,2022-02-17 22:09:21,39.77262,-70.8806,45.324
"AT46","7",9,2022-02-17 22:09:52,39.7726,-70.88056,45.97
"AT46","7",10,2022-02-17 22:10:15,39.77262,-70.88056,45.8
"AT46","7",11,2022-02-17 22:10:31,39.77264,-70.88054,45.555
"AT46","7",12,2022-02-17 22:10:45,39.77266,-70.88054,45.844
"AT46","7",13,2022-02-17 22:14:30,39.77262,-70.88028,20.926
"AT46","7",14,2022-02-17 22:14:40,39.77264,-70.88028,20.794
"AT46","7",15,2022-02-17 22:14:53,39.77264,-70.88028,21.01
"AT46","7",16,2022-02-17 22:15:10,39.77264,-70.88028,20.693
"AT46","7",17,2022-02-17 22:15:21,39.77264,-70.88027,20.937
"AT46","7",18,2022-02-17 22:18:35,39.77264,-70.88024,3.542
"AT46","7",19,2022-02-17 22:18:47,39.77265,-70.88024,3.683
"AT46","7",20,2022-02-17 22:18:57,39.77266,-70.88024,3.538
"AT46","7",21,2022-02-17 22:19:07,39.77264,-70.88024,3.037
"AT46","7",22,2022-02-17 22:19:17,39.77264,-70.88024,3.878
"AT46","7",23,2022-02-17 22:19:28,39.77263,-70.88022,3.519
"AT46","7",24,2022-02-17 22:19:40,39.77262,-70.88022,3.89
"AT46","8",1,2022-02-18 04:27:21,40.09078,-70.86982,141.471
"AT46","8",2,2022-02-18 04:27:30,40.09078,-70.86979,141.753
"AT46","8",3,2022-02-18 04:31:45,40.09072,-70.86914,99.339
"AT46","8",4,2022-02-18 04:31:59,40.09072,-70.86911,99.564
"AT46","8",5,2022-02-18 04:35:11,40.09068,-70.86859,80.287
"AT46","8",6,2022-02-18 04:35:24,40.09068,-70.86856,80.025
"AT46","8",7,2022-02-18 04:35:36,40.09068,-70.86853,80.33
"AT46","8",8,2022-02-18 04:35:46,40.09069,-70.8685,79.612
"AT46","8",9,2022-02-18 04:38:34,40.09064,-70.86806,60.882
"AT46","8",10,2022-02-18 04:38:45,40.09066,-70.86802,59.51
"AT46","8",11,2022-02-18 04:41:17,40.09062,-70.86756,45.837
"AT46","8",12,2022-02-18 04:41:33,40.0906,-70.86752,45.292
"AT46","8",13,2022-02-18 04:44:34,40.09058,-70.86694,28.411
"AT46","8",14,2022-02-18 04:44:44,40.09058,-70.8669,28.365
"AT46","8",15,2022-02-18 04:44:55,40.09058,-70.86688,28.319
"AT46","8",16,2022-02-18 04:45:10,40.09057,-70.86682,28.267
"AT46","8",17,2022-02-18 04:47:36,40.09052,-70.8664,16.62
"AT46","8",18,2022-02-18 04:47:46,40.09053,-70.86636,16.642
"AT46","8",19,2022-02-18 04:47:56,40.09052,-70.86633,16.642
"AT46","8",20,2022-02-18 04:48:08,40.09053,-70.8663,16.498
"AT46","8",21,2022-02-18 04:50:52,40.09048,-70.86578,1.98
"AT46","8",22,2022-02-18 04:51:00,40.09048,-70.86575,1.88
"AT46","8",23,2022-02-18 04:51:10,40.09049,-70.86572,2.284
"AT46","8",24,2022-02-18 04:51:21,40.09048,-70.8657,3.045
"AT46","9",1,2022-02-18 07:48:30,39.95168,-70.8793,406.022
"AT46","9",2,2022-02-18 07:48:39,39.95168,-70.87928,406.275
"AT46","9",3,2022-02-18 07:54:54,39.95164,-70.87874,249.35
"AT46","9",4,2022-02-18 08:01:01,39.95156,-70.87802,151.076
"AT46","9",5,2022-02-18 08:01:09,39.95156,-70.87801,150.143
"AT46","9",6,2022-02-18 08:05:42,39.95148,-70.87747,71.557
"AT46","9",7,2022-02-18 08:05:51,39.95152,-70.87744,71.907
"AT46","9",8,2022-02-18 08:09:18,39.95148,-70.87704,49.25
"AT46","9",9,2022-02-18 08:09:26,39.95148,-70.87702,49.514
"AT46","9",10,2022-02-18 08:09:39,39.95148,-70.87698,50.009
"AT46","9",11,2022-02-18 08:12:29,39.95138,-70.87664,37.711
"AT46","9",12,2022-02-18 08:12:37,39.9514,-70.87662,37.203
"AT46","9",13,2022-02-18 08:12:48,39.95141,-70.8766,37.763
"AT46","9",14,2022-02-18 08:13:03,39.95144,-70.87654,37.549
"AT46","9",15,2022-02-18 08:15:52,39.95139,-70.8761,25.569
"AT46","9",16,2022-02-18 08:16:01,39.9514,-70.87608,25.463
"AT46","9",17,2022-02-18 08:16:09,39.95139,-70.87608,25.66
"AT46","9",18,2022-02-18 08:16:20,39.95139,-70.87605,25.537
"AT46","9",19,2022-02-18 08:18:20,39.95134,-70.87585,7.486
"AT46","9",20,2022-02-18 08:18:28,39.95132,-70.87584,7.591
"AT46","9",21,2022-02-18 08:18:38,39.95132,-70.87582,7.737
"AT46","9",22,2022-02-18 08:18:50,39.9513,-70.8758,7.55
"AT46","9",23,2022-02-18 08:19:02,39.95131,-70.87578,8.161
"AT46","9",24,2022-02-18 08:19:13,39.95134,-70.87574,8.277
"AT46","10",1,2022-02-18 20:10:16,40.09353,-70.77296,27.233
"AT46","10",2,2022-02-18 20:10:26,40.09352,-70.77292,27.884
"AT46","10",3,2022-02-18 20:12:27,40.09316,-70.77268,8.462
"AT46","10",4,2022-02-18 20:12:37,40.09312,-70.7727,7.723
"AT46","11",1,2022-02-18 22:56:44,40.09718,-70.99542,15.538
"AT46","11",2,2022-02-18 22:56:55,40.09718,-70.99546,15.045
"AT46","12",1,2022-02-19 00:18:54,40.09334,-70.88873,134.784
"AT46","13",1,2022-02-19 03:20:41,40.13464,-70.78158,127.537
"AT46","13",2,2022-02-19 03:20:50,40.13462,-70.78161,127.087
"AT46","13",3,2022-02-19 03:23:34,40.13443,-70.78198,100.811
"AT46","13",4,2022-02-19 03:26:41,40.13448,-70.782,72.204
"AT46","13",5,2022-02-19 03:29:04,40.13446,-70.7819,59.2
"AT46","13",6,2022-02-19 03:29:17,40.13446,-70.78188,58.252
"AT46","13",7,2022-02-19 03:29:27,40.13446,-70.78189,58.342
"AT46","13",8,2022-02-19 03:29:36,40.13448,-70.78189,58.614
"AT46","13",9,2022-02-19 03:31:37,40.1344,-70.782,43.906
"AT46","13",10,2022-02-19 03:31:55,40.13438,-70.78204,44.625
"AT46","13",11,2022-02-19 03:32:04,40.13435,-70.78205,44.657
"AT46","13",12,2022-02-19 03:32:16,40.13432,-70.78206,44.625
"AT46","13",13,2022-02-19 03:34:51,40.13402,-70.78246,27.671
"AT46","13",14,2022-02-19 03:35:05,40.13398,-70.78248,28.194
"AT46","13",15,2022-02-19 03:35:17,40.13394,-70.78252,27.809
"AT46","13",16,2022-02-19 03:35:28,40.13391,-70.78254,27.513
"AT46","13",17,2022-02-19 03:35:39,40.13388,-70.78257,27.306
"AT46","13",18,2022-02-19 03:38:22,40.13348,-70.78298,7.029
"AT46","13",19,2022-02-19 03:38:33,40.13346,-70.783,7.312
"AT46","13",20,2022-02-19 03:38:43,40.13345,-70.78304,6.738
"AT46","13",21,2022-02-19 03:38:53,40.13346,-70.78307,7.661
"AT46","13",22,2022-02-19 03:39:03,40.13345,-70.78311,7.459
"AT46","13",23,2022-02-19 03:39:12,40.13343,-70.78316,7.117
"AT46","13",24,2022-02-19 03:39:25,40.13341,-70.78319,6.99
"AT46","14",1,2022-02-19 05:50:13,40.22486,-70.88558,118.383
"AT46","14",2,2022-02-19 05:50:25,40.22485,-70.88558,118.689
"AT46","14",3,2022-02-19 05:55:01,40.22466,-70.88586,97.278
"AT46","14",4,2022-02-19 05:55:11,40.22464,-70.88587,96.894
"AT46","14",5,2022-02-19 06:00:51,40.2242,-70.88649,65.262
"AT46","14",6,2022-02-19 06:01:02,40.22418,-70.88652,65.429
"AT46","14",7,2022-02-19 06:04:15,40.22398,-70.8868,52.982
"AT46","14",8,2022-02-19 06:04:25,40.22398,-70.88682,53.056
"AT46","14",9,2022-02-19 06:04:33,40.22396,-70.88684,52.431
"AT46","14",10,2022-02-19 06:04:43,40.22396,-70.88686,53.051
"AT46","14",11,2022-02-19 06:07:06,40.22382,-70.88712,46.702
"AT46","14",12,2022-02-19 06:07:14,40.22381,-70.88712,46.805
"AT46","14",13,2022-02-19 06:09:58,40.22363,-70.88732,38.194
"AT46","14",14,2022-02-19 06:10:05,40.22362,-70.8873,38.334
"AT46","14",15,2022-02-19 06:12:51,40.22348,-70.88754,24.968
"AT46","14",16,2022-02-19 06:13:01,40.22346,-70.88757,25.146
"AT46","14",17,2022-02-19 06:13:10,40.22344,-70.88758,25.086
"AT46","14",18,2022-02-19 06:16:27,40.22314,-70.88799,3.605
"AT46","14",19,2022-02-19 06:16:34,40.22314,-70.88799,4.501
"AT46","14",20,2022-02-19 06:16:40,40.22313,-70.888,4.316
"AT46","14",21,2022-02-19 06:16:46,40.22312,-70.88802,4.486
"AT46","14",22,2022-02-19 06:16:53,40.22312,-70.88804,4.75
"AT46","14",23,2022-02-19 06:16:59,40.22311,-70.88804,4.356
"AT46","14",24,2022-02-19 06:17:05,40.2231,-70.88804,4.465
"AT46","15",1,2022-02-19 21:37:09,40.69548,-70.8814,30.047
"AT46","15",2,2022-02-19 21:37:21,40.69548,-70.88138,30.237
"AT46","15",3,2022-02-19 21:42:04,40.69522,-70.88136,7.26
"AT46","15",4,2022-02-19 21:42:14,40.6952,-70.88138,7.572
"AT46","16",1,2022-02-19 23:34:35,40.86159,-70.88164,49.99
"AT46","16",2,2022-02-19 23:34:45,40.86156,-70.8816,49.041
"AT46","16",3,2022-02-19 23:37:35,40.86136,-70.88148,39.493
"AT46","16",4,2022-02-19 23:37:45,40.86134,-70.88148,39.504
"AT46","16",5,2022-02-19 23:37:57,40.86132,-70.88147,39.906
"AT46","16",6,2022-02-19 23:40:56,40.8611,-70.88154,29.572
"AT46","16",7,2022-02-19 23:41:10,40.8611,-70.88158,29.939
"AT46","16",8,2022-02-19 23:41:21,40.8611,-70.8816,29.544
"AT46","16",9,2022-02-19 23:44:31,40.861,-70.88184,15.721
"AT46","16",10,2022-02-19 23:44:40,40.86098,-70.88188,15.414
"AT46","16",11,2022-02-19 23:44:49,40.86096,-70.88189,15.437
"AT46","16",12,2022-02-19 23:46:39,40.86072,-70.88224,7.297
"AT46","16",13,2022-02-19 23:46:47,40.8607,-70.88226,6.771
"AT46","16",14,2022-02-19 23:46:55,40.86068,-70.88228,6.77
"AT46","16",15,2022-02-19 23:47:03,40.86066,-70.8823,6.879
"AT46","16",16,2022-02-19 23:47:11,40.86066,-70.88233,6.637
"AT46","16",17,2022-02-19 23:47:19,40.86064,-70.88235,6.892
"AT46","16",18,2022-02-19 23:47:28,40.86063,-70.88238,7.415
"AT46","16",19,2022-02-19 23:47:36,40.86061,-70.88238,7.025
"AT46","16",20,2022-02-19 23:47:44,40.8606,-70.88238,6.755
"AT46","17",1,2022-02-20 01:17:03,41.02708,-70.8851,39.795
"AT46","17",2,2022-02-20 01:17:11,41.02708,-70.88514,39.778
"AT46","17",3,2022-02-20 01:19:06,41.02688,-70.88536,27.753
"AT46","17",4,2022-02-20 01:19:14,41.02686,-70.88536,28.247
"AT46","17",5,2022-02-20 01:19:23,41.02683,-70.88536,27.998
"AT46","17",6,2022-02-20 01:19:32,41.0268,-70.88536,27.643
"AT46","17",7,2022-02-20 01:19:40,41.0268,-70.88534,27.582
"AT46","17",8,2022-02-20 01:21:35,41.02673,-70.8854,15.679
"AT46","17",9,2022-02-20 01:21:42,41.02674,-70.88542,15.573
"AT46","17",10,2022-02-20 01:21:50,41.02677,-70.88544,16.231
"AT46","17",11,2022-02-20 01:22:00,41.02678,-70.88546,15.614
"AT46","17",12,2022-02-20 01:22:10,41.02682,-70.8855,15.832
"AT46","17",13,2022-02-20 01:23:30,41.02704,-70.88586,6.899
"AT46","17",14,2022-02-20 01:23:38,41.02706,-70.88587,7.05
"AT46","17",15,2022-02-20 01:23:45,41.02706,-70.88588,6.853
"AT46","17",16,2022-02-20 01:23:53,41.02704,-70.8859,7.356
"AT46","17",17,2022-02-20 01:24:05,41.02702,-70.88592,6.643
"AT46","17",18,2022-02-20 01:24:17,41.02699,-70.88594,7.169
"AT46","17",19,2022-02-20 01:24:26,41.02695,-70.88594,6.887
"AT46","17",20,2022-02-20 01:24:34,41.02692,-70.88594,7.023
"AT46","18",1,2022-02-20 13:05:27,40.6955,-70.77458,34.166
"AT46","18",2,2022-02-20 13:05:38,40.69548,-70.77458,34.156
"AT46","18",3,2022-02-20 13:09:05,40.69542,-70.7747,4.445
"AT46","18",4,2022-02-20 13:09:11,40.6954,-70.77472,4.211
"AT46","19",1,2022-02-20 14:54:38,40.69653,-70.99432,57.597
"AT46","19",2,2022-02-20 14:59:44,40.69616,-70.9942,34.352
"AT46","19",3,2022-02-20 14:59:54,40.69616,-70.9942,34.348
"AT46","19",4,2022-02-20 15:02:00,40.69626,-70.99447,18.711
"AT46","19",5,2022-02-20 15:02:17,40.69628,-70.99452,18.795
"AT46","19",6,2022-02-20 15:09:15,40.69616,-70.9953,3.059
"AT46","19",7,2022-02-20 15:09:23,40.69616,-70.9953,2.949
"AT46","20",1,2022-02-20 16:25:04,40.69526,-70.88701,57.07
"AT46","20",2,2022-02-20 16:25:17,40.69526,-70.88706,57.299
"AT46","20",3,2022-02-20 16:28:53,40.69522,-70.88771,37.188
"AT46","20",4,2022-02-20 16:29:05,40.69522,-70.88775,37.287
"AT46","20",5,2022-02-20 16:31:19,40.69516,-70.88818,18.243
"AT46","20",6,2022-02-20 16:31:26,40.69516,-70.88822,18.396
"AT46","20",7,2022-02-20 16:33:19,40.69514,-70.88856,3.371
"AT46","20",8,2022-02-20 16:33:27,40.69516,-70.88858,3.728
"AT46","21",1,2022-02-20 23:57:44,41.02916,-70.88114,40.506
"AT46","21",2,2022-02-20 23:58:07,41.02916,-70.88106,40.464
"AT46","21",3,2022-02-21 00:01:58,41.02886,-70.88114,24.591
"AT46","21",4,2022-02-21 00:02:10,41.02882,-70.88118,24.716
"AT46","21",5,2022-02-21 00:04:50,41.02844,-70.88144,5.014
"AT46","21",6,2022-02-21 00:04:59,41.02842,-70.88144,4.885
"AT46","22",1,2022-02-21 02:41:20,40.8601,-70.88138,50.342
"AT46","22",2,2022-02-21 02:41:30,40.86008,-70.88138,50.182
"AT46","22",3,2022-02-21 02:45:14,40.85962,-70.88147,26.511
"AT46","22",4,2022-02-21 02:45:24,40.8596,-70.88146,26.488
"AT46","22",5,2022-02-21 02:48:48,40.85908,-70.8815,5.846
"AT46","22",6,2022-02-21 02:48:56,40.85906,-70.8815,5.528
"AT46","23",1,2022-02-21 11:40:48,41.32396,-70.56296,11.941
"AT46","23",2,2022-02-21 11:41:00,41.32398,-70.56294,12.151
"AT46","23",3,2022-02-21 11:43:51,41.3242,-70.5626,5.899
"AT46","23",4,2022-02-21 11:44:02,41.32422,-70.5626,6.085
"AT46","23",5,2022-02-21 11:44:14,41.32422,-70.5626,6.212
"AT46","23",6,2022-02-21 11:45:48,41.32422,-70.56262,2.137
"AT46","23",7,2022-02-21 11:45:55,41.32422,-70.56262,2.002
"AT46","23",8,2022-02-21 11:46:04,41.32422,-70.56263,2.173
"AT46","23",9,2022-02-21 11:46:10,41.32422,-70.56263,2.392
"AT46","23",10,2022-02-21 11:46:17,41.32422,-70.56264,2.272
"EN685","1",1,2022-07-13 18:33:03,41.19171,-70.8812,17.023
"EN685","1",2,2022-07-13 18:33:11,41.1917,-70.8812,16.807
"EN685","1",3,2022-07-13 18:33:18,41.19168,-70.8812,16.891
"EN685","1",4,2022-07-13 18:33:24,41.19168,-70.8812,16.946
"EN685","1",5,2022-07-13 18:33:31,41.19168,-70.8812,16.872
"EN685","1",6,2022-07-13 18:33:40,41.19166,-70.8812,17.07
"EN685","1",7,2022-07-13 18:33:49,41.19166,-70.8812,16.995
"EN685","1",8,2022-07-13 18:34:05,41.19164,-70.88122,16.858
"EN685","1",9,2022-07-13 18:36:59,41.19118,-70.88148,9.98
"EN685","1",10,2022-07-13 18:37:08,41.19116,-70.88152,10.145
"EN685","1",11,2022-07-13 18:37:15,41.19116,-70.88154,9.982
"EN685","1",12,2022-07-13 18:37:21,41.19112,-70.88156,10.058
"EN685","1",13,2022-07-13 18:37:28,41.19109,-70.88158,10.109
"EN685","1",14,2022-07-13 18:37:36,41.19106,-70.88162,9.961
"EN685","1",15,2022-07-13 18:37:44,41.19104,-70.88166,9.954
"EN685","1",16,2022-07-13 18:37:50,41.19098,-70.88168,10.035
"EN685","1",17,2022-07-13 18:40:26,41.1903,-70.8822,3.255
"EN685","1",18,2022-07-13 18:40:41,41.19028,-70.88224,3.193
"EN685","1",19,2022-07-13 18:40:51,41.19025,-70.88224,3.221
"EN685","1",20,2022-07-13 18:41:05,41.1902,-70.88228,3.243
"EN685","1",21,2022-07-13 18:41:14,41.19016,-70.88228,3.293
"EN685","1",22,2022-07-13 18:41:23,41.19014,-70.8823,3.15
"EN685","1",23,2022-07-13 18:41:33,41.19011,-70.8823,3.369
"EN685","1",24,2022-07-13 18:41:41,41.1901,-70.88232,3.411
"EN685","3",1,2022-07-14 03:51:09,40.09578,-70.88614,59.691
"EN685","3",2,2022-07-14 03:52:24,40.09588,-70.88598,40.471
"EN685","3",3,2022-07-14 03:53:33,40.09594,-70.88584,30.238
"EN685","3",4,2022-07-14 03:53:35,40.09594,-70.88583,30.576
"EN685","3",5,2022-07-14 03:54:04,40.09598,-70.88578,30.659
"EN685","3",6,2022-07-14 03:54:13,40.09598,-70.88576,30.583
"EN685","3",7,2022-07-14 03:54:21,40.09598,-70.88574,30.453
"EN685","3",8,2022-07-14 03:54:28,40.096,-70.88572,30.272
"EN685","3",9,2022-07-14 03:54:39,40.096,-70.8857,30.219
"EN685","3",10,2022-07-14 03:54:47,40.096,-70.88568,30.411
"EN685","3",11,2022-07-14 03:54:54,40.096,-70.88567,30.406
"EN685","3",12,2022-07-14 03:56:20,40.09608,-70.8855,25.343
"EN685","3",13,2022-07-14 03:57:29,40.09612,-70.88538,19.938
"EN685","3",14,2022-07-14 03:58:55,40.09618,-70.88526,12.308
"EN685","3",15,2022-07-14 04:00:35,40.09626,-70.8851,2.827
"EN685","3",16,2022-07-14 04:00:45,40.09626,-70.8851,3.009
"EN685","3",17,2022-07-14 04:00:54,40.09626,-70.88508,2.971
"EN685","3",18,2022-07-14 04:01:03,40.09626,-70.88508,2.696
"EN685","3",19,2022-07-14 04:01:11,40.09626,-70.88506,2.815
"EN685","3",20,2022-07-14 04:01:19,40.09628,-70.88504,2.789
"EN685","3",21,2022-07-14 04:01:27,40.09628,-70.88502,2.874
"EN685","3",22,2022-07-14 04:01:34,40.09628,-70.885,2.613
"EN685","3",23,2022-07-14 04:01:43,40.09628,-70.88498,2.878
"EN685","3",24,2022-07-14 04:01:52,40.09628,-70.88496,2.329
"EN685","4",1,2022-07-14 08:07:16,39.77372,-70.88454,40.727
"EN685","4",2,2022-07-14 08:07:24,39.77372,-70.88454,40.106
"EN685","4",3,2022-07-14 08:07:32,39.77374,-70.88452,40.162
"EN685","4",4,2022-07-14 08:07:41,39.77376,-70.88452,40.638
"EN685","4",5,2022-07-14 08:07:49,39.77378,-70.88452,40.785
"EN685","4",6,2022-07-14 08:07:59,39.7738,-70.88452,40.311
"EN685","4",7,2022-07-14 08:08:07,39.77382,-70.8845,40.331
"EN685","4",8,2022-07-14 08:08:14,39.77384,-70.8845,40.281
"EN685","4",9,2022-07-14 08:09:43,39.774,-70.88444,24.524
"EN685","4",10,2022-07-14 08:09:52,39.77402,-70.88444,24.401
"EN685","4",11,2022-07-14 08:09:59,39.77403,-70.88442,24.824
"EN685","4",12,2022-07-14 08:10:07,39.77404,-70.8844,24.545
"EN685","4",13,2022-07-14 08:10:16,39.77406,-70.8844,24.713
"EN685","4",14,2022-07-14 08:10:25,39.77408,-70.8844,24.631
"EN685","4",15,2022-07-14 08:10:53,39.77412,-70.88438,24.659
"EN685","4",16,2022-07-14 08:11:08,39.77414,-70.88438,24.255
"EN685","4",17,2022-07-14 08:13:29,39.77439,-70.88426,3.386
"EN685","4",18,2022-07-14 08:13:38,39.77442,-70.88424,3.449
"EN685","4",19,2022-07-14 08:13:46,39.77444,-70.88424,3.241
"EN685","4",20,2022-07-14 08:13:52,39.77446,-70.88424,3.355
"EN685","4",21,2022-07-14 08:14:01,39.77448,-70.88424,3.231
"EN685","4",22,2022-07-14 08:14:09,39.77448,-70.88422,3.35
"EN685","4",23,2022-07-14 08:14:15,39.77448,-70.88421,3.39
"EN685","4",24,2022-07-14 08:14:22,39.7745,-70.8842,3.208
"EN685","5",1,2022-07-14 15:15:10,40.09658,-70.8861,30.28
"EN685","5",2,2022-07-14 15:15:27,40.0966,-70.8861,29.945
"EN685","5",3,2022-07-14 15:15:35,40.0966,-70.8861,30.001
"EN685","5",4,2022-07-14 15:15:43,40.0966,-70.8861,29.862
"EN685","5",5,2022-07-14 15:15:55,40.09662,-70.8861,29.903
"EN685","5",6,2022-07-14 15:16:02,40.09664,-70.8861,29.556
"EN685","5",7,2022-07-14 15:16:10,40.09664,-70.8861,30.008
"EN685","5",8,2022-07-14 15:16:18,40.09666,-70.8861,30.218
"EN685","5",9,2022-07-14 15:16:26,40.09666,-70.88608,30.294
"EN685","5",10,2022-07-14 15:17:34,40.0967,-70.88608,25.011
"EN685","5",11,2022-07-14 15:17:41,40.0967,-70.88606,24.911
"EN685","5",12,2022-07-14 15:19:13,40.09678,-70.88608,19.872
"EN685","5",13,2022-07-14 15:19:35,40.09681,-70.8861,20.075
"EN685","5",14,2022-07-14 15:21:06,40.0969,-70.88606,15.17
"EN685","5",15,2022-07-14 15:22:48,40.09702,-70.88604,3.07
"EN685","5",16,2022-07-14 15:22:55,40.09702,-70.88606,3.29
"EN685","5",17,2022-07-14 15:23:02,40.09702,-70.88606,3.08
"EN685","5",18,2022-07-14 15:23:09,40.09702,-70.88606,3.365
"EN685","5",19,2022-07-14 15:23:16,40.09702,-70.88604,3.19
"EN685","5",20,2022-07-14 15:23:22,40.09704,-70.88604,3.329
"EN685","5",21,2022-07-14 15:23:29,40.09704,-70.88604,3.177
"EN685","5",22,2022-07-14 15:23:36,40.09704,-70.88604,3.144
"EN685","5",23,2022-07-14 15:23:43,40.09704,-70.88605,3.151
"EN685","5",24,2022-07-14 15:23:49,40.09704,-70.88605,3.528
"EN685","7",1,2022-07-14 20:34:35,40.51532,-70.87882,49.938
"EN685","7",2,2022-07-14 20:34:43,40.51533,-70.8788,50.104
"EN685","7",3,2022-07-14 20:34:52,40.51535,-70.8788,50.038
"EN685","7",4,2022-07-14 20:37:01,40.51547,-70.87868,29.448
"EN685","7",5,2022-07-14 20:37:08,40.51549,-70.87868,29.705
"EN685","7",6,2022-07-14 20:37:15,40.5155,-70.87866,29.758
"EN685","7",7,2022-07-14 20:37:22,40.5155,-70.87866,29.581
"EN685","7",8,2022-07-14 20:38:55,40.51562,-70.87858,21.357
"EN685","7",9,2022-07-14 20:39:02,40.51562,-70.87858,21.321
"EN685","7",10,2022-07-14 20:39:09,40.51562,-70.87857,21.449
"EN685","7",11,2022-07-14 20:39:16,40.51562,-70.87856,21.252
"EN685","7",12,2022-07-14 20:40:47,40.5157,-70.87845,3.138
"EN685","7",13,2022-07-14 20:40:53,40.5157,-70.87844,3.215
"EN685","7",14,2022-07-14 20:41:04,40.51572,-70.87844,3.054
"EN685","7",15,2022-07-14 20:41:10,40.51572,-70.87842,3.396
"EN685","7",16,2022-07-14 20:41:19,40.51574,-70.87842,3.241
"EN685","7",17,2022-07-14 20:41:26,40.51574,-70.87842,3.37
"EN685","7",18,2022-07-14 20:41:35,40.51574,-70.8784,3.225
"EN685","7",19,2022-07-14 20:41:43,40.51576,-70.87839,3.212
"EN685","7",20,2022-07-14 20:41:54,40.51576,-70.87838,3.312
"EN685","7",21,2022-07-14 20:42:07,40.51578,-70.87838,3.339
"EN685","7",22,2022-07-14 20:42:13,40.51578,-70.87836,3.229
"EN685","7",23,2022-07-14 20:42:19,40.5158,-70.87838,3.19
"EN685","7",24,2022-07-14 20:42:26,40.5158,-70.87836,3.278
"EN685","8",1,2022-07-15 02:44:44,41.02768,-70.87996,29.756
"EN685","8",2,2022-07-15 02:45:02,41.02764,-70.87987,29.668
"EN685","8",3,2022-07-15 02:45:09,41.02762,-70.87984,29.908
"EN685","8",4,2022-07-15 02:45:17,41.02761,-70.8798,29.924
"EN685","8",5,2022-07-15 02:45:26,41.0276,-70.87976,29.869
"EN685","8",6,2022-07-15 02:47:37,41.02732,-70.87916,20.278
"EN685","8",7,2022-07-15 02:47:45,41.0273,-70.87913,20.277
"EN685","8",8,2022-07-15 02:47:51,41.02728,-70.87911,20.146
"EN685","8",9,2022-07-15 02:47:57,41.02728,-70.87908,19.935
"EN685","8",10,2022-07-15 02:48:03,41.02726,-70.87906,19.959
"EN685","8",11,2022-07-15 02:48:10,41.02724,-70.87902,20.211
"EN685","8",12,2022-07-15 02:50:22,41.02694,-70.87844,3.048
"EN685","8",13,2022-07-15 02:50:29,41.02694,-70.87842,2.901
"EN685","8",14,2022-07-15 02:50:35,41.02692,-70.87839,3.121
"EN685","8",15,2022-07-15 02:50:42,41.0269,-70.87836,3.252
"EN685","8",16,2022-07-15 02:50:51,41.02688,-70.87832,3.147
"EN685","8",17,2022-07-15 02:50:58,41.02686,-70.8783,3.069
"EN685","8",18,2022-07-15 02:51:04,41.02686,-70.87826,3.166
"EN685","8",19,2022-07-15 02:51:12,41.02684,-70.87822,3.222
"EN685","8",20,2022-07-15 02:51:25,41.02681,-70.87817,3.092
"EN685","8",21,2022-07-15 02:51:32,41.02678,-70.87812,3.133
"EN685","8",22,2022-07-15 02:51:40,41.02676,-70.8781,3.007
"EN685","8",23,2022-07-15 02:51:49,41.02675,-70.87806,3.012
"EN685","8",24,2022-07-15 02:52:00,41.02672,-70.87801,3.041
"EN685","10",1,2022-07-15 14:55:17,41.03454,-70.89516,25.171
"EN685","10",2,2022-07-15 14:55:24,41.03456,-70.89516,25.154
"EN685","10",3,2022-07-15 14:55:30,41.03458,-70.89518,25.12
"EN685","10",4,2022-07-15 14:55:37,41.03459,-70.89518,25.1
"EN685","10",5,2022-07-15 14:55:43,41.0346,-70.8952,25.105
"EN685","10",6,2022-07-15 14:56:46,41.03472,-70.89534,15.088
"EN685","10",7,2022-07-15 14:57:21,41.03478,-70.8954,15.167
"EN685","10",8,2022-07-15 14:57:27,41.0348,-70.8954,14.992
"EN685","10",9,2022-07-15 14:57:34,41.03482,-70.89542,14.912
"EN685","10",10,2022-07-15 14:57:41,41.03482,-70.89544,15.21
"EN685","10",11,2022-07-15 14:59:29,41.035,-70.89564,3.291
"EN685","10",12,2022-07-15 14:59:37,41.03502,-70.89566,3.327
"EN685","10",13,2022-07-15 14:59:43,41.03502,-70.89566,3.31
"EN685","10",14,2022-07-15 14:59:50,41.03504,-70.89568,3.41
"EN685","10",15,2022-07-15 14:59:57,41.03504,-70.89568,3.345
"EN685","10",16,2022-07-15 15:00:03,41.03506,-70.8957,3.299
"EN685","10",17,2022-07-15 15:00:10,41.03507,-70.8957,3.345
"EN685","10",18,2022-07-15 15:00:17,41.03508,-70.89572,3.219
"EN685","10",19,2022-07-15 15:00:29,41.0351,-70.89575,3.328
"EN685","10",20,2022-07-15 15:00:35,41.0351,-70.89576,3.261
"EN685","10",21,2022-07-15 15:00:43,41.0351,-70.89576,3.416
"EN685","10",22,2022-07-15 15:00:50,41.03512,-70.89577,3.276
"EN685","10",23,2022-07-15 15:01:03,41.03514,-70.89582,3.409
"EN685","10",24,2022-07-15 15:01:13,41.03515,-70.89585,3.412
"EN685","11",1,2022-07-15 20:12:03,40.7024,-70.87926,25.907
"EN685","11",2,2022-07-15 20:12:09,40.7024,-70.87926,25.84
"EN685","11",3,2022-07-15 20:12:16,40.70242,-70.87924,25.887
"EN685","11",4,2022-07-15 20:12:23,40.70242,-70.87924,25.585
"EN685","11",5,2022-07-15 20:12:31,40.70242,-70.87923,25.541
"EN685","11",6,2022-07-15 20:12:39,40.70242,-70.87922,25.774
"EN685","11",7,2022-07-15 20:12:46,40.70244,-70.87922,25.842
"EN685","11",8,2022-07-15 20:12:52,40.70244,-70.8792,25.88
"EN685","11",9,2022-07-15 20:13:00,40.70246,-70.87918,25.819
"EN685","11",10,2022-07-15 20:13:08,40.70246,-70.87918,25.971
"EN685","11",11,2022-07-15 20:13:17,40.70246,-70.87918,25.867
"EN685","11",12,2022-07-15 20:13:37,40.7025,-70.87914,25.935
"EN685","11",13,2022-07-15 20:15:59,40.70266,-70.87892,3.04
"EN685","11",14,2022-07-15 20:16:06,40.70268,-70.8789,3.111
"EN685","11",15,2022-07-15 20:16:13,40.70268,-70.8789,3.193
"EN685","11",16,2022-07-15 20:16:21,40.70268,-70.87888,3.345
"EN685","11",17,2022-07-15 20:16:30,40.7027,-70.87886,3.206
"EN685","11",18,2022-07-15 20:16:37,40.7027,-70.87886,3.132
"EN685","11",19,2022-07-15 20:16:44,40.70272,-70.87884,3.121
"EN685","11",20,2022-07-15 20:16:51,40.70272,-70.87882,3.373
"EN685","11",21,2022-07-15 20:16:59,40.70273,-70.8788,3.076
"EN685","11",22,2022-07-15 20:17:07,40.70274,-70.8788,3.019
"EN685","11",23,2022-07-15 20:17:17,40.70274,-70.87878,3.07
"EN685","11",24,2022-07-15 20:17:23,40.70276,-70.87876,3.102
"EN685","12",1,2022-07-16 02:39:24,40.69698,-70.87902,25.493
"EN685","12",2,2022-07-16 02:39:30,40.69698,-70.87902,24.886
"EN685","12",3,2022-07-16 02:39:37,40.697,-70.87902,24.902
"EN685","12",4,2022-07-16 02:39:44,40.697,-70.87902,24.668
"EN685","12",5,2022-07-16 02:39:50,40.69702,-70.879,24.987
"EN685","12",6,2022-07-16 02:41:34,40.69714,-70.87894,22.269
"EN685","12",7,2022-07-16 02:41:41,40.69714,-70.8789,22.054
"EN685","12",8,2022-07-16 02:41:47,40.69716,-70.87894,22.363
"EN685","12",9,2022-07-16 02:41:53,40.69718,-70.8789,22.128
"EN685","12",10,2022-07-16 02:42:00,40.69718,-70.87887,22.042
"EN685","12",11,2022-07-16 02:42:06,40.69718,-70.87888,22.514
"EN685","12",12,2022-07-16 02:42:13,40.69722,-70.87884,21.997
"EN685","12",13,2022-07-16 02:42:19,40.69722,-70.87884,22.14
"EN685","12",14,2022-07-16 02:42:26,40.69724,-70.87882,22.392
"EN685","12",15,2022-07-16 02:42:33,40.69724,-70.87881,22.156
"EN685","12",16,2022-07-16 02:44:44,40.6974,-70.8787,14.575
"EN685","12",17,2022-07-16 02:44:51,40.69742,-70.87868,14.872
"EN685","12",18,2022-07-16 02:44:57,40.69744,-70.87867,14.663
"EN685","12",19,2022-07-16 02:45:03,40.69744,-70.87866,14.903
"EN685","12",20,2022-07-16 02:45:10,40.69744,-70.87866,14.735
"EN685","12",21,2022-07-16 02:47:41,40.69767,-70.8785,3.534
"EN685","12",22,2022-07-16 02:47:47,40.69768,-70.8785,3.479
"EN685","12",23,2022-07-16 02:47:53,40.6977,-70.87848,3.431
"EN685","12",24,2022-07-16 02:47:59,40.6977,-70.87848,3.589
"EN685","13",1,2022-07-16 10:04:06,39.94628,-70.88156,28.936
"EN685","13",2,2022-07-16 10:04:13,39.9463,-70.88154,28.909
"EN685","13",3,2022-07-16 10:04:20,39.94632,-70.88156,29.367
"EN685","13",4,2022-07-16 10:05:48,39.9465,-70.88156,22.925
"EN685","13",5,2022-07-16 10:05:54,39.94652,-70.88156,23.281
"EN685","13",6,2022-07-16 10:06:01,39.94654,-70.88156,23.486
"EN685","13",7,2022-07-16 10:07:20,39.9467,-70.88156,16.965
"EN685","13",8,2022-07-16 10:07:27,39.9467,-70.88156,16.723
"EN685","13",9,2022-07-16 10:07:33,39.94672,-70.88156,16.474
"EN685","13",10,2022-07-16 10:09:06,39.94696,-70.88156,3.151
"EN685","13",11,2022-07-16 10:09:12,39.94698,-70.88156,3.183
"EN685","13",12,2022-07-16 10:09:19,39.94699,-70.88154,2.956
"EN685","13",13,2022-07-16 10:09:25,39.947,-70.88154,3.091
"EN685","13",14,2022-07-16 10:09:32,39.94702,-70.88154,3.054
"EN685","13",15,2022-07-16 10:09:38,39.94703,-70.88156,3.06
"EN685","13",16,2022-07-16 10:09:44,39.94706,-70.88154,3.134
"EN685","13",17,2022-07-16 10:09:51,39.94706,-70.88154,3.202
"EN685","13",18,2022-07-16 10:09:57,39.94708,-70.88154,2.671
"EN685","13",19,2022-07-16 10:10:03,39.9471,-70.88154,3.271
"EN685","13",20,2022-07-16 10:10:09,39.94712,-70.88155,3.035
"EN685","13",21,2022-07-16 10:10:15,39.94712,-70.88156,2.853
"EN685","13",22,2022-07-16 10:10:22,39.94716,-70.88154,3.061
"EN685","13",23,2022-07-16 10:10:29,39.94718,-70.88154,3.045
"EN685","13",24,2022-07-16 10:10:35,39.94718,-70.88156,3.095
"EN685","14",1,2022-07-16 16:51:26,40.70132,-70.8814,23.957
"EN685","14",2,2022-07-16 16:51:32,40.70135,-70.88141,23.999
"EN685","14",3,2022-07-16 16:51:39,40.70136,-70.88143,24.08
"EN685","14",4,2022-07-16 16:51:47,40.70138,-70.88144,23.964
"EN685","14",5,2022-07-16 16:51:54,40.7014,-70.88146,23.686
"EN685","14",6,2022-07-16 16:52:02,40.70142,-70.88146,23.947
"EN685","14",7,2022-07-16 16:53:04,40.70154,-70.8816,20.125
"EN685","14",8,2022-07-16 16:53:11,40.70155,-70.88162,20.026
"EN685","14",9,2022-07-16 16:53:18,40.70156,-70.88162,19.989
"EN685","14",10,2022-07-16 16:53:24,40.70158,-70.88164,20.156
"EN685","14",11,2022-07-16 16:53:51,40.70164,-70.8817,19.831
"EN685","14",12,2022-07-16 16:53:58,40.70164,-70.8817,19.896
"EN685","14",13,2022-07-16 16:54:07,40.70166,-70.88172,19.931
"EN685","14",14,2022-07-16 16:54:14,40.70168,-70.88172,20.036
"EN685","14",15,2022-07-16 16:54:21,40.7017,-70.88174,20.146
"EN685","14",16,2022-07-16 16:55:11,40.70178,-70.88184,15.201
"EN685","14",17,2022-07-16 16:55:18,40.7018,-70.88186,15.336
"EN685","14",18,2022-07-16 16:56:22,40.70192,-70.88198,3.159
"EN685","14",19,2022-07-16 16:57:09,40.702,-70.88208,3.399
"EN685","14",20,2022-07-16 16:57:16,40.70202,-70.88208,3.548
"EN685","14",21,2022-07-16 16:57:23,40.70204,-70.8821,3.301
"EN685","14",22,2022-07-16 16:57:30,40.70204,-70.88212,3.394
"EN685","14",23,2022-07-16 16:57:38,40.70207,-70.88214,3.437
"EN685","14",24,2022-07-16 16:57:44,40.70208,-70.88214,3.625
"EN685","15",1,2022-07-16 20:48:14,40.8668,-70.88393,39.947
"EN685","15",2,2022-07-16 20:48:21,40.8668,-70.88394,40.202
"EN685","15",3,2022-07-16 20:48:27,40.8668,-70.88396,40.045
"EN685","15",4,2022-07-16 20:49:49,40.8669,-70.88416,29.775
"EN685","15",5,2022-07-16 20:49:55,40.8669,-70.88417,29.699
"EN685","15",6,2022-07-16 20:50:02,40.86691,-70.88418,30.19
"EN685","15",7,2022-07-16 20:51:39,40.86698,-70.88444,15.145
"EN685","15",8,2022-07-16 20:51:45,40.86698,-70.88446,15.112
"EN685","15",9,2022-07-16 20:51:52,40.86698,-70.88446,15.241
"EN685","15",10,2022-07-16 20:51:58,40.86698,-70.88448,15.302
"EN685","15",11,2022-07-16 20:52:05,40.86698,-70.8845,15.159
"EN685","15",12,2022-07-16 20:53:31,40.86706,-70.88472,3.774
"EN685","15",13,2022-07-16 20:53:37,40.86707,-70.88474,3.674
"EN685","15",14,2022-07-16 20:53:44,40.86708,-70.88476,3.485
"EN685","15",15,2022-07-16 20:53:50,40.86708,-70.88477,3.785
"EN685","15",16,2022-07-16 20:53:56,40.8671,-70.88478,3.422
"EN685","15",17,2022-07-16 20:54:02,40.8671,-70.8848,3.549
"EN685","15",18,2022-07-16 20:54:08,40.8671,-70.88482,3.751
"EN685","15",19,2022-07-16 20:54:15,40.86712,-70.88482,3.391
"EN685","15",20,2022-07-16 20:54:21,40.86712,-70.88484,3.844
"EN685","15",21,2022-07-16 20:54:27,40.86712,-70.88484,3.386
"EN685","15",22,2022-07-16 20:54:33,40.86712,-70.88486,3.568
"EN685","15",23,2022-07-16 20:54:39,40.86714,-70.88488,3.853
"EN685","15",24,2022-07-16 20:54:46,40.86716,-70.88488,3.453
"EN685","16",1,2022-07-17 00:55:58,40.3616,-70.89346,46.382
"EN685","16",2,2022-07-17 00:56:04,40.36162,-70.89348,46.375
"EN685","16",3,2022-07-17 00:56:11,40.36165,-70.89348,46.337
"EN685","16",4,2022-07-17 00:56:17,40.36168,-70.8935,46.569
"EN685","16",5,2022-07-17 00:56:23,40.3617,-70.89352,46.514
"EN685","16",6,2022-07-17 00:56:29,40.36172,-70.89354,46.652
"EN685","16",7,2022-07-17 00:58:11,40.36208,-70.89374,38.19
"EN685","16",8,2022-07-17 00:58:17,40.3621,-70.89376,38.092
"EN685","16",9,2022-07-17 00:58:23,40.3621,-70.89376,38.16
"EN685","16",10,2022-07-17 00:58:30,40.36212,-70.89378,38.253
"EN685","16",11,2022-07-17 00:58:36,40.36214,-70.8938,38.124
"EN685","16",12,2022-07-17 00:58:43,40.36216,-70.89382,38.007
"EN685","16",13,2022-07-17 01:00:55,40.36248,-70.89402,30.132
"EN685","16",14,2022-07-17 01:01:00,40.3625,-70.89402,30.114
"EN685","16",15,2022-07-17 01:01:06,40.36252,-70.89403,30.307
"EN685","16",16,2022-07-17 01:01:13,40.36254,-70.89404,29.871
"EN685","16",17,2022-07-17 01:01:20,40.36254,-70.89405,30.189
"EN685","16",18,2022-07-17 01:01:26,40.36256,-70.89406,30.371
"EN685","16",19,2022-07-17 01:05:51,40.3633,-70.89444,19.922
"EN685","16",20,2022-07-17 01:05:58,40.36332,-70.89444,19.931
"EN685","16",21,2022-07-17 01:06:04,40.36335,-70.89448,20.219
"EN685","16",22,2022-07-17 01:08:13,40.36374,-70.89477,3.597
"EN685","16",23,2022-07-17 01:08:19,40.36378,-70.8948,3.726
"EN685","16",24,2022-07-17 01:08:25,40.36378,-70.8948,3.675
"EN685","17",1,2022-07-17 03:27:38,40.2272,-70.8789,30.44
"EN685","17",2,2022-07-17 03:27:44,40.22722,-70.87886,29.55
"EN685","17",3,2022-07-17 03:27:50,40.22722,-70.87886,30.031
"EN685","17",4,2022-07-17 03:27:56,40.22722,-70.87884,30.045
"EN685","17",5,2022-07-17 03:29:31,40.22736,-70.87846,26.951
"EN685","17",6,2022-07-17 03:29:37,40.22736,-70.87844,27.203
"EN685","17",7,2022-07-17 03:29:43,40.22736,-70.87843,26.91
"EN685","17",8,2022-07-17 03:29:50,40.22736,-70.87842,27.199
"EN685","17",9,2022-07-17 03:31:28,40.22746,-70.87808,19.43
"EN685","17",10,2022-07-17 03:31:36,40.22747,-70.87807,19.476
"EN685","17",11,2022-07-17 03:34:01,40.22766,-70.87768,3.707
"EN685","17",12,2022-07-17 03:34:07,40.22766,-70.87766,3.792
"EN685","17",13,2022-07-17 03:34:14,40.22767,-70.87764,3.598
"EN685","17",14,2022-07-17 03:34:21,40.22768,-70.87763,3.627
"EN685","17",15,2022-07-17 03:34:29,40.22768,-70.8776,3.693
"EN685","17",16,2022-07-17 03:34:35,40.22769,-70.8776,3.715
"EN685","17",17,2022-07-17 03:34:41,40.2277,-70.87758,3.745
"EN685","17",18,2022-07-17 03:34:47,40.2277,-70.87756,3.672
"EN685","17",19,2022-07-17 03:34:54,40.2277,-70.87754,3.705
"EN685","17",20,2022-07-17 03:35:00,40.22772,-70.87753,3.751
"EN685","17",21,2022-07-17 03:35:06,40.22772,-70.87752,3.564
"EN685","17",22,2022-07-17 03:35:13,40.22772,-70.8775,3.579
"EN685","17",23,2022-07-17 03:35:19,40.22774,-70.87748,3.677
"EN685","17",24,2022-07-17 03:35:26,40.22774,-70.87746,3.728
"EN685","18",1,2022-07-17 09:01:53,39.64249,-70.88975,40.066
"EN685","18",2,2022-07-17 09:01:59,39.6425,-70.88978,39.994
"EN685","18",3,2022-07-17 09:02:05,39.6425,-70.88978,39.937
"EN685","18",4,2022-07-17 09:02:11,39.64251,-70.8898,39.982
"EN685","18",5,2022-07-17 09:02:17,39.64252,-70.88982,40.152
"EN685","18",6,2022-07-17 09:02:23,39.64254,-70.88984,39.862
"EN685","18",7,2022-07-17 09:03:50,39.6427,-70.89,29.717
"EN685","18",8,2022-07-17 09:03:56,39.64269,-70.89,29.701
"EN685","18",9,2022-07-17 09:04:02,39.64269,-70.89002,29.558
"EN685","18",10,2022-07-17 09:04:08,39.6427,-70.89004,29.732
"EN685","18",11,2022-07-17 09:04:14,39.64272,-70.89004,29.956
"EN685","18",12,2022-07-17 09:04:21,39.64272,-70.89004,29.608
"EN685","18",13,2022-07-17 09:05:44,39.64282,-70.89019,18.495
"EN685","18",14,2022-07-17 09:05:50,39.64282,-70.8902,18.953
"EN685","18",15,2022-07-17 09:05:57,39.64282,-70.8902,18.587
"EN685","18",16,2022-07-17 09:06:03,39.64284,-70.8902,18.37
"EN685","18",17,2022-07-17 09:06:09,39.64284,-70.89022,18.765
"EN685","18",18,2022-07-17 09:06:16,39.64284,-70.89022,18.519
"EN685","18",19,2022-07-17 09:07:40,39.6429,-70.89034,4.031
"EN685","18",20,2022-07-17 09:07:46,39.6429,-70.89034,4.022
"EN685","18",21,2022-07-17 09:07:52,39.64292,-70.89034,4.07
"EN685","18",22,2022-07-17 09:07:58,39.64292,-70.89034,3.821
"EN685","18",23,2022-07-17 09:08:04,39.64293,-70.89036,4.119
"EN685","18",24,2022-07-17 09:08:11,39.64292,-70.89038,3.803
"EN685","19",1,2022-07-17 13:25:34,40.22882,-70.88266,35.248
"EN685","19",2,2022-07-17 13:25:40,40.22882,-70.88266,35.245
"EN685","19",3,2022-07-17 13:28:51,40.22882,-70.88266,29.094
"EN685","19",4,2022-07-17 13:29:00,40.22882,-70.88266,29.244
"EN685","19",5,2022-07-17 13:29:06,40.22882,-70.88266,29.313
"EN685","19",6,2022-07-17 13:29:14,40.22882,-70.88266,29.153
"EN685","19",7,2022-07-17 13:29:20,40.22882,-70.88266,29.216
"EN685","19",8,2022-07-17 13:29:27,40.22882,-70.88266,29.445
"EN685","19",9,2022-07-17 13:29:34,40.22882,-70.88266,29.112
"EN685","19",10,2022-07-17 13:29:40,40.22882,-70.88266,29.235
"EN685","19",11,2022-07-17 13:29:48,40.22882,-70.88266,29.153
"EN685","19",12,2022-07-17 13:31:25,40.22882,-70.88266,20.628
"EN685","19",13,2022-07-17 13:31:32,40.22882,-70.88266,20.231
"EN685","19",14,2022-07-17 13:31:38,40.22882,-70.88266,20.303
"EN685","19",15,2022-07-17 13:33:47,40.22882,-70.88266,15.949
"EN685","19",16,2022-07-17 13:33:53,40.22882,-70.88266,16.179
"EN685","19",17,2022-07-17 13:35:47,40.22882,-70.88266,3.796
"EN685","19",18,2022-07-17 13:35:54,40.22882,-70.88266,3.621
"EN685","19",19,2022-07-17 13:36:00,40.22882,-70.88266,3.713
"EN685","19",20,2022-07-17 13:36:07,40.22882,-70.88266,3.566
"EN685","19",21,2022-07-17 13:36:15,40.22882,-70.88266,3.72
"EN685","19",22,2022-07-17 13:36:21,40.22882,-70.88266,3.575
"EN685","19",23,2022-07-17 13:36:28,40.22882,-70.88266,3.936
"EN685","19",24,2022-07-17 13:36:35,40.22882,-70.88266,3.589
"EN685","20",1,2022-07-17 17:32:39,39.94558,-70.8776,39.965
"EN685","20",2,2022-07-17 17:32:46,39.94558,-70.87758,40.123
"EN685","20",3,2022-07-17 17:32:53,39.94561,-70.87757,40.603
"EN685","20",4,2022-07-17 17:34:25,39.94576,-70.8773,29.699
"EN685","20",5,2022-07-17 17:34:32,39.94574,-70.8773,29.582
"EN685","20",6,2022-07-17 17:34:39,39.94574,-70.87728,30.115
"EN685","20",7,2022-07-17 17:36:11,39.94586,-70.87698,18.181
"EN685","20",8,2022-07-17 17:36:18,39.94586,-70.87696,17.691
"EN685","20",9,2022-07-17 17:36:25,39.94588,-70.87694,17.741
"EN685","20",10,2022-07-17 17:36:31,39.94588,-70.87691,17.855
"EN685","20",11,2022-07-17 17:36:38,39.9459,-70.8769,17.571
"EN685","20",12,2022-07-17 17:36:45,39.9459,-70.87686,18.027
"EN685","20",13,2022-07-17 17:36:51,39.9459,-70.87686,17.846
"EN685","20",14,2022-07-17 17:36:58,39.94591,-70.87684,17.74
"EN685","20",15,2022-07-17 17:37:05,39.94592,-70.87681,18.214
"EN685","20",16,2022-07-17 17:38:35,39.94599,-70.87652,3.092
"EN685","20",17,2022-07-17 17:38:41,39.94599,-70.8765,3.11
"EN685","20",18,2022-07-17 17:38:48,39.946,-70.87647,3.165
"EN685","20",19,2022-07-17 17:38:55,39.94602,-70.87644,2.63
"EN685","20",20,2022-07-17 17:39:01,39.94602,-70.87643,3.202
"EN685","20",21,2022-07-17 17:39:08,39.94602,-70.8764,3.078
"EN685","20",22,2022-07-17 17:39:15,39.946,-70.87639,2.704
"EN685","20",23,2022-07-17 17:39:24,39.946,-70.87636,2.773
"EN685","20",24,2022-07-17 17:39:31,39.94602,-70.87633,3.248
"EN685","21",1,2022-07-18 01:05:57,40.36038,-70.88072,40.302
"EN685","21",2,2022-07-18 01:06:05,40.3604,-70.88072,40.389
"EN685","21",3,2022-07-18 01:06:11,40.36042,-70.88072,39.948
"EN685","21",4,2022-07-18 01:08:24,40.36052,-70.88098,30.166
"EN685","21",5,2022-07-18 01:08:31,40.36054,-70.88099,29.968
"EN685","21",6,2022-07-18 01:08:39,40.36054,-70.88101,30.206
"EN685","21",7,2022-07-18 01:10:12,40.36064,-70.88118,23.868
"EN685","21",8,2022-07-18 01:10:18,40.36065,-70.8812,23.721
"EN685","21",9,2022-07-18 01:10:25,40.36066,-70.88122,23.718
"EN685","21",10,2022-07-18 01:12:09,40.3608,-70.8814,15.021
"EN685","21",11,2022-07-18 01:12:17,40.36082,-70.88142,14.893
"EN685","21",12,2022-07-18 01:12:24,40.36082,-70.88144,14.57
"EN685","21",13,2022-07-18 01:13:57,40.36096,-70.8816,3.272
"EN685","21",14,2022-07-18 01:14:03,40.36097,-70.8816,3.076
"EN685","21",15,2022-07-18 01:14:09,40.36098,-70.8816,3.205
"EN685","21",16,2022-07-18 01:14:15,40.36098,-70.88162,3.454
"EN685","21",17,2022-07-18 01:14:21,40.361,-70.88162,3.336
"EN685","21",18,2022-07-18 01:14:27,40.36101,-70.88164,3.315
"EN685","21",19,2022-07-18 01:14:33,40.36102,-70.88164,3.067
"EN685","21",20,2022-07-18 01:14:39,40.36102,-70.88165,3.28
"EN685","21",21,2022-07-18 01:14:45,40.36102,-70.88166,3.34
"EN685","21",22,2022-07-18 01:14:49,40.36104,-70.88166,3.25
"EN685","21",23,2022-07-18 01:14:56,40.36104,-70.88167,3.234
"EN685","21",24,2022-07-18 01:15:02,40.36106,-70.88168,3.381
"EN685","22",1,2022-07-18 10:17:42,41.20106,-70.8815,13.381
"EN685","22",2,2022-07-18 10:17:51,41.20106,-70.88152,13.316
"EN685","22",3,2022-07-18 10:17:58,41.20106,-70.88152,13.047
"EN685","22",4,2022-07-18 10:18:09,41.20106,-70.88154,12.951
"EN685","22",5,2022-07-18 10:18:16,41.20106,-70.88154,13.307
"EN685","22",6,2022-07-18 10:18:22,41.20106,-70.88156,13.22
"EN685","22",7,2022-07-18 10:18:32,41.20105,-70.88157,13.31
"EN685","22",8,2022-07-18 10:19:42,41.20111,-70.88168,9.608
"EN685","22",9,2022-07-18 10:19:55,41.20114,-70.8817,9.742
"EN685","22",10,2022-07-18 10:20:01,41.20116,-70.8817,9.737
"EN685","22",11,2022-07-18 10:20:18,41.20115,-70.88174,9.853
"EN685","22",12,2022-07-18 10:20:29,41.20118,-70.88176,9.665
"EN685","22",13,2022-07-18 10:21:17,41.20122,-70.88186,6.788
"EN685","22",14,2022-07-18 10:21:23,41.20124,-70.88188,7.048
"EN685","22",15,2022-07-18 10:21:30,41.20124,-70.88188,7.035
"EN685","22",16,2022-07-18 10:21:36,41.20126,-70.8819,6.857
"EN685","22",17,2022-07-18 10:21:43,41.20126,-70.88192,7.148
"EN685","22",18,2022-07-18 10:21:51,41.20127,-70.88194,6.864
"EN685","22",19,2022-07-18 10:21:58,41.20128,-70.88194,6.742
"EN685","22",20,2022-07-18 10:22:34,41.20132,-70.88202,2.676
"EN685","22",21,2022-07-18 10:22:40,41.20134,-70.88203,2.751
"EN685","22",22,2022-07-18 10:22:46,41.20134,-70.88204,2.932
"EN685","22",23,2022-07-18 10:22:53,41.20134,-70.88204,2.655
"EN685","22",24,2022-07-18 10:23:00,41.20136,-70.88206,2.844
"EN687","1",1,2022-07-29 19:19:29,41.18946,-70.87582,18.109
"EN687","1",2,2022-07-29 19:19:35,41.18947,-70.87581,17.913
"EN687","1",3,2022-07-29 19:22:10,41.1897,-70.87546,16.013
"EN687","1",4,2022-07-29 19:22:22,41.18972,-70.87544,15.998
"EN687","1",5,2022-07-29 19:22:29,41.18974,-70.87542,15.899
"EN687","1",6,2022-07-29 19:22:40,41.18976,-70.87538,15.736
"EN687","1",7,2022-07-29 19:22:48,41.18978,-70.87536,16.093
"EN687","1",8,2022-07-29 19:22:54,41.18978,-70.87534,15.826
"EN687","1",9,2022-07-29 19:23:00,41.1898,-70.87532,15.499
"EN687","1",10,2022-07-29 19:24:44,41.1898,-70.87488,13.285
"EN687","1",11,2022-07-29 19:24:53,41.18982,-70.87485,13.476
"EN687","1",12,2022-07-29 19:25:01,41.18978,-70.87481,13.391
"EN687","1",13,2022-07-29 19:25:08,41.18978,-70.87478,13.435
"EN687","1",14,2022-07-29 19:25:16,41.18978,-70.87474,13.414
"EN687","1",15,2022-07-29 19:26:48,41.18964,-70.87441,3.468
"EN687","1",16,2022-07-29 19:26:54,41.18966,-70.87438,3.238
"EN687","1",17,2022-07-29 19:27:02,41.18964,-70.87436,3.006
"EN687","1",18,2022-07-29 19:27:11,41.18964,-70.87434,3.196
"EN687","1",19,2022-07-29 19:27:19,41.18962,-70.87432,3.192
"EN687","1",20,2022-07-29 19:27:26,41.1896,-70.8743,3.059
"EN687","1",21,2022-07-29 19:27:35,41.1896,-70.87428,3.2
"EN687","1",22,2022-07-29 19:27:42,41.18958,-70.87424,3.11
"EN687","1",23,2022-07-29 19:27:49,41.18958,-70.87422,3.285
"EN687","1",24,2022-07-29 19:28:03,41.18954,-70.87416,3.166
"EN687","2",1,2022-07-30 03:00:07,41.02739,-70.8836,41.17
"EN687","2",2,2022-07-30 03:00:14,41.02738,-70.8836,41.132
"EN687","2",3,2022-07-30 03:03:05,41.0269,-70.88334,30.159
"EN687","2",4,2022-07-30 03:03:19,41.02686,-70.88333,30.285
"EN687","2",5,2022-07-30 03:05:11,41.02664,-70.88314,24.707
"EN687","2",6,2022-07-30 03:05:18,41.02664,-70.88312,24.879
"EN687","2",7,2022-07-30 03:05:24,41.02662,-70.88312,25.052
"EN687","2",8,2022-07-30 03:05:31,41.02662,-70.8831,25.184
"EN687","2",9,2022-07-30 03:06:55,41.02644,-70.88295,13.652
"EN687","2",10,2022-07-30 03:07:02,41.02642,-70.88294,13.464
"EN687","2",11,2022-07-30 03:07:08,41.02642,-70.88292,13.909
"EN687","2",12,2022-07-30 03:07:14,41.0264,-70.8829,13.656
"EN687","2",13,2022-07-30 03:07:22,41.0264,-70.88288,13.792
"EN687","2",14,2022-07-30 03:07:32,41.02638,-70.88286,13.721
"EN687","2",15,2022-07-30 03:09:05,41.02624,-70.88264,2.922
"EN687","2",16,2022-07-30 03:09:12,41.02624,-70.88262,3.012
"EN687","2",17,2022-07-30 03:09:19,41.02624,-70.88262,3.053
"EN687","2",18,2022-07-30 03:09:25,41.02622,-70.8826,2.665
"EN687","2",19,2022-07-30 03:09:33,41.02622,-70.88258,2.76
"EN687","2",20,2022-07-30 03:09:39,41.02622,-70.88256,2.977
"EN687","2",21,2022-07-30 03:09:46,41.02621,-70.88256,2.823
"EN687","2",22,2022-07-30 03:09:54,41.0262,-70.88254,2.694
"EN687","2",23,2022-07-30 03:10:03,41.0262,-70.88252,2.769
"EN687","2",24,2022-07-30 03:10:19,41.02616,-70.88248,2.988
"EN687","3",1,2022-07-30 08:13:00,40.69447,-70.77372,15.049
"EN687","3",2,2022-07-30 08:13:13,40.69448,-70.77374,15.269
"EN687","3",3,2022-07-30 08:14:37,40.69448,-70.77388,3.335
"EN687","3",4,2022-07-30 08:14:54,40.69447,-70.77392,3.563
"EN687","4",1,2022-07-30 09:46:11,40.69518,-70.99426,2.953
"EN687","4",2,2022-07-30 09:46:21,40.69518,-70.99428,3.128
"EN687","4",3,2022-07-30 09:46:26,40.69518,-70.9943,3.054
"EN687","4",4,2022-07-30 09:46:32,40.69518,-70.9943,3.215
"EN687","4",5,2022-07-30 09:46:38,40.69518,-70.99432,3.076
"EN687","5",1,2022-07-30 11:46:58,40.7006,-70.8843,62.023
"EN687","5",2,2022-07-30 11:47:05,40.70065,-70.88434,62.087
"EN687","5",3,2022-07-30 11:50:11,40.70163,-70.88464,40.327
"EN687","5",4,2022-07-30 11:50:24,40.70168,-70.88468,40.252
"EN687","5",5,2022-07-30 11:50:40,40.70176,-70.8847,40.329
"EN687","5",6,2022-07-30 11:50:59,40.70184,-70.88472,40.223
"EN687","5",7,2022-07-30 11:52:53,40.7023,-70.88494,30.255
"EN687","5",8,2022-07-30 11:53:00,40.70232,-70.88496,30.317
"EN687","5",9,2022-07-30 11:53:06,40.70234,-70.88498,30.424
"EN687","5",10,2022-07-30 11:53:13,40.70237,-70.885,30.257
"EN687","5",11,2022-07-30 11:53:22,40.70241,-70.885,30.217
"EN687","5",12,2022-07-30 11:53:29,40.70243,-70.88502,30.422
"EN687","5",13,2022-07-30 11:54:53,40.70275,-70.88518,16.088
"EN687","5",14,2022-07-30 11:55:00,40.70276,-70.8852,15.989
"EN687","5",15,2022-07-30 11:55:06,40.70279,-70.8852,15.817
"EN687","5",16,2022-07-30 11:55:13,40.70282,-70.88522,15.782
"EN687","5",17,2022-07-30 11:56:20,40.70304,-70.88534,8.968
"EN687","5",18,2022-07-30 11:57:38,40.70332,-70.88542,2.871
"EN687","5",19,2022-07-30 11:57:47,40.70335,-70.88542,2.924
"EN687","5",20,2022-07-30 11:57:54,40.70336,-70.88544,2.931
"EN687","5",21,2022-07-30 11:58:01,40.70338,-70.88544,2.974
"EN687","5",22,2022-07-30 11:58:08,40.7034,-70.88544,2.991
"EN687","5",23,2022-07-30 11:58:15,40.7034,-70.88546,2.826
"EN687","5",24,2022-07-30 11:58:21,40.70343,-70.88544,2.901
"EN687","6",1,2022-07-30 14:15:04,40.51496,-70.89078,70.201
"EN687","6",2,2022-07-30 14:15:10,40.51496,-70.89084,70.794
"EN687","6",3,2022-07-30 14:16:41,40.51522,-70.89158,55.3
"EN687","6",4,2022-07-30 14:16:52,40.51526,-70.89164,55.395
"EN687","6",5,2022-07-30 14:18:20,40.51552,-70.8923,42.136
"EN687","6",6,2022-07-30 14:18:34,40.51556,-70.89238,41.271
"EN687","6",7,2022-07-30 14:19:45,40.51578,-70.89289,33.266
"EN687","6",8,2022-07-30 14:19:55,40.51582,-70.89296,33.392
"EN687","6",9,2022-07-30 14:22:33,40.51626,-70.8938,33.407
"EN687","6",10,2022-07-30 14:23:39,40.5164,-70.89399,23.235
"EN687","6",11,2022-07-30 14:23:47,40.51641,-70.89406,23.002
"EN687","6",12,2022-07-30 14:25:01,40.51652,-70.89447,14.65
"EN687","6",13,2022-07-30 14:25:08,40.51652,-70.89451,14.642
"EN687","6",14,2022-07-30 14:26:25,40.51666,-70.89505,2.985
"EN687","6",15,2022-07-30 14:26:32,40.51668,-70.8951,2.999
"EN687","6",16,2022-07-30 14:26:39,40.51666,-70.89516,3.13
"EN687","6",17,2022-07-30 14:26:47,40.51669,-70.8952,3.059
"EN687","6",18,2022-07-30 14:26:56,40.51671,-70.89527,3.198
"EN687","7",1,2022-07-31 06:32:00,39.92178,-70.89026,483.425
"EN687","7",2,2022-07-31 06:32:09,39.92174,-70.89028,483.89
"EN687","7",3,2022-07-31 06:36:48,39.92099,-70.89148,352.854
"EN687","7",4,2022-07-31 06:43:26,39.92,-70.89349,205.765
"EN687","7",5,2022-07-31 06:48:15,39.91938,-70.8948,92.769
"EN687","7",6,2022-07-31 06:52:57,39.91868,-70.89636,39.488
"EN687","7",7,2022-07-31 06:54:57,39.91844,-70.89712,30.83
"EN687","7",8,2022-07-31 06:55:04,39.91843,-70.89717,30.771
"EN687","7",9,2022-07-31 06:55:11,39.91842,-70.8972,30.885
"EN687","7",10,2022-07-31 06:55:19,39.9184,-70.89727,31.292
"EN687","7",11,2022-07-31 06:55:25,39.91838,-70.8973,31.288
"EN687","7",12,2022-07-31 06:55:34,39.91836,-70.89736,30.931
"EN687","7",13,2022-07-31 06:55:43,39.91834,-70.8974,31.043
"EN687","7",14,2022-07-31 06:58:28,39.91804,-70.89846,15.09
"EN687","7",15,2022-07-31 06:58:36,39.91802,-70.8985,15.059
"EN687","7",16,2022-07-31 06:58:43,39.918,-70.89852,14.955
"EN687","7",17,2022-07-31 06:58:49,39.918,-70.89859,14.673
"EN687","7",18,2022-07-31 07:01:29,39.91777,-70.89966,2.915
"EN687","7",19,2022-07-31 07:01:35,39.91776,-70.89968,3.318
"EN687","7",20,2022-07-31 07:01:42,39.91776,-70.89972,3.174
"EN687","7",21,2022-07-31 07:01:48,39.91774,-70.89977,3.167
"EN687","7",22,2022-07-31 07:01:54,39.91774,-70.8998,3.128
"EN687","7",23,2022-07-31 07:02:01,39.91774,-70.89984,3.175
"EN687","7",24,2022-07-31 07:02:07,39.91774,-70.89991,3.039
"EN687","8",1,2022-07-31 11:43:37,39.77412,-70.78889,16.281
"EN687","8",2,2022-07-31 11:43:45,39.77411,-70.78893,16.333
"EN687","8",3,2022-07-31 11:45:50,39.77414,-70.78972,2.857
"EN687","8",4,2022-07-31 11:45:58,39.77416,-70.78978,2.805
"EN687","9",1,2022-07-31 13:22:39,39.77658,-71.00307,33.916
"EN687","9",2,2022-07-31 13:22:55,39.77662,-71.00318,34.061
"EN687","9",3,2022-07-31 13:25:11,39.77686,-71.00412,18.007
"EN687","9",4,2022-07-31 13:25:22,39.7769,-71.00422,17.996
"EN687","9",5,2022-07-31 13:27:28,39.77716,-71.00506,3.202
"EN687","9",6,2022-07-31 13:27:40,39.77718,-71.00514,3.241
"EN687","10",1,2022-07-31 16:05:59,39.77891,-70.88774,500.257
"EN687","10",2,2022-07-31 16:06:06,39.77894,-70.88776,500.56
"EN687","10",3,2022-07-31 16:13:33,39.78002,-70.88954,200.991
"EN687","10",4,2022-07-31 16:17:10,39.7805,-70.89038,90.498
"EN687","10",5,2022-07-31 16:20:07,39.78099,-70.89099,49.98
"EN687","10",6,2022-07-31 16:20:21,39.78103,-70.89104,50.435
"EN687","10",7,2022-07-31 16:20:43,39.7811,-70.8911,50.15
"EN687","10",8,2022-07-31 16:23:12,39.78155,-70.89156,37.61
"EN687","10",9,2022-07-31 16:23:31,39.78162,-70.89161,37.363
"EN687","10",10,2022-07-31 16:23:44,39.78167,-70.89164,37.651
"EN687","10",11,2022-07-31 16:23:58,39.78172,-70.89168,37.51
"EN687","10",12,2022-07-31 16:25:51,39.78206,-70.89198,23.025
"EN687","10",13,2022-07-31 16:26:12,39.78214,-70.89202,23.07
"EN687","10",14,2022-07-31 16:26:25,39.78218,-70.89206,23.017
"EN687","10",15,2022-07-31 16:26:41,39.78224,-70.89211,22.951
"EN687","10",16,2022-07-31 16:26:58,39.78228,-70.89216,23.094
"EN687","10",17,2022-07-31 16:27:12,39.78233,-70.8922,22.787
"EN687","10",18,2022-07-31 16:28:40,39.78262,-70.89242,12.188
"EN687","10",19,2022-07-31 16:30:15,39.78296,-70.8927,2.767
"EN687","10",20,2022-07-31 16:30:39,39.78306,-70.89278,2.759
"EN687","10",21,2022-07-31 16:30:58,39.78313,-70.89284,2.581
"EN687","10",22,2022-07-31 16:31:14,39.7832,-70.89289,2.924
"EN687","10",23,2022-07-31 16:31:29,39.78324,-70.89294,2.572
"EN687","10",24,2022-07-31 16:31:45,39.78328,-70.89298,2.913
"EN687","11",1,2022-08-01 04:01:45,40.0931,-70.77272,15.694
"EN687","11",2,2022-08-01 04:01:56,40.09306,-70.7727,15.672
"EN687","11",3,2022-08-01 04:04:12,40.09259,-70.77251,2.855
"EN687","11",4,2022-08-01 04:04:22,40.09258,-70.7725,2.887
"EN687","11",5,2022-08-01 04:04:30,40.09254,-70.77249,2.784
"EN687","12",1,2022-08-01 05:45:46,40.09694,-70.99008,3.096
"EN687","12",2,2022-08-01 05:45:54,40.09694,-70.99006,2.965
"EN687","13",1,2022-08-01 07:49:17,40.09189,-70.88194,144.798
"EN687","13",2,2022-08-01 07:49:21,40.09188,-70.88194,144.521
"EN687","13",3,2022-08-01 07:52:45,40.0912,-70.8813,121.169
"EN687","13",4,2022-08-01 07:52:48,40.0912,-70.8813,120.856
"EN687","13",5,2022-08-01 07:55:48,40.09094,-70.88076,90.291
"EN687","13",6,2022-08-01 07:56:00,40.09092,-70.88072,90.236
"EN687","13",7,2022-08-01 07:58:37,40.09038,-70.88034,55.857
"EN687","13",8,2022-08-01 07:58:44,40.09034,-70.88032,55.949
"EN687","13",9,2022-08-01 08:00:41,40.0899,-70.87994,42.159
"EN687","13",10,2022-08-01 08:00:48,40.08988,-70.87992,42.237
"EN687","13",11,2022-08-01 08:02:26,40.08956,-70.87959,31.993
"EN687","13",12,2022-08-01 08:02:33,40.08954,-70.87956,32.024
"EN687","13",13,2022-08-01 08:02:40,40.08952,-70.87954,32.226
"EN687","13",14,2022-08-01 08:02:48,40.08952,-70.87952,32.063
"EN687","13",15,2022-08-01 08:05:02,40.08922,-70.87906,14.969
"EN687","13",16,2022-08-01 08:05:10,40.0892,-70.87905,14.883
"EN687","13",17,2022-08-01 08:05:17,40.0892,-70.87902,14.919
"EN687","13",18,2022-08-01 08:07:26,40.08894,-70.87862,3.303
"EN687","13",19,2022-08-01 08:07:33,40.08892,-70.8786,3.446
"EN687","13",20,2022-08-01 08:07:41,40.08892,-70.87858,3.072
"EN687","13",21,2022-08-01 08:07:49,40.0889,-70.87856,3.058
"EN687","13",22,2022-08-01 08:07:59,40.08887,-70.87852,3.006
"EN687","14",1,2022-08-01 10:14:39,39.94494,-70.77388,72.904
"EN687","15",1,2022-08-01 10:52:33,39.94826,-70.76906,35.11
"EN687","15",2,2022-08-01 10:52:41,39.94827,-70.76908,35.118
"EN687","15",3,2022-08-01 10:54:45,39.94844,-70.7695,16.335
"EN687","15",4,2022-08-01 10:54:51,39.94846,-70.76952,16.231
"EN687","15",5,2022-08-01 10:56:46,39.9486,-70.76984,2.771
"EN687","15",6,2022-08-01 10:56:53,39.94862,-70.76988,2.832
"EN687","15",7,2022-08-01 10:57:00,39.94861,-70.76988,2.839
"EN687","16",1,2022-08-01 13:27:09,40.14238,-70.7726,128.116
"EN687","16",2,2022-08-01 13:35:15,40.14362,-70.77302,89.845
"EN687","16",3,2022-08-01 13:37:52,40.14399,-70.77321,53.371
"EN687","16",4,2022-08-01 13:37:59,40.144,-70.7732,53.17
"EN687","16",5,2022-08-01 13:38:07,40.14402,-70.77322,53.538
"EN687","16",6,2022-08-01 13:38:16,40.14402,-70.77324,53.431
"EN687","16",7,2022-08-01 13:40:06,40.14428,-70.77336,46.163
"EN687","16",8,2022-08-01 13:41:48,40.14452,-70.7735,36.18
"EN687","16",9,2022-08-01 13:41:56,40.14452,-70.77352,36.361
"EN687","16",10,2022-08-01 13:42:03,40.14454,-70.77352,36.402
"EN687","16",11,2022-08-01 13:42:13,40.14456,-70.77352,36.124
"EN687","16",12,2022-08-01 13:44:26,40.1448,-70.7736,19.12
"EN687","16",13,2022-08-01 13:44:33,40.14482,-70.7736,19.285
"EN687","16",14,2022-08-01 13:44:39,40.14484,-70.7736,19.35
"EN687","16",15,2022-08-01 13:44:46,40.14484,-70.7736,19.218
"EN687","16",16,2022-08-01 13:44:53,40.14486,-70.7736,19.376
"EN687","16",17,2022-08-01 13:45:00,40.14486,-70.7736,19.204
"EN687","16",18,2022-08-01 13:47:12,40.14514,-70.77372,2.71
"EN687","16",19,2022-08-01 13:47:19,40.14515,-70.77372,2.708
"EN687","16",20,2022-08-01 13:47:25,40.14517,-70.77374,2.798
"EN687","16",21,2022-08-01 13:47:31,40.14516,-70.77375,2.788
"EN687","16",22,2022-08-01 13:47:38,40.14518,-70.77376,2.869
"EN687","16",23,2022-08-01 13:47:46,40.1452,-70.77376,2.799
"EN687","16",24,2022-08-01 13:47:54,40.1452,-70.77376,2.725
"EN687","17",1,2022-08-02 00:53:55,40.6985,-70.87934,23.332
"EN687","17",2,2022-08-02 00:54:10,40.69852,-70.8793,23
"EN687","17",3,2022-08-02 00:54:24,40.69856,-70.87926,23.118
"EN687","17",4,2022-08-02 00:54:36,40.69858,-70.87924,23.21
"EN687","17",5,2022-08-02 00:56:18,40.6988,-70.87906,3.026
"EN687","17",6,2022-08-02 00:56:29,40.69882,-70.87905,2.766
"EN687","17",7,2022-08-02 00:56:41,40.69884,-70.87903,3.133
"EN687","17",8,2022-08-02 00:56:52,40.69886,-70.87901,3.286
"EN687","18",1,2022-08-02 03:28:14,40.3602,-70.8818,88.125
"EN687","18",2,2022-08-02 03:28:21,40.36022,-70.88178,88.273
"EN687","18",3,2022-08-02 03:33:15,40.35981,-70.88047,54.879
"EN687","18",4,2022-08-02 03:36:28,40.35955,-70.87964,40.473
"EN687","18",5,2022-08-02 03:36:35,40.35953,-70.8796,40.351
"EN687","18",6,2022-08-02 03:38:52,40.35938,-70.87903,30.188
"EN687","18",7,2022-08-02 03:39:08,40.35936,-70.87896,30.161
"EN687","18",8,2022-08-02 03:39:15,40.35934,-70.87896,30.265
"EN687","18",9,2022-08-02 03:41:14,40.35916,-70.87846,18.976
"EN687","18",10,2022-08-02 03:41:21,40.35914,-70.87843,19.126
"EN687","18",11,2022-08-02 03:41:29,40.35914,-70.87841,18.974
"EN687","18",12,2022-08-02 03:41:37,40.35916,-70.8784,19.031
"EN687","18",13,2022-08-02 03:41:44,40.35913,-70.87836,18.971
"EN687","18",14,2022-08-02 03:41:51,40.35912,-70.87834,18.849
"EN687","18",15,2022-08-02 03:41:57,40.35912,-70.87831,18.969
"EN687","18",16,2022-08-02 03:44:52,40.35888,-70.87758,14.078
"EN687","18",17,2022-08-02 03:44:58,40.35887,-70.87756,14.205
"EN687","18",18,2022-08-02 03:45:25,40.35884,-70.87747,14.139
"EN687","18",19,2022-08-02 03:47:15,40.35866,-70.877,3.324
"EN687","18",20,2022-08-02 03:47:22,40.35864,-70.87697,3.074
"EN687","18",21,2022-08-02 03:47:29,40.35865,-70.87694,3.394
"EN687","18",22,2022-08-02 03:47:37,40.35864,-70.87691,3.167
"EN687","18",23,2022-08-02 03:47:46,40.35864,-70.87688,3.199
"EN687","18",24,2022-08-02 03:47:53,40.35863,-70.87685,3.306
"EN687","19",1,2022-08-02 06:30:06,40.35634,-70.7744,17.129
"EN687","19",2,2022-08-02 06:30:19,40.35624,-70.77442,17.029
"EN687","19",3,2022-08-02 06:32:28,40.3555,-70.77446,3.371
"EN687","19",4,2022-08-02 06:32:36,40.35546,-70.77446,3.415
"EN687","20",1,2022-08-02 08:04:49,40.35648,-70.99606,3.398
"EN687","20",2,2022-08-02 08:04:56,40.35644,-70.99606,3.209
"EN687","21",1,2022-08-02 11:02:21,40.22808,-70.87619,120.502
"EN687","21",2,2022-08-02 11:02:32,40.22806,-70.87613,120.419
"EN687","21",3,2022-08-02 11:05:47,40.22788,-70.87522,94.784
"EN687","21",4,2022-08-02 11:05:56,40.22786,-70.87518,95.144
"EN687","21",5,2022-08-02 11:11:01,40.2275,-70.87366,61.514
"EN687","21",6,2022-08-02 11:11:08,40.2275,-70.87364,61.406
"EN687","21",7,2022-08-02 11:13:12,40.22732,-70.87296,41.949
"EN687","21",8,2022-08-02 11:13:19,40.22732,-70.87291,41.497
"EN687","21",9,2022-08-02 11:15:06,40.22728,-70.87236,31.692
"EN687","21",10,2022-08-02 11:15:17,40.22728,-70.87231,31.671
"EN687","21",11,2022-08-02 11:15:25,40.22728,-70.87228,31.768
"EN687","21",12,2022-08-02 11:15:35,40.22726,-70.87224,31.688
"EN687","21",13,2022-08-02 11:17:22,40.2271,-70.87168,21.767
"EN687","21",14,2022-08-02 11:17:29,40.22708,-70.87166,21.97
"EN687","21",15,2022-08-02 11:17:47,40.22706,-70.87155,21.556
"EN687","21",16,2022-08-02 11:17:54,40.22706,-70.87148,21.521
"EN687","21",17,2022-08-02 11:20:03,40.22694,-70.87066,3.247
"EN687","21",18,2022-08-02 11:20:10,40.22692,-70.87062,2.923
"EN687","21",19,2022-08-02 11:20:17,40.22692,-70.8706,3.284
"EN687","21",20,2022-08-02 11:20:24,40.22692,-70.87054,2.837
"EN687","21",21,2022-08-02 11:20:31,40.22692,-70.8705,3.35
"EN687","22",1,2022-08-02 21:17:49,40.8629,-70.87852,48.581
"EN687","22",2,2022-08-02 21:18:00,40.86292,-70.87844,48.579
"EN687","22",3,2022-08-02 21:19:48,40.86302,-70.8778,35.525
"EN687","22",4,2022-08-02 21:19:56,40.86302,-70.87776,35.814
"EN687","22",5,2022-08-02 21:20:04,40.86302,-70.87772,35.561
"EN687","22",6,2022-08-02 21:22:10,40.86316,-70.87702,23.971
"EN687","22",7,2022-08-02 21:22:17,40.86316,-70.87698,23.742
"EN687","22",8,2022-08-02 21:22:23,40.86316,-70.87695,23.866
"EN687","22",9,2022-08-02 21:22:31,40.86318,-70.87691,23.991
"EN687","22",10,2022-08-02 21:24:19,40.86328,-70.87639,15.316
"EN687","22",11,2022-08-02 21:24:26,40.8633,-70.87634,15.266
"EN687","22",12,2022-08-02 21:24:38,40.8633,-70.87629,15.177
"EN687","22",13,2022-08-02 21:26:52,40.86342,-70.87558,3.236
"EN687","22",14,2022-08-02 21:27:02,40.8634,-70.87553,3.212
"EN687","22",15,2022-08-02 21:27:12,40.8634,-70.87548,3.375
"EN687","22",16,2022-08-02 21:27:24,40.86342,-70.8754,3.229
"EN687","22",17,2022-08-02 21:27:32,40.86342,-70.87536,3.896
"EN687","22",18,2022-08-02 21:27:39,40.86344,-70.87532,3.904
"EN687","23",1,2022-08-03 01:28:46,41.0317,-70.88352,25.384
"EN687","23",2,2022-08-03 01:28:53,41.0317,-70.8835,25.399
"EN687","23",3,2022-08-03 01:30:37,41.03166,-70.88328,20.172
"EN687","23",4,2022-08-03 01:30:45,41.03166,-70.88324,20.33
"EN687","23",5,2022-08-03 01:32:31,41.03164,-70.88306,14.879
"EN687","23",6,2022-08-03 01:32:38,41.03164,-70.88304,14.838
"EN687","23",7,2022-08-03 01:34:32,41.03162,-70.88286,3.801
"EN687","23",8,2022-08-03 01:34:40,41.03162,-70.88282,3.519
"EN687","23",9,2022-08-03 01:34:49,41.03162,-70.8828,3.574
"EN687","24",1,2022-08-03 02:32:52,41.02826,-70.7706,14.854
"EN687","24",2,2022-08-03 02:32:59,41.02824,-70.77056,14.945
"EN687","24",3,2022-08-03 02:34:50,41.02822,-70.77028,3.226
"EN687","24",4,2022-08-03 02:34:57,41.02822,-70.77024,3.436
"EN687","25",1,2022-08-03 04:05:06,41.028,-70.99286,2.911
"EN687","25",2,2022-08-03 04:05:19,41.02796,-70.99286,2.948
"EN687","26",1,2022-08-03 08:01:41,41.31834,-70.5758,15.347
"EN687","26",2,2022-08-03 08:01:48,41.31834,-70.5758,15.49
"EN687","26",3,2022-08-03 08:03:27,41.31832,-70.57568,9.257
"EN687","26",4,2022-08-03 08:03:35,41.31832,-70.57568,9.402
"EN687","26",5,2022-08-03 08:05:14,41.31824,-70.57554,3.005
"EN687","26",6,2022-08-03 08:05:22,41.31822,-70.57553,2.894
"EN687","26",7,2022-08-03 08:05:29,41.31822,-70.57552,2.907
"EN687","26",8,2022-08-03 08:05:35,41.31822,-70.5755,2.953
"AR70B","1",1,2022-11-17 18:57:33,41.028667,-70.882333,39.8119459571617
"AR70B","1",2,2022-11-17 18:57:48,41.028667,-70.882333,39.7256374093502
"AR70B","1",3,2022-11-17 18:59:56,41.028667,-70.882333,29.7820538183634
"AR70B","1",4,2022-11-17 19:00:07,41.028667,-70.882333,29.510218050006
"AR70B","1",5,2022-11-17 19:01:47,41.028667,-70.882333,14.7561372303205
"AR70B","1",6,2022-11-17 19:02:01,41.028667,-70.882333,14.9049632083128
"AR70B","1",7,2022-11-17 19:03:09,41.028667,-70.882333,3.45992949338815
"AR70B","1",8,2022-11-17 19:03:16,41.028667,-70.882333,3.44405383930507
"AR70B","2",1,2022-11-17 22:17:41,40.6955,-70.882333,61.8857971169306
"AR70B","2",2,2022-11-17 22:17:56,40.6955,-70.882333,61.5187659311121
"AR70B","2",3,2022-11-17 22:21:08,40.6955,-70.882333,48.8666995251464
"AR70B","2",4,2022-11-17 22:21:21,40.6955,-70.882333,48.1960804897506
"AR70B","2",5,2022-11-17 22:23:14,40.6955,-70.882333,38.5492404873781
"AR70B","2",6,2022-11-17 22:23:28,40.6955,-70.882333,38.6653147940205
"AR70B","2",7,2022-11-17 22:25:33,40.6955,-70.882333,25.2439108262642
"AR70B","2",8,2022-11-17 22:25:42,40.6955,-70.882333,25.7518924681654
"AR70B","2",9,2022-11-17 22:27:55,40.6955,-70.882333,16.0196576159653
"AR70B","2",10,2022-11-17 22:28:10,40.6955,-70.882333,15.8162570054126
"AR70B","2",11,2022-11-17 22:29:15,40.6955,-70.882333,4.57433804896845
"AR70B","2",12,2022-11-17 22:29:23,40.6955,-70.882333,4.66959432658889
"AR70B","3",1,2022-11-18 01:45:25,40.363833,-70.882333,85.2540114411489
"AR70B","3",2,2022-11-18 01:47:30,40.363833,-70.882333,69.2462310291152
"AR70B","3",3,2022-11-18 01:48:54,40.363833,-70.882333,59.5118016571103
"AR70B","3",4,2022-11-18 01:49:04,40.363833,-70.882333,59.1298748373427
"AR70B","3",5,2022-11-18 01:50:38,40.363833,-70.882333,44.0307944160086
"AR70B","3",6,2022-11-18 01:52:11,40.363833,-70.882333,29.126056598789
"AR70B","3",7,2022-11-18 01:52:17,40.363833,-70.882333,29.2143591803883
"AR70B","3",8,2022-11-18 01:54:00,40.363833,-70.882333,14.0733821126631
"AR70B","3",9,2022-11-18 01:55:49,40.363833,-70.882333,3.43830901416111
"AR70B","3",10,2022-11-18 01:55:56,40.363833,-70.882333,3.452201054556
"AR70B","4",1,2022-11-18 10:51:13,39.937167,-70.7645,438.526947898137
"AR70B","4",2,2022-11-18 10:51:27,39.937167,-70.7645,438.499221521968
"AR70B","4",3,2022-11-18 10:58:31,39.937167,-70.7645,248.523613048661
"AR70B","4",4,2022-11-18 10:58:48,39.937167,-70.7645,248.419543140848
"AR70B","4",5,2022-11-18 11:04:44,39.937167,-70.7645,90.5958208415719
"AR70B","4",6,2022-11-18 11:05:07,39.937167,-70.7645,90.2754353528467
"AR70B","4",7,2022-11-18 11:10:10,39.937167,-70.7645,7.28962782473571
"AR70B","4",8,2022-11-18 11:10:23,39.937167,-70.7645,7.6756354508658
"AR70B","5",1,2022-11-18 17:21:00,40.097333,-70.874,141.189541935107
"AR70B","5",2,2022-11-18 17:21:10,40.097333,-70.874,141.00212084063
"AR70B","5",3,2022-11-18 17:21:21,40.097333,-70.874,141.069552788527
"AR70B","5",4,2022-11-18 17:24:05,40.097333,-70.874,130.280159093248
"AR70B","5",5,2022-11-18 17:27:19,40.097333,-70.874,85.1578791775642
"AR70B","5",6,2022-11-18 17:27:37,40.097333,-70.874,85.2104507530076
"AR70B","5",7,2022-11-18 17:30:12,40.097333,-70.874,65.3761223253649
"AR70B","5",8,2022-11-18 17:30:22,40.097333,-70.874,65.5288921847317
"AR70B","5",9,2022-11-18 17:33:20,40.097333,-70.874,50.2840808799438
"AR70B","5",10,2022-11-18 17:33:30,40.097333,-70.874,50.4428145084448
"AR70B","5",11,2022-11-18 17:35:49,40.097333,-70.874,39.2716349407685
"AR70B","5",12,2022-11-18 17:35:58,40.097333,-70.874,39.6714665405461
"AR70B","5",13,2022-11-18 17:38:20,40.097333,-70.874,15.5898927583091
"AR70B","5",14,2022-11-18 17:41:49,40.097333,-70.874,7.38081274876654
"AR70B","5",15,2022-11-18 17:42:03,40.097333,-70.874,7.42844283467462
"AR70B","5",16,2022-11-18 17:43:12,40.097333,-70.874,3.59517774203477
"AR70B","5",17,2022-11-18 17:43:30,40.097333,-70.874,3.37289974748006
"AR70B","6",1,2022-11-18 20:24:26,40.225667,-70.8935,122.501683553469
"AR70B","6",2,2022-11-18 20:24:38,40.225667,-70.8935,122.69308626199
"AR70B","6",3,2022-11-18 20:27:26,40.225667,-70.8935,122.413420068097
"AR70B","6",4,2022-11-18 20:31:12,40.225667,-70.8935,80.5524100696667
"AR70B","6",5,2022-11-18 20:31:20,40.225667,-70.8935,80.5930790874248
"AR70B","6",6,2022-11-18 20:31:32,40.225667,-70.8935,80.6099418485176
"AR70B","6",7,2022-11-18 20:34:51,40.225667,-70.8935,45.6296219664307
"AR70B","6",8,2022-11-18 20:35:06,40.225667,-70.8935,45.5691040688489
"AR70B","6",9,2022-11-18 20:37:52,40.225667,-70.8935,30.3209999865507
"AR70B","6",10,2022-11-18 20:38:00,40.225667,-70.8935,30.6275805154191
"AR70B","6",11,2022-11-18 20:38:15,40.225667,-70.8935,30.7287817542199
"AR70B","6",12,2022-11-18 20:40:06,40.225667,-70.8935,15.5698659321979
"AR70B","6",13,2022-11-18 20:42:24,40.225667,-70.8935,7.82129932063351
"AR70B","6",14,2022-11-18 20:42:40,40.225667,-70.8935,7.96716440682469
"AR70B","6",15,2022-11-18 20:43:48,40.225667,-70.8935,3.84023381565311
"AR70B","6",16,2022-11-18 20:44:01,40.225667,-70.8935,3.52071323523428
"AR70B","7",1,2022-11-18 22:37:42,40.366333,-70.768833,88.9209835315659
"AR70B","7",2,2022-11-18 22:37:57,40.366333,-70.768833,88.7196329828547
"AR70B","7",3,2022-11-18 22:41:17,40.366333,-70.768833,49.1608256568081
"AR70B","7",4,2022-11-18 22:41:40,40.366333,-70.768833,49.4207469713882
"AR70B","7",5,2022-11-18 22:43:44,40.366333,-70.768833,39.3599639564639
"AR70B","7",6,2022-11-18 22:46:19,40.366333,-70.768833,25.272449381909
"AR70B","7",7,2022-11-18 22:46:27,40.366333,-70.768833,25.9004999473152
"AR70B","7",8,2022-11-18 22:48:13,40.366333,-70.768833,7.59793893955527
"AR70B","7",9,2022-11-18 22:48:23,40.366333,-70.768833,7.5274878831937
"AR70B","7",10,2022-11-18 22:49:12,40.366333,-70.768833,3.58615915062761
"AR70B","8",1,2022-11-19 03:24:35,40.363667,-70.991,83.027202793941
"AR70B","9",1,2022-11-19 06:38:23,40.513333,-70.882833,66.6810652488694
"AR70B","9",2,2022-11-19 06:40:03,40.513333,-70.882833,49.474647962476
"AR70B","9",3,2022-11-19 06:41:38,40.513333,-70.882833,39.8733444605762
"AR70B","9",4,2022-11-19 06:42:54,40.513333,-70.882833,29.4877945202254
"AR70B","9",5,2022-11-19 06:44:17,40.513333,-70.882833,15.5515981483281
"AR70B","9",6,2022-11-19 06:45:41,40.513333,-70.882833,2.95601590743576
"AR70B","10",1,2022-11-19 23:15:07,39.774,-70.882167,497.866176192366
"AR70B","10",2,2022-11-19 23:20:32,39.774,-70.882167,299.256350236851
"AR70B","10",3,2022-11-19 23:24:46,39.774,-70.882167,149.756620599006
"AR70B","10",4,2022-11-19 23:24:53,39.774,-70.882167,149.883549619058
"AR70B","10",5,2022-11-19 23:26:57,39.774,-70.882167,85.2020419180769
"AR70B","10",6,2022-11-19 23:27:11,39.774,-70.882167,85.1534365791405
"AR70B","10",7,2022-11-19 23:28:33,39.774,-70.882167,60.6747192453978
"AR70B","10",8,2022-11-19 23:30:01,39.774,-70.882167,29.3052251749608
"AR70B","10",9,2022-11-19 23:31:41,39.774,-70.882167,14.5127285616267
"AR70B","10",10,2022-11-19 23:33:23,39.774,-70.882167,3.60520674119871
"AR70B","10",11,2022-11-19 23:33:32,39.774,-70.882167,3.8513071691077
"AR70B","11",1,2022-11-20 01:10:56,39.941333,-70.8815,437.848475158625
"AR70B","11",2,2022-11-20 01:14:26,39.941333,-70.8815,299.974166750281
"AR70B","11",3,2022-11-20 01:17:59,39.941333,-70.8815,150.40782094543
"AR70B","11",4,2022-11-20 01:20:01,39.941333,-70.8815,110.164133886491
"AR70B","11",5,2022-11-20 01:20:08,39.941333,-70.8815,110.276208349733
"AR70B","11",6,2022-11-20 01:22:22,39.941333,-70.8815,75.5401085953611
"AR70B","11",7,2022-11-20 01:22:37,39.941333,-70.8815,75.49745356769
"AR70B","11",8,2022-11-20 01:23:53,39.941333,-70.8815,65.6260476845653
"AR70B","11",9,2022-11-20 01:26:06,39.941333,-70.8815,31.5530958186631
"AR70B","11",10,2022-11-20 01:27:30,39.941333,-70.8815,15.8371883207063
"AR70B","11",11,2022-11-20 01:28:53,39.941333,-70.8815,3.7897245168078
"AR70B","11",12,2022-11-20 01:29:03,39.941333,-70.8815,3.53171983814
"AR70B","12",1,2022-11-20 04:22:46,40.098667,-70.756333,128.641851349851
"AR70B","12",2,2022-11-20 04:25:58,40.098667,-70.756333,67.5505938647695
"AR70B","12",3,2022-11-20 04:28:59,40.098667,-70.756333,4.14590962251203
"AR70B","13",1,2022-11-20 06:02:06,40.098333,-70.991833,156.572348286517
"AR70B","14",1,2022-11-20 13:32:41,40.204667,-70.336667,101.827349981965
"AR70B","15",1,2022-11-20 15:06:17,40.204167,-70.4465,109.67750953507
"AR70B","16",1,2022-11-20 16:26:34,40.205333,-70.5585,106.26869344415
"AR70B","17",1,2022-11-20 17:50:29,40.204833,-70.664667,105.678573597074
"AR70B","18",1,2022-11-20 19:13:26,40.204,-70.774167,110.840875622461
"AR70B","19",1,2022-11-20 20:31:35,40.204167,-70.884333,107.907159730283
"AR70B","20",1,2022-11-20 21:40:47,40.205167,-70.989,110.938058526161
"AR70B","21",1,2022-11-20 22:50:28,40.203667,-71.0945,105.178713107363
"AR70B","22",1,2022-11-20 23:57:20,40.204333,-71.203833,97.3194529739864
"AR70B","23",1,2022-11-21 01:01:38,40.205,-71.3095,82.2675999967228
"AR70B","24",1,2022-11-21 03:55:58,40.1365,-70.775667,126.461634677517
"AR70B","24",2,2022-11-21 03:56:04,40.1365,-70.775667,126.150236484841
"AR70B","24",3,2022-11-21 03:57:54,40.1365,-70.775667,99.854225367514
"AR70B","24",4,2022-11-21 03:59:39,40.1365,-70.775667,75.9315842766471
"AR70B","24",5,2022-11-21 03:59:43,40.1365,-70.775667,74.9425999765517
"AR70B","24",6,2022-11-21 04:01:21,40.1365,-70.775667,55.2482200765728
"AR70B","24",7,2022-11-21 04:01:28,40.1365,-70.775667,55.2869103339372
"AR70B","24",8,2022-11-21 04:03:09,40.1365,-70.775667,45.2351340864584
"AR70B","24",9,2022-11-21 04:03:18,40.1365,-70.775667,44.8988097080401
"AR70B","24",10,2022-11-21 04:04:42,40.1365,-70.775667,35.4457852145071
"AR70B","24",11,2022-11-21 04:06:34,40.1365,-70.775667,15.7664576959684
"AR70B","24",12,2022-11-21 04:07:40,40.1365,-70.775667,4.06055704855678
"AR70B","24",13,2022-11-21 04:07:46,40.1365,-70.775667,3.30739529825135
"AR70B","25",1,2022-11-21 23:42:02,39.939167,-70.8815,440.719220214781
"AR70B","26",1,2022-11-22 00:41:24,40.0195,-70.883167,243.981317572041
"AR70B","27",1,2022-11-22 01:35:43,40.097667,-70.882333,138.283995694994
"AR70B","28",1,2022-11-22 02:28:20,40.162333,-70.882667,126.35026589909
"EN695","1",1,2023-01-11 19:59:59,41.19792,-70.88524,17.032
"EN695","1",2,2023-01-11 20:00:08,41.19793,-70.88527,17.126
"EN695","1",3,2023-01-11 20:00:19,41.19794,-70.88532,16.997
"EN695","1",4,2023-01-11 20:00:30,41.19794,-70.88534,16.958
"EN695","1",5,2023-01-11 20:00:38,41.19794,-70.88536,16.998
"EN695","1",6,2023-01-11 20:00:47,41.19794,-70.88537,16.989
"EN695","1",7,2023-01-11 20:02:29,41.19804,-70.88574,12.379
"EN695","1",8,2023-01-11 20:02:37,41.19804,-70.88574,12.389
"EN695","1",9,2023-01-11 20:02:45,41.19804,-70.88577,12.284
"EN695","1",10,2023-01-11 20:02:57,41.19804,-70.88578,12.305
"EN695","1",11,2023-01-11 20:03:06,41.19804,-70.88578,12.307
"EN695","1",12,2023-01-11 20:03:15,41.19806,-70.88584,12.235
"EN695","1",13,2023-01-11 20:03:22,41.19806,-70.88588,12.273
"EN695","1",14,2023-01-11 20:05:34,41.1982,-70.8863,3.012
"EN695","1",15,2023-01-11 20:05:42,41.19821,-70.88632,3.106
"EN695","1",16,2023-01-11 20:05:50,41.19822,-70.88636,2.984
"EN695","1",17,2023-01-11 20:05:58,41.19824,-70.8864,3.043
"EN695","1",18,2023-01-11 20:06:06,41.19824,-70.88638,3.046
"EN695","1",19,2023-01-11 20:06:15,41.19826,-70.88642,2.968
"EN695","1",20,2023-01-11 20:06:22,41.19828,-70.88644,2.979
"EN695","1",21,2023-01-11 20:06:28,41.19828,-70.88648,3.076
"EN695","1",22,2023-01-11 20:06:38,41.1983,-70.8865,3.094
"EN695","1",23,2023-01-11 20:06:47,41.19832,-70.88655,3.005
"EN695","1",24,2023-01-11 20:06:53,41.19834,-70.88656,2.994
"EN695","2",1,2023-01-12 03:35:27,40.36504,-70.88506,86.451
"EN695","2",2,2023-01-12 03:39:11,40.36576,-70.88616,64.642
"EN695","2",3,2023-01-12 03:40:34,40.36601,-70.88648,50.021
"EN695","2",4,2023-01-12 03:40:48,40.36606,-70.88654,50.359
"EN695","2",5,2023-01-12 03:40:57,40.36608,-70.88656,50.35
"EN695","2",6,2023-01-12 03:41:11,40.36612,-70.8866,50.275
"EN695","2",7,2023-01-12 03:41:23,40.36616,-70.88663,50.274
"EN695","2",8,2023-01-12 03:43:54,40.36669,-70.88696,36.038
"EN695","2",9,2023-01-12 03:44:01,40.36672,-70.88698,36.217
"EN695","2",10,2023-01-12 03:46:33,40.36731,-70.88732,25.189
"EN695","2",11,2023-01-12 03:46:43,40.36735,-70.88732,25.185
"EN695","2",12,2023-01-12 03:46:51,40.36738,-70.88734,25.276
"EN695","2",13,2023-01-12 03:46:58,40.3674,-70.88735,25.491
"EN695","2",14,2023-01-12 03:47:06,40.36743,-70.88736,25.373
"EN695","2",15,2023-01-12 03:47:13,40.36746,-70.88738,25.132
"EN695","2",16,2023-01-12 03:47:21,40.36748,-70.8874,25.233
"EN695","2",17,2023-01-12 03:49:58,40.3681,-70.88768,3.26
"EN695","2",18,2023-01-12 03:50:05,40.36812,-70.88768,2.907
"EN695","2",19,2023-01-12 03:50:12,40.36816,-70.8877,3.139
"EN695","2",20,2023-01-12 03:50:20,40.36818,-70.88772,3.179
"EN695","2",21,2023-01-12 03:50:27,40.36822,-70.88773,3.287
"EN695","2",22,2023-01-12 03:50:34,40.36824,-70.88774,3.077
"EN695","2",23,2023-01-12 03:50:41,40.36827,-70.88774,3.124
"EN695","2",24,2023-01-12 03:50:48,40.3683,-70.88776,3.06
"EN695","3",1,2023-01-12 06:52:03,40.04774,-70.88109,198.099
"EN695","3",2,2023-01-12 06:52:13,40.04776,-70.88109,198.061
"EN695","3",3,2023-01-12 06:56:52,40.04838,-70.8813,169.995
"EN695","3",4,2023-01-12 06:57:01,40.0484,-70.8813,169.844
"EN695","3",5,2023-01-12 07:00:13,40.04882,-70.88124,140.146
"EN695","3",6,2023-01-12 07:00:24,40.04884,-70.88124,140.123
"EN695","3",7,2023-01-12 07:00:33,40.04886,-70.88124,140.019
"EN695","3",8,2023-01-12 07:03:54,40.04926,-70.8812,93.05
"EN695","3",9,2023-01-12 07:04:00,40.04928,-70.8812,93.169
"EN695","3",10,2023-01-12 07:04:09,40.0493,-70.8812,93.199
"EN695","3",11,2023-01-12 07:06:12,40.04956,-70.88112,74.954
"EN695","3",12,2023-01-12 07:06:19,40.04958,-70.88112,74.947
"EN695","3",13,2023-01-12 07:06:40,40.04962,-70.88108,74.936
"EN695","3",14,2023-01-12 07:09:18,40.04998,-70.881,39.681
"EN695","3",15,2023-01-12 07:09:26,40.05,-70.88098,39.795
"EN695","3",16,2023-01-12 07:09:33,40.05002,-70.88098,39.754
"EN695","3",17,2023-01-12 07:11:30,40.05026,-70.8809,19.686
"EN695","3",18,2023-01-12 07:11:37,40.05028,-70.8809,19.888
"EN695","3",19,2023-01-12 07:11:46,40.0503,-70.8809,19.862
"EN695","3",20,2023-01-12 07:11:54,40.05032,-70.8809,19.873
"EN695","3",21,2023-01-12 07:13:56,40.05058,-70.88078,3.741
"EN695","3",22,2023-01-12 07:14:03,40.0506,-70.88076,3.442
"EN695","3",23,2023-01-12 07:14:09,40.05062,-70.88076,3.649
"EN695","3",24,2023-01-12 07:14:16,40.05063,-70.88074,3.459
"EN695","4",1,2023-01-12 09:31:03,39.94512,-70.8775,425.52
"EN695","4",2,2023-01-12 09:31:11,39.94514,-70.87748,425.439
"EN695","4",3,2023-01-12 09:36:53,39.94606,-70.8771,301.272
"EN695","4",4,2023-01-12 09:37:01,39.94608,-70.87708,301.212
"EN695","4",5,2023-01-12 09:44:37,39.94738,-70.87638,140.629
"EN695","4",6,2023-01-12 09:44:43,39.9474,-70.87638,140.335
"EN695","4",7,2023-01-12 09:47:18,39.94782,-70.87602,115.398
"EN695","4",8,2023-01-12 09:47:25,39.94781,-70.87602,115.37
"EN695","4",9,2023-01-12 09:51:45,39.94848,-70.87538,99.984
"EN695","4",10,2023-01-12 09:51:53,39.9485,-70.87536,99.814
"EN695","4",11,2023-01-12 09:56:06,39.94924,-70.87474,70.176
"EN695","4",12,2023-01-12 09:56:13,39.94926,-70.87472,70.264
"EN695","4",13,2023-01-12 09:56:26,39.94928,-70.8747,69.94
"EN695","4",14,2023-01-12 09:56:34,39.94932,-70.87468,69.987
"EN695","4",15,2023-01-12 09:59:41,39.94986,-70.87426,30.409
"EN695","4",16,2023-01-12 09:59:48,39.94988,-70.87423,29.865
"EN695","4",17,2023-01-12 09:59:59,39.9499,-70.8742,30.122
"EN695","4",18,2023-01-12 10:00:03,39.94992,-70.8742,30.295
"EN695","4",19,2023-01-12 10:02:49,39.95044,-70.8737,3.254
"EN695","4",20,2023-01-12 10:02:55,39.95044,-70.87368,2.911
"EN695","4",21,2023-01-12 10:03:03,39.95047,-70.87366,2.73
"EN695","4",22,2023-01-12 10:03:11,39.9505,-70.87363,2.913
"EN695","4",23,2023-01-12 10:03:18,39.95052,-70.87362,2.98
"EN695","4",24,2023-01-12 10:03:27,39.95054,-70.87358,2.972
"EN695","5",1,2023-01-12 12:35:39,39.779,-70.8871,501.237
"EN695","5",2,2023-01-12 12:35:47,39.77902,-70.88706,501.211
"EN695","5",3,2023-01-12 12:41:43,39.77996,-70.88642,300.694
"EN695","5",4,2023-01-12 12:45:38,39.78061,-70.88588,132.339
"EN695","5",5,2023-01-12 12:48:06,39.781,-70.88545,90.47
"EN695","5",6,2023-01-12 12:48:24,39.78106,-70.8854,90.361
"EN695","5",7,2023-01-12 12:49:45,39.78126,-70.8852,75.63
"EN695","5",8,2023-01-12 12:49:52,39.78128,-70.88518,75.229
"EN695","5",9,2023-01-12 12:51:54,39.78161,-70.8849,50.546
"EN695","5",10,2023-01-12 12:52:02,39.78161,-70.88491,49.934
"EN695","5",11,2023-01-12 12:52:11,39.78165,-70.88486,49.999
"EN695","5",12,2023-01-12 12:54:03,39.78196,-70.88472,24.861
"EN695","5",13,2023-01-12 12:54:11,39.78198,-70.88472,24.974
"EN695","5",14,2023-01-12 12:54:18,39.78201,-70.88472,24.894
"EN695","5",15,2023-01-12 12:54:25,39.78204,-70.88472,24.75
"EN695","5",16,2023-01-12 12:54:34,39.78206,-70.8847,24.686
"EN695","5",17,2023-01-12 12:54:44,39.78208,-70.8847,24.819
"EN695","5",18,2023-01-12 12:58:02,39.78262,-70.88456,3.273
"EN695","5",19,2023-01-12 12:58:09,39.78266,-70.88456,3.172
"EN695","5",20,2023-01-12 12:58:16,39.78267,-70.88456,3.458
"EN695","5",21,2023-01-12 12:58:38,39.78274,-70.88456,3.378
"EN695","5",22,2023-01-12 12:58:45,39.78276,-70.88456,3.384
"EN695","5",23,2023-01-12 12:58:52,39.78278,-70.88455,3.377
"EN695","5",24,2023-01-12 12:58:58,39.7828,-70.88452,3.344
"EN695","6",1,2023-01-12 20:27:40,40.15186,-70.88115,129.856
"EN695","6",2,2023-01-12 20:27:51,40.1519,-70.8811,129.895
"EN695","6",3,2023-01-12 20:30:20,40.1522,-70.8806,105.157
"EN695","6",4,2023-01-12 20:32:36,40.15232,-70.8799,93.404
"EN695","6",5,2023-01-12 20:32:44,40.15232,-70.87986,93.343
"EN695","6",6,2023-01-12 20:34:53,40.1522,-70.879,70.283
"EN695","6",7,2023-01-12 20:36:53,40.15222,-70.87846,50.023
"EN695","6",8,2023-01-12 20:37:02,40.15223,-70.87842,50.003
"EN695","6",9,2023-01-12 20:37:09,40.15224,-70.8784,49.803
"EN695","6",10,2023-01-12 20:37:17,40.15228,-70.87834,49.832
"EN695","6",11,2023-01-12 20:38:51,40.15236,-70.87778,33.507
"EN695","6",12,2023-01-12 20:39:06,40.15238,-70.87771,33.341
"EN695","6",13,2023-01-12 20:40:51,40.15244,-70.87712,20.368
"EN695","6",14,2023-01-12 20:41:00,40.15244,-70.87708,20.277
"EN695","6",15,2023-01-12 20:41:09,40.15244,-70.87702,20.21
"EN695","6",16,2023-01-12 20:41:17,40.15244,-70.87699,20.36
"EN695","6",17,2023-01-12 20:41:25,40.15244,-70.87694,20.169
"EN695","6",18,2023-01-12 20:42:47,40.15252,-70.87658,6.104
"EN695","6",19,2023-01-12 20:42:55,40.15252,-70.87656,5.572
"EN695","6",20,2023-01-12 20:43:03,40.15252,-70.87651,5.882
"EN695","6",21,2023-01-12 20:43:12,40.15252,-70.87649,5.817
"EN695","6",22,2023-01-12 20:43:20,40.1525,-70.87644,5.636
"EN695","6",23,2023-01-12 20:43:27,40.15248,-70.87644,5.883
"EN695","6",24,2023-01-12 20:43:35,40.15248,-70.87641,5.181
"EN695","7",1,2023-01-12 22:48:45,40.25904,-70.8819,113.215
"EN695","7",2,2023-01-12 22:48:56,40.25904,-70.88187,113.142
"EN695","7",3,2023-01-12 22:51:11,40.25914,-70.88137,94.752
"EN695","7",4,2023-01-12 22:53:39,40.25906,-70.88066,71.556
"EN695","7",5,2023-01-12 22:53:45,40.25906,-70.88062,71.472
"EN695","7",6,2023-01-12 22:53:54,40.25904,-70.88059,71.472
"EN695","7",7,2023-01-12 22:55:58,40.25918,-70.88014,49.475
"EN695","7",8,2023-01-12 22:56:05,40.2592,-70.88014,49.843
"EN695","7",9,2023-01-12 22:56:11,40.25921,-70.8801,49.958
"EN695","7",10,2023-01-12 22:57:54,40.25926,-70.87968,38.246
"EN695","7",11,2023-01-12 22:58:01,40.25926,-70.87964,38.445
"EN695","7",12,2023-01-12 22:58:07,40.25926,-70.87961,38.591
"EN695","7",13,2023-01-12 22:59:59,40.25927,-70.8792,20.777
"EN695","7",14,2023-01-12 23:00:05,40.25928,-70.87916,20.818
"EN695","7",15,2023-01-12 23:00:12,40.25928,-70.87912,20.148
"EN695","7",16,2023-01-12 23:00:20,40.25926,-70.87908,20.561
"EN695","7",17,2023-01-12 23:00:27,40.25926,-70.87904,20.212
"EN695","7",18,2023-01-12 23:02:35,40.25942,-70.8786,4.918
"EN695","7",19,2023-01-12 23:02:41,40.25944,-70.87858,4.631
"EN695","7",20,2023-01-12 23:02:47,40.25944,-70.87857,4.913
"EN695","7",21,2023-01-12 23:02:54,40.25947,-70.87854,4.999
"EN695","7",22,2023-01-12 23:03:01,40.25948,-70.87851,4.896
"EN695","8",1,2023-01-13 02:00:38,40.51426,-70.88614,69.225
"EN695","8",2,2023-01-13 02:00:46,40.51426,-70.88608,68.867
"EN695","8",3,2023-01-13 02:03:33,40.51406,-70.8849,56.425
"EN695","8",4,2023-01-13 02:03:40,40.51406,-70.88487,56.402
"EN695","8",5,2023-01-13 02:03:49,40.51406,-70.88484,55.869
"EN695","8",6,2023-01-13 02:05:59,40.51432,-70.88464,40.183
"EN695","8",7,2023-01-13 02:06:06,40.51434,-70.88468,41.093
"EN695","8",8,2023-01-13 02:06:12,40.51436,-70.88466,40.926
"EN695","8",9,2023-01-13 02:06:19,40.51438,-70.88467,40.688
"EN695","8",10,2023-01-13 02:08:04,40.51454,-70.88439,20.27
"EN695","8",11,2023-01-13 02:08:12,40.51454,-70.88436,20.087
"EN695","8",12,2023-01-13 02:08:19,40.51454,-70.88434,19.961
"EN695","8",13,2023-01-13 02:08:27,40.51454,-70.8843,19.71
"EN695","8",14,2023-01-13 02:08:34,40.51454,-70.88427,19.933
"EN695","8",15,2023-01-13 02:08:41,40.51454,-70.88426,19.892
"EN695","8",16,2023-01-13 02:09:53,40.51447,-70.88389,5.345
"EN695","8",17,2023-01-13 02:09:59,40.51446,-70.88386,5.036
"EN695","8",18,2023-01-13 02:10:05,40.51448,-70.88384,5.287
"EN695","8",19,2023-01-13 02:10:12,40.5145,-70.88382,5.496
"EN695","8",20,2023-01-13 02:10:18,40.5145,-70.88378,5.98
"EN695","9",1,2023-01-13 04:23:11,40.69696,-70.88302,61.078
"EN695","9",2,2023-01-13 04:23:16,40.69696,-70.883,60.955
"EN695","9",3,2023-01-13 04:25:00,40.69694,-70.88262,49.932
"EN695","9",4,2023-01-13 04:25:07,40.69694,-70.88262,50.024
"EN695","9",5,2023-01-13 04:27:00,40.69708,-70.88224,40.785
"EN695","9",6,2023-01-13 04:27:07,40.6971,-70.88222,40.396
"EN695","9",7,2023-01-13 04:27:14,40.6971,-70.8822,40.289
"EN695","9",8,2023-01-13 04:27:21,40.6971,-70.88217,40.113
"EN695","9",9,2023-01-13 04:27:28,40.6971,-70.88214,39.668
"EN695","9",10,2023-01-13 04:29:38,40.69714,-70.8817,20.016
"EN695","9",11,2023-01-13 04:29:44,40.69714,-70.88167,19.91
"EN695","9",12,2023-01-13 04:29:50,40.69714,-70.88164,19.985
"EN695","9",13,2023-01-13 04:29:59,40.69712,-70.8816,20.088
"EN695","9",14,2023-01-13 04:30:09,40.69712,-70.88156,20.188
"EN695","9",15,2023-01-13 04:30:18,40.69712,-70.88152,20.029
"EN695","9",16,2023-01-13 04:31:27,40.6971,-70.88123,4.012
"EN695","9",17,2023-01-13 04:31:33,40.69712,-70.88122,5.179
"EN695","9",18,2023-01-13 04:31:40,40.69712,-70.8812,5.023
"EN695","9",19,2023-01-13 04:31:46,40.69712,-70.88118,5.01
"EN695","9",20,2023-01-13 04:31:52,40.69712,-70.88114,4.827
"EN695","9",21,2023-01-13 04:31:58,40.69712,-70.88112,5.258
"EN695","9",22,2023-01-13 04:32:05,40.69712,-70.8811,5.173
"EN695","9",23,2023-01-13 04:32:11,40.69712,-70.88107,4.95
"EN695","9",24,2023-01-13 04:32:17,40.69712,-70.88104,5.204
"EN695","10",1,2023-01-13 07:08:52,40.86254,-70.8824,50.552
"EN695","10",2,2023-01-13 07:08:58,40.86253,-70.88238,50.334
"EN695","10",3,2023-01-13 07:11:41,40.86236,-70.8817,34.858
"EN695","10",4,2023-01-13 07:11:48,40.86234,-70.88166,34.968
"EN695","10",5,2023-01-13 07:11:55,40.86234,-70.88164,34.693
"EN695","10",6,2023-01-13 07:12:01,40.86234,-70.88161,34.864
"EN695","10",7,2023-01-13 07:12:09,40.86234,-70.88157,34.76
"EN695","10",8,2023-01-13 07:12:17,40.86234,-70.88156,35.453
"EN695","10",9,2023-01-13 07:14:02,40.86226,-70.88103,20.42
"EN695","10",10,2023-01-13 07:14:08,40.86226,-70.88098,20.317
"EN695","10",11,2023-01-13 07:14:16,40.86228,-70.88096,19.86
"EN695","10",12,2023-01-13 07:14:24,40.86228,-70.88092,19.69
"EN695","10",13,2023-01-13 07:14:31,40.86228,-70.88087,19.793
"EN695","10",14,2023-01-13 07:14:38,40.86228,-70.88083,19.988
"EN695","10",15,2023-01-13 07:15:59,40.86234,-70.88053,5.42
"EN695","10",16,2023-01-13 07:16:05,40.86235,-70.88051,5.062
"EN695","10",17,2023-01-13 07:16:12,40.86234,-70.88048,5.444
"EN695","10",18,2023-01-13 07:16:18,40.86235,-70.88045,5.54
"EN695","10",19,2023-01-13 07:16:25,40.86235,-70.88042,5.775
"EN695","10",20,2023-01-13 07:16:31,40.86238,-70.8804,5.565
"EN695","10",21,2023-01-13 07:16:38,40.86238,-70.88038,5.66
"EN695","11",1,2023-01-13 10:18:19,41.02232,-70.88278,41.237
"EN695","11",2,2023-01-13 10:18:25,41.0223,-70.88276,41.157
"EN695","11",3,2023-01-13 10:18:37,41.02227,-70.88276,41.166
"EN695","11",4,2023-01-13 10:19:07,41.02218,-70.88272,40.35
"EN695","11",5,2023-01-13 10:21:12,41.02188,-70.88262,19.83
"EN695","11",6,2023-01-13 10:21:25,41.02184,-70.8826,19.527
"EN695","11",7,2023-01-13 10:21:32,41.0218,-70.88258,19.59
"EN695","11",8,2023-01-13 10:21:37,41.02178,-70.88256,20.268
"EN695","11",9,2023-01-13 10:24:30,41.02142,-70.8823,4.969
"EN695","11",10,2023-01-13 10:24:37,41.02142,-70.8823,4.958
"EN695","11",11,2023-01-13 10:24:43,41.02142,-70.8823,4.956
"EN695","11",12,2023-01-13 10:24:50,41.0214,-70.88232,4.766
"EN695","11",13,2023-01-13 10:24:57,41.0214,-70.88234,4.498
"EN695","14",1,2023-01-14 09:39:41,40.69984,-70.88652,5.109
"EN695","15",1,2023-01-14 17:39:38,41.19968,-70.88651,15.449
"EN695","15",2,2023-01-14 17:39:45,41.1997,-70.88654,15.783
"EN695","15",3,2023-01-14 17:41:16,41.19994,-70.88688,12.383
"EN695","15",4,2023-01-14 17:41:22,41.19995,-70.8869,11.649
"EN695","15",5,2023-01-14 17:41:34,41.19998,-70.88694,12.396
"EN695","15",6,2023-01-14 17:41:40,41.2,-70.88697,11.871
"EN695","15",7,2023-01-14 17:42:09,41.2001,-70.88709,11.497
"EN695","15",8,2023-01-14 17:44:52,41.20048,-70.88752,3.676
"EN695","15",9,2023-01-14 17:44:59,41.20048,-70.88752,4.049
"EN695","15",10,2023-01-14 17:45:22,41.20054,-70.88758,3.594
"EN695","15",11,2023-01-14 17:45:29,41.20054,-70.88758,3.918
"EN695","15",12,2023-01-14 17:45:36,41.20054,-70.8876,4.431
"EN695","15",13,2023-01-14 17:45:45,41.20056,-70.88762,4.205
"EN695","15",14,2023-01-14 17:45:54,41.20056,-70.88763,3.895
"EN695","15",15,2023-01-14 17:46:03,41.20058,-70.88764,3.974
"EN695","16",1,2023-01-14 20:42:12,41.31252,-70.58004,15.173
"EN695","16",2,2023-01-14 20:42:19,41.31254,-70.58007,14.55
"EN695","16",3,2023-01-14 20:42:26,41.31256,-70.5801,14.752
"EN695","16",4,2023-01-14 20:44:04,41.31262,-70.58052,2.956
"EN695","16",5,2023-01-14 20:44:11,41.31264,-70.58056,3.53
"EN695","16",6,2023-01-14 20:44:17,41.31266,-70.5806,3.087
"EN695","16",7,2023-01-14 20:44:24,41.31267,-70.58062,3.087
"HRS2303","1",1,2023-04-29 10:53:44,41.32736,-70.56378,12.063
"HRS2303","1",2,2023-04-29 10:53:58,41.32732,-70.56381,12.314
"HRS2303","1",3,2023-04-29 10:53:59,41.32732,-70.5638,12.233
"HRS2303","1",4,2023-04-29 10:54:06,41.3273,-70.56382,12.099
"HRS2303","1",5,2023-04-29 10:54:09,41.3273,-70.56382,12.176
"HRS2303","1",6,2023-04-29 10:54:11,41.32729,-70.56382,12.065
"HRS2303","1",7,2023-04-29 10:57:01,41.32694,-70.56412,2.195
"HRS2303","1",8,2023-04-29 10:57:02,41.32694,-70.56411,1.965
"HRS2303","1",9,2023-04-29 10:57:03,41.32694,-70.56411,1.476
"HRS2303","1",10,2023-04-29 10:57:05,41.32692,-70.56412,1.655
"HRS2303","1",11,2023-04-29 10:57:06,41.32692,-70.56412,2.072
"HRS2303","1",12,2023-04-29 10:57:07,41.32692,-70.56412,2.244
"HRS2303","2",1,2023-05-02 20:05:20,41.19924,-70.88514,15.816
"HRS2303","2",2,2023-05-02 20:05:22,41.19924,-70.88513,15.768
"HRS2303","2",3,2023-05-02 20:05:24,41.19924,-70.88512,16.016
"HRS2303","2",4,2023-05-02 20:05:25,41.19926,-70.88512,16.301
"HRS2303","2",5,2023-05-02 20:05:27,41.19926,-70.88512,15.96
"HRS2303","2",6,2023-05-02 20:05:29,41.19926,-70.88512,15.807
"HRS2303","2",7,2023-05-02 20:08:18,41.19996,-70.88467,3.432
"HRS2303","2",8,2023-05-02 20:08:20,41.19997,-70.88466,3.678
"HRS2303","2",9,2023-05-02 20:08:21,41.19998,-70.88466,3.911
"HRS2303","2",10,2023-05-02 20:08:22,41.19999,-70.88466,3.752
"HRS2303","2",11,2023-05-02 20:08:23,41.2,-70.88466,3.585
"HRS2303","2",12,2023-05-02 20:08:25,41.2,-70.88466,3.698
"HRS2303","3",1,2023-05-03 04:26:18,40.51288,-70.88394,72.783
"HRS2303","3",2,2023-05-03 04:26:22,40.51288,-70.88394,71.779
"HRS2303","3",3,2023-05-03 04:28:52,40.51292,-70.88374,50.049
"HRS2303","3",4,2023-05-03 04:28:57,40.51292,-70.88374,51.179
"HRS2303","3",5,2023-05-03 04:31:03,40.5129,-70.88359,29.938
"HRS2303","3",6,2023-05-03 04:31:07,40.51292,-70.88357,32.313
"HRS2303","3",7,2023-05-03 04:31:10,40.5129,-70.88356,30.458
"HRS2303","3",8,2023-05-03 04:33:43,40.51304,-70.88324,21.535
"HRS2303","3",9,2023-05-03 04:33:47,40.51304,-70.88322,21.608
"HRS2303","3",10,2023-05-03 04:36:08,40.5131,-70.88298,3.441
"HRS2303","3",11,2023-05-03 04:36:12,40.5131,-70.88298,3.289
"HRS2303","3",12,2023-05-03 04:36:16,40.51308,-70.88298,4.158
"HRS2303","4",1,2023-05-03 08:41:04,40.25574,-70.88568,118.008
"HRS2303","4",2,2023-05-03 08:41:09,40.25574,-70.88569,118.498
"HRS2303","4",3,2023-05-03 08:43:43,40.25596,-70.88574,89.235
"HRS2303","4",4,2023-05-03 08:46:33,40.25624,-70.8858,65.894
"HRS2303","4",5,2023-05-03 08:49:21,40.25656,-70.88578,42.631
"HRS2303","4",6,2023-05-03 08:49:27,40.25658,-70.88578,42.239
"HRS2303","4",7,2023-05-03 08:52:10,40.2568,-70.88582,25.451
"HRS2303","4",8,2023-05-03 08:52:19,40.25682,-70.88584,24.675
"HRS2303","4",9,2023-05-03 08:52:27,40.25682,-70.88585,24.922
"HRS2303","4",10,2023-05-03 08:54:56,40.25702,-70.88594,2.921
"HRS2303","4",11,2023-05-03 08:55:04,40.25704,-70.88594,2.892
"HRS2303","4",12,2023-05-03 08:55:13,40.25704,-70.88594,3.193
"HRS2303","5",1,2023-05-03 11:02:09,40.15451,-70.8816,132.916
"HRS2303","5",2,2023-05-03 11:02:16,40.15452,-70.8816,134.155
"HRS2303","5",3,2023-05-03 11:05:09,40.15462,-70.8818,113.322
"HRS2303","5",4,2023-05-03 11:07:53,40.15472,-70.88206,82.537
"HRS2303","5",5,2023-05-03 11:10:46,40.15486,-70.88232,64.532
"HRS2303","5",6,2023-05-03 11:12:52,40.15496,-70.88253,48.014
"HRS2303","5",7,2023-05-03 11:12:54,40.15496,-70.88254,47.048
"HRS2303","5",8,2023-05-03 11:15:24,40.15506,-70.88284,30.638
"HRS2303","5",9,2023-05-03 11:15:31,40.15506,-70.88284,30.128
"HRS2303","5",10,2023-05-03 11:17:31,40.15526,-70.88292,12.425
"HRS2303","5",11,2023-05-03 11:19:48,40.15564,-70.88262,3.277
"HRS2303","5",12,2023-05-03 11:19:50,40.15564,-70.88262,2.804
"HRS2303","6",1,2023-05-03 13:23:36,40.04621,-70.87917,202.441
"HRS2303","6",2,2023-05-03 13:23:43,40.0462,-70.87914,202.424
"HRS2303","6",3,2023-05-03 13:26:06,40.0461,-70.87862,174.456
"HRS2303","6",4,2023-05-03 13:29:15,40.04602,-70.87788,134.991
"HRS2303","6",5,2023-05-03 13:33:55,40.04514,-70.87794,80.02
"HRS2303","6",6,2023-05-03 13:36:48,40.0447,-70.87774,45.297
"HRS2303","6",7,2023-05-03 13:36:57,40.04468,-70.87773,45.345
"HRS2303","6",8,2023-05-03 13:39:09,40.04447,-70.87728,23.327
"HRS2303","6",9,2023-05-03 13:40:33,40.04432,-70.87702,17.846
"HRS2303","6",10,2023-05-03 13:40:35,40.04432,-70.87702,17.056
"HRS2303","6",11,2023-05-03 13:42:07,40.04416,-70.87674,3.478
"HRS2303","6",12,2023-05-03 13:42:14,40.04414,-70.87672,3.163
"HRS2303","7",1,2023-05-03 18:38:36,39.9389,-70.87242,443.451
"HRS2303","7",2,2023-05-03 18:38:43,39.93888,-70.87242,443.396
"HRS2303","7",3,2023-05-03 18:51:25,39.93866,-70.87044,268.862
"HRS2303","7",4,2023-05-03 18:58:33,39.93856,-70.8692,174.02
"HRS2303","7",5,2023-05-03 19:04:41,39.93834,-70.86827,89.769
"HRS2303","7",6,2023-05-03 19:07:38,39.93832,-70.86768,54.888
"HRS2303","7",7,2023-05-03 19:09:48,39.93832,-70.86723,36.873
"HRS2303","7",8,2023-05-03 19:09:57,39.93832,-70.8672,37.062
"HRS2303","7",9,2023-05-03 19:12:00,39.93832,-70.86677,27.842
"HRS2303","7",10,2023-05-03 19:12:08,39.93832,-70.86674,27.355
"HRS2303","7",11,2023-05-03 19:15:47,39.9383,-70.86605,2.152
"HRS2303","7",12,2023-05-03 19:15:53,39.9383,-70.86604,2.088
"HRS2303","8",1,2023-05-03 23:21:31,39.7664,-70.88896,495.316
"HRS2303","8",2,2023-05-03 23:21:38,39.7664,-70.88898,495.058
"HRS2303","8",3,2023-05-03 23:30:27,39.76558,-70.89042,347.013
"HRS2303","8",4,2023-05-03 23:43:18,39.76432,-70.89239,199.117
"HRS2303","8",5,2023-05-03 23:43:26,39.7643,-70.89241,199.023
"HRS2303","8",6,2023-05-03 23:49:56,39.76376,-70.8934,98.862
"HRS2303","8",7,2023-05-03 23:52:36,39.76352,-70.89386,75.558
"HRS2303","8",8,2023-05-03 23:56:51,39.7632,-70.89454,28.65
"HRS2303","8",9,2023-05-03 23:56:58,39.76319,-70.89456,28.319
"HRS2303","8",10,2023-05-04 00:00:12,39.763,-70.89504,15.499
"HRS2303","8",11,2023-05-04 00:03:02,39.76282,-70.89555,2.557
"HRS2303","8",12,2023-05-04 00:03:09,39.76281,-70.89558,2.371
"HRS2303","9",1,2023-05-04 13:54:35,40.36214,-70.8897,87.586
"HRS2303","9",2,2023-05-04 13:54:43,40.36214,-70.88976,88.122
"HRS2303","9",3,2023-05-04 13:56:52,40.36216,-70.8904,72.159
"HRS2303","9",4,2023-05-04 13:59:12,40.36234,-70.89094,55.038
"HRS2303","9",5,2023-05-04 14:01:55,40.3627,-70.89138,40.799
"HRS2303","9",6,2023-05-04 14:04:39,40.36296,-70.89158,25.279
"HRS2303","9",7,2023-05-04 14:04:46,40.36298,-70.89158,25.079
"HRS2303","9",8,2023-05-04 14:07:11,40.36314,-70.89174,15.674
"HRS2303","9",9,2023-05-04 14:07:17,40.36314,-70.89177,15.916
"HRS2303","9",10,2023-05-04 14:10:15,40.36348,-70.89217,2.003
"HRS2303","9",11,2023-05-04 14:10:22,40.3635,-70.8922,2.45
"HRS2303","9",12,2023-05-04 14:10:29,40.36352,-70.89221,2.813
"HRS2303","10",1,2023-05-04 18:43:05,40.6973,-70.88616,59.728
"HRS2303","10",2,2023-05-04 18:43:13,40.69726,-70.88619,60.209
"HRS2303","10",3,2023-05-04 18:44:58,40.69714,-70.88624,49.697
"HRS2303","10",4,2023-05-04 18:48:16,40.69678,-70.88658,35.652
"HRS2303","10",5,2023-05-04 18:48:25,40.69676,-70.8866,35.343
"HRS2303","10",6,2023-05-04 18:48:38,40.69674,-70.88664,35.327
"HRS2303","10",7,2023-05-04 18:50:40,40.6965,-70.88675,25.265
"HRS2303","10",8,2023-05-04 18:50:49,40.6965,-70.88676,24.964
"HRS2303","10",9,2023-05-04 18:52:40,40.69628,-70.88688,14.774
"HRS2303","10",10,2023-05-04 18:52:48,40.69628,-70.88688,14.712
"HRS2303","10",11,2023-05-04 18:54:53,40.6961,-70.88702,5.335
"HRS2303","10",12,2023-05-04 18:55:01,40.69608,-70.88704,5.286
"HRS2303","11",1,2023-05-04 22:25:04,40.86504,-70.88752,51.534
"HRS2303","11",2,2023-05-04 22:25:11,40.86502,-70.88752,51.506
"HRS2303","11",3,2023-05-04 22:28:41,40.865,-70.88809,36.215
"HRS2303","11",4,2023-05-04 22:28:49,40.86498,-70.88812,35.776
"HRS2303","11",5,2023-05-04 22:31:25,40.86508,-70.88844,30.547
"HRS2303","11",6,2023-05-04 22:31:33,40.8651,-70.88845,30.805
"HRS2303","11",7,2023-05-04 22:34:02,40.86502,-70.8888,25.42
"HRS2303","11",8,2023-05-04 22:34:11,40.86498,-70.88886,23.976
"HRS2303","11",9,2023-05-04 22:36:16,40.86448,-70.88943,16.744
"HRS2303","11",10,2023-05-04 22:38:44,40.86438,-70.88994,2.25
"HRS2303","11",11,2023-05-04 22:38:50,40.86434,-70.88998,2.411
"HRS2303","11",12,2023-05-04 22:38:57,40.86432,-70.89,2.425
"HRS2303","12",1,2023-05-05 01:32:17,41.0302,-70.88372,41.559
"HRS2303","12",2,2023-05-05 01:32:23,41.0302,-70.88371,41.717
"HRS2303","12",3,2023-05-05 01:32:30,41.0302,-70.8837,41.818
"HRS2303","12",4,2023-05-05 01:34:19,41.03,-70.88357,35.126
"HRS2303","12",5,2023-05-05 01:34:25,41.02996,-70.88356,34.683
"HRS2303","12",6,2023-05-05 01:34:32,41.02994,-70.88358,34.007
"HRS2303","12",7,2023-05-05 01:36:47,41.02966,-70.88352,24.388
"HRS2303","12",8,2023-05-05 01:36:53,41.02964,-70.88352,24.438
"HRS2303","12",9,2023-05-05 01:37:00,41.02962,-70.88352,24.217
"HRS2303","12",10,2023-05-05 01:39:24,41.02904,-70.88364,2.786
"HRS2303","12",11,2023-05-05 01:39:30,41.02904,-70.88364,2.468
"HRS2303","12",12,2023-05-05 01:39:36,41.02902,-70.88364,2.399
"EN706","1",1,2023-08-07 17:30:42,41.19768,-70.881,18.889
"EN706","1",2,2023-08-07 17:30:56,41.19772,-70.88102,18.918
"EN706","1",3,2023-08-07 17:31:07,41.19774,-70.88104,18.992
"EN706","1",4,2023-08-07 17:31:26,41.19778,-70.88106,19.115
"EN706","1",5,2023-08-07 17:31:33,41.1978,-70.88106,18.961
"EN706","1",6,2023-08-07 17:34:09,41.19814,-70.8812,10.178
"EN706","1",7,2023-08-07 17:34:15,41.19816,-70.8812,10.111
"EN706","1",8,2023-08-07 17:34:23,41.19816,-70.8812,9.984
"EN706","1",9,2023-08-07 17:34:31,41.19818,-70.88118,10.127
"EN706","1",10,2023-08-07 17:34:41,41.1982,-70.88118,10.194
"EN706","1",11,2023-08-07 17:34:48,41.1982,-70.88118,9.891
"EN706","1",12,2023-08-07 17:36:50,41.19822,-70.88098,2.924
"EN706","1",13,2023-08-07 17:37:02,41.19822,-70.88096,2.976
"EN706","1",14,2023-08-07 17:37:11,41.19822,-70.88096,3.031
"EN706","1",15,2023-08-07 17:37:18,41.19822,-70.88094,3.083
"EN706","1",16,2023-08-07 17:37:26,41.19822,-70.88092,3.091
"EN706","1",17,2023-08-07 17:37:33,41.19821,-70.88091,3.118
"EN706","1",18,2023-08-07 17:37:41,41.1982,-70.8809,3.232
"EN706","1",19,2023-08-07 17:37:48,41.1982,-70.88088,3.051
"EN706","1",20,2023-08-07 17:37:55,41.1982,-70.88086,3.051
"EN706","1",21,2023-08-07 17:38:03,41.1982,-70.88085,3.027
"EN706","1",22,2023-08-07 17:38:10,41.19819,-70.88084,3.03
"EN706","1",23,2023-08-07 17:38:17,41.19818,-70.88082,3.088
"EN706","1",24,2023-08-07 17:38:24,41.19818,-70.8808,3.01
"EN706","2",1,2023-08-08 06:33:39,41.03144,-70.87864,41.002
"EN706","2",2,2023-08-08 06:33:43,41.03146,-70.87863,41.384
"EN706","2",3,2023-08-08 06:34:58,41.0316,-70.87832,30.258
"EN706","2",4,2023-08-08 06:35:01,41.0316,-70.8783,30.271
"EN706","2",5,2023-08-08 06:35:05,41.0316,-70.87828,30.068
"EN706","2",6,2023-08-08 06:35:11,41.03162,-70.87826,29.997
"EN706","2",7,2023-08-08 06:37:37,41.03164,-70.87747,15.065
"EN706","2",8,2023-08-08 06:37:40,41.03164,-70.87745,15.401
"EN706","2",9,2023-08-08 06:37:45,41.03164,-70.87743,15.343
"EN706","2",10,2023-08-08 06:37:47,41.03164,-70.87742,14.95
"EN706","2",11,2023-08-08 06:37:50,41.03164,-70.8774,15.168
"EN706","2",12,2023-08-08 06:37:55,41.03164,-70.87737,15.011
"EN706","2",13,2023-08-08 06:37:58,41.03164,-70.87734,15.128
"EN706","2",14,2023-08-08 06:39:17,41.03151,-70.87688,10.278
"EN706","2",15,2023-08-08 06:39:20,41.0315,-70.87686,9.783
"EN706","2",16,2023-08-08 06:41:45,41.0313,-70.87604,4.086
"EN706","2",17,2023-08-08 06:41:48,41.0313,-70.87603,4.111
"EN706","2",18,2023-08-08 06:41:50,41.0313,-70.87602,4.037
"EN706","2",19,2023-08-08 06:41:52,41.0313,-70.876,3.945
"EN706","2",20,2023-08-08 06:41:53,41.0313,-70.876,4.09
"EN706","2",21,2023-08-08 06:41:55,41.0313,-70.876,4.012
"EN706","2",22,2023-08-08 06:42:02,41.03128,-70.87596,4.25
"EN706","2",23,2023-08-08 06:42:09,41.03126,-70.87593,3.842
"EN706","3",1,2023-08-08 11:51:07,40.6966,-70.76832,17.196
"EN706","3",2,2023-08-08 11:51:15,40.6966,-70.76828,17.1
"EN706","3",3,2023-08-08 11:53:16,40.69656,-70.76766,3.017
"EN706","3",4,2023-08-08 11:53:22,40.69656,-70.76764,3.478
"EN706","4",1,2023-08-08 13:31:35,40.69108,-70.99232,58.589
"EN706","4",2,2023-08-08 13:34:54,40.69074,-70.9917,28.036
"EN706","4",3,2023-08-08 13:37:42,40.69057,-70.99139,4.116
"EN706","5",1,2023-08-08 15:43:44,40.69361,-70.88032,61.004
"EN706","5",2,2023-08-08 15:43:52,40.6936,-70.88032,60.928
"EN706","5",3,2023-08-08 15:46:53,40.69322,-70.88004,47.575
"EN706","5",4,2023-08-08 15:47:01,40.69322,-70.88004,47.929
"EN706","5",5,2023-08-08 15:49:17,40.69308,-70.87976,36.937
"EN706","5",6,2023-08-08 15:49:24,40.69306,-70.87974,36.884
"EN706","5",7,2023-08-08 15:49:32,40.69302,-70.87972,37.14
"EN706","5",8,2023-08-08 15:52:06,40.69264,-70.8795,25.428
"EN706","5",9,2023-08-08 15:52:14,40.69262,-70.87948,25.442
"EN706","5",10,2023-08-08 15:52:20,40.6926,-70.87947,25.445
"EN706","5",11,2023-08-08 15:52:25,40.6926,-70.87946,25.458
"EN706","5",12,2023-08-08 15:52:33,40.69258,-70.87944,24.762
"EN706","5",13,2023-08-08 15:52:40,40.69256,-70.87944,25.425
"EN706","5",14,2023-08-08 15:52:49,40.69254,-70.87942,25.524
"EN706","5",15,2023-08-08 15:54:42,40.69232,-70.87928,15.255
"EN706","5",16,2023-08-08 15:54:49,40.6923,-70.87926,14.858
"EN706","5",17,2023-08-08 15:56:35,40.69203,-70.8791,4.156
"EN706","5",18,2023-08-08 15:56:42,40.69202,-70.8791,4.072
"EN706","5",19,2023-08-08 15:56:48,40.692,-70.8791,4.154
"EN706","5",20,2023-08-08 15:56:55,40.692,-70.8791,4.135
"EN706","5",21,2023-08-08 15:57:01,40.69198,-70.87908,4.374
"EN706","5",22,2023-08-08 15:57:09,40.69196,-70.87908,3.997
"EN706","5",23,2023-08-08 15:57:16,40.69194,-70.87908,3.982
"EN706","5",24,2023-08-08 15:57:24,40.69192,-70.87906,3.892
"EN706","6",1,2023-08-08 20:42:01,40.51176,-70.88136,72.117
"EN706","6",2,2023-08-08 20:42:08,40.51174,-70.88136,72.12
"EN706","6",3,2023-08-08 20:42:16,40.51171,-70.88134,71.985
"EN706","6",4,2023-08-08 20:44:23,40.51145,-70.88118,54.873
"EN706","6",5,2023-08-08 20:44:31,40.51145,-70.88116,54.799
"EN706","6",6,2023-08-08 20:47:30,40.51101,-70.88102,44.107
"EN706","6",7,2023-08-08 20:49:36,40.5107,-70.88094,31.508
"EN706","6",8,2023-08-08 20:49:44,40.5107,-70.88094,31.938
"EN706","6",9,2023-08-08 20:49:50,40.51065,-70.88094,31.892
"EN706","6",10,2023-08-08 20:51:28,40.51042,-70.88084,19.993
"EN706","6",11,2023-08-08 20:51:37,40.5104,-70.88086,20.591
"EN706","6",12,2023-08-08 20:53:04,40.5102,-70.8808,15.271
"EN706","6",13,2023-08-08 20:53:12,40.51016,-70.8808,14.635
"EN706","6",14,2023-08-08 20:53:21,40.51014,-70.8808,15.684
"EN706","6",15,2023-08-08 20:55:04,40.50996,-70.88076,4.114
"EN706","6",16,2023-08-08 20:55:11,40.50991,-70.88076,4.287
"EN706","6",17,2023-08-08 20:55:17,40.5099,-70.88076,4.316
"EN706","6",18,2023-08-08 20:55:25,40.5099,-70.88074,4.327
"EN706","6",19,2023-08-08 20:55:32,40.50989,-70.88073,4.258
"EN706","7",1,2023-08-09 15:04:08,39.78042,-70.77758,31.334
"EN706","7",2,2023-08-09 15:04:15,39.7804,-70.77758,31.349
"EN706","7",3,2023-08-09 15:09:10,39.78038,-70.77816,5.036
"EN706","7",4,2023-08-09 15:09:18,39.7804,-70.77816,5.246
"EN706","8",1,2023-08-09 17:33:10,39.77312,-71.00257,45.487
"EN706","8",2,2023-08-09 17:33:30,39.77308,-71.0027,46.618
"EN706","8",3,2023-08-09 17:39:27,39.77264,-71.00454,5.315
"EN706","9",1,2023-08-09 19:55:15,39.77343,-70.88525,502.545
"EN706","9",2,2023-08-09 19:55:24,39.7734,-70.8853,501.938
"EN706","9",3,2023-08-09 20:01:02,39.77282,-70.88662,301.166
"EN706","9",4,2023-08-09 20:06:13,39.77228,-70.88748,140.844
"EN706","9",5,2023-08-09 20:10:20,39.77182,-70.88836,64.177
"EN706","9",6,2023-08-09 20:10:27,39.7718,-70.88838,63.678
"EN706","9",7,2023-08-09 20:10:35,39.77178,-70.8884,63.405
"EN706","9",8,2023-08-09 20:13:26,39.7714,-70.88896,56.006
"EN706","9",9,2023-08-09 20:13:33,39.77139,-70.88898,55.598
"EN706","9",10,2023-08-09 20:13:40,39.77136,-70.889,54.9
"EN706","9",11,2023-08-09 20:13:46,39.77136,-70.88901,54.82
"EN706","9",12,2023-08-09 20:13:54,39.77135,-70.88904,54.712
"EN706","9",13,2023-08-09 20:16:11,39.771,-70.88926,40.151
"EN706","9",14,2023-08-09 20:17:50,39.77082,-70.8895,30.491
"EN706","9",15,2023-08-09 20:17:57,39.7708,-70.88952,30.664
"EN706","9",16,2023-08-09 20:18:03,39.77078,-70.88954,30.086
"EN706","9",17,2023-08-09 20:18:10,39.77078,-70.88956,30.388
"EN706","9",18,2023-08-09 20:21:31,39.77048,-70.89026,4.281
"EN706","9",19,2023-08-09 20:21:39,39.77048,-70.89028,4.044
"EN706","9",20,2023-08-09 20:21:45,39.77046,-70.89028,4.186
"EN706","9",21,2023-08-09 20:21:53,39.77047,-70.8903,4.389
"EN706","9",22,2023-08-09 20:22:00,39.77048,-70.89033,4.392
"EN706","9",23,2023-08-09 20:22:07,39.77048,-70.89036,4.325
"EN706","9",24,2023-08-09 20:22:14,39.77048,-70.89036,4.325
"EN706","10",1,2023-08-10 00:10:01,39.93728,-70.88294,445.109
"EN706","10",2,2023-08-10 00:10:08,39.93726,-70.88294,445.226
"EN706","10",3,2023-08-10 00:10:15,39.93724,-70.88294,445.273
"EN706","10",4,2023-08-10 00:14:57,39.9365,-70.88298,250.762
"EN706","10",5,2023-08-10 00:19:11,39.93598,-70.88298,79.978
"EN706","10",6,2023-08-10 00:21:19,39.93566,-70.88325,61.986
"EN706","10",7,2023-08-10 00:21:25,39.93564,-70.88328,62.206
"EN706","10",8,2023-08-10 00:21:32,39.93562,-70.88332,62.068
"EN706","10",9,2023-08-10 00:21:40,39.9356,-70.88335,61.778
"EN706","10",10,2023-08-10 00:23:32,39.93532,-70.88394,47.179
"EN706","10",11,2023-08-10 00:23:40,39.93528,-70.88398,47.128
"EN706","10",12,2023-08-10 00:23:46,39.93526,-70.884,47.425
"EN706","10",13,2023-08-10 00:23:54,39.93524,-70.88404,47.616
"EN706","10",14,2023-08-10 00:26:15,39.93482,-70.88467,29.801
"EN706","10",15,2023-08-10 00:26:22,39.93482,-70.8847,29.786
"EN706","10",16,2023-08-10 00:26:29,39.9348,-70.88474,29.655
"EN706","10",17,2023-08-10 00:26:37,39.93478,-70.88478,29.822
"EN706","10",18,2023-08-10 00:28:51,39.93442,-70.88552,3.743
"EN706","10",19,2023-08-10 00:28:59,39.9344,-70.88558,4.277
"EN706","10",20,2023-08-10 00:29:13,39.93438,-70.88562,4.347
"EN706","10",21,2023-08-10 00:29:23,39.93434,-70.88566,4.233
"EN706","10",22,2023-08-10 00:29:29,39.93434,-70.88568,4.084
"EN706","10",23,2023-08-10 00:29:35,39.93432,-70.8857,4.291
"EN706","10",24,2023-08-10 00:29:44,39.9343,-70.88572,4.586
"EN706","11",1,2023-08-10 04:48:45,40.04055,-70.77652,35.24
"EN706","11",2,2023-08-10 04:49:45,40.04038,-70.77664,29.993
"EN706","11",3,2023-08-10 04:49:53,40.04036,-70.77666,30.273
"EN706","11",4,2023-08-10 04:52:56,40.03999,-70.777,4.369
"EN706","11",5,2023-08-10 04:53:04,40.03996,-70.77702,4.224
"EN706","12",1,2023-08-10 06:40:03,40.04392,-70.99424,3.617
"EN706","13",1,2023-08-10 07:46:40,40.0474,-70.88456,199.406
"EN706","13",2,2023-08-10 07:46:50,40.04738,-70.88462,199.221
"EN706","13",3,2023-08-10 07:50:45,40.04706,-70.88542,162.617
"EN706","13",4,2023-08-10 07:50:52,40.04706,-70.88546,162.63
"EN706","13",5,2023-08-10 07:53:14,40.04692,-70.88584,119.316
"EN706","13",6,2023-08-10 07:53:24,40.04694,-70.88588,120.053
"EN706","13",7,2023-08-10 07:55:36,40.04678,-70.88624,79.815
"EN706","13",8,2023-08-10 07:55:46,40.04678,-70.88626,79.813
"EN706","13",9,2023-08-10 07:58:21,40.04672,-70.88648,41.275
"EN706","13",10,2023-08-10 07:58:30,40.0467,-70.88648,41.557
"EN706","13",11,2023-08-10 07:58:40,40.04671,-70.8865,40.965
"EN706","13",12,2023-08-10 07:58:50,40.04666,-70.88652,40.796
"EN706","13",13,2023-08-10 08:00:09,40.04658,-70.88674,31.541
"EN706","13",14,2023-08-10 08:00:23,40.04656,-70.88678,31.474
"EN706","13",15,2023-08-10 08:02:15,40.0465,-70.88698,26.585
"EN706","13",16,2023-08-10 08:02:23,40.0465,-70.88698,26.721
"EN706","13",17,2023-08-10 08:02:34,40.04648,-70.887,26.637
"EN706","13",18,2023-08-10 08:02:44,40.04646,-70.88702,26.798
"EN706","13",19,2023-08-10 08:04:39,40.04636,-70.88718,3.672
"EN706","13",20,2023-08-10 08:04:46,40.04636,-70.8872,3.303
"EN706","13",21,2023-08-10 08:04:53,40.04633,-70.8872,3.945
"EN706","13",22,2023-08-10 08:05:03,40.04632,-70.88723,3.909
"EN706","13",23,2023-08-10 08:05:11,40.0463,-70.88724,3.573
"EN706","13",24,2023-08-10 08:05:19,40.0463,-70.88726,3.85
"EN706","14",1,2023-08-10 21:52:54,40.25628,-70.8792,116.795
"EN706","14",2,2023-08-10 21:53:01,40.25626,-70.87916,116.607
"EN706","14",3,2023-08-10 21:55:57,40.25591,-70.87855,80.376
"EN706","14",4,2023-08-10 21:56:05,40.2559,-70.87852,80.371
"EN706","14",5,2023-08-10 21:59:16,40.25568,-70.8779,57.867
"EN706","14",6,2023-08-10 21:59:24,40.25568,-70.87786,57.97
"EN706","14",7,2023-08-10 22:01:19,40.25566,-70.87736,45.059
"EN706","14",8,2023-08-10 22:01:28,40.25564,-70.8773,45.193
"EN706","14",9,2023-08-10 22:03:46,40.25546,-70.87674,38.935
"EN706","14",10,2023-08-10 22:03:53,40.25544,-70.87672,38.796
"EN706","14",11,2023-08-10 22:04:23,40.2554,-70.87662,38.799
"EN706","14",12,2023-08-10 22:05:53,40.25522,-70.87628,29.606
"EN706","14",13,2023-08-10 22:06:00,40.25521,-70.87626,29.679
"EN706","14",14,2023-08-10 22:07:22,40.25508,-70.8759,19.861
"EN706","14",15,2023-08-10 22:07:45,40.25505,-70.87579,20.007
"EN706","14",16,2023-08-10 22:07:53,40.25504,-70.87575,19.991
"EN706","14",17,2023-08-10 22:09:39,40.2548,-70.87522,3.871
"EN706","14",18,2023-08-10 22:10:06,40.25468,-70.87518,3.651
"EN706","14",19,2023-08-10 22:10:20,40.25462,-70.87516,3.811
"EN706","14",20,2023-08-10 22:10:29,40.2546,-70.87516,3.863
"EN706","14",21,2023-08-10 22:10:39,40.25458,-70.87516,3.65
"EN706","15",1,2023-08-11 00:07:45,40.14902,-70.87832,131.990211141176
"EN706","15",2,2023-08-11 00:07:54,40.14896,-70.87829,132.223257791866
"EN706","15",3,2023-08-11 00:10:50,40.14789,-70.8778,90.8658621891078
"EN706","15",4,2023-08-11 00:14:03,40.14641,-70.87726,59.0596181117366
"EN706","15",5,2023-08-11 00:14:10,40.14636,-70.87722,59.0129925599098
"EN706","15",6,2023-08-11 00:14:17,40.14631,-70.87721,58.5606226132587
"EN706","15",7,2023-08-11 00:17:04,40.14519,-70.87652,43.7816583080086
"EN706","15",8,2023-08-11 00:17:16,40.14509,-70.87648,43.5961335350838
"EN706","15",9,2023-08-11 00:17:26,40.14502,-70.87644,43.5663704003611
"EN706","15",10,2023-08-11 00:17:34,40.14498,-70.8764,43.918570661363
"EN706","15",11,2023-08-11 00:17:44,40.14492,-70.87635,43.2221070102854
"EN706","15",12,2023-08-11 00:17:57,40.14484,-70.87628,43.5663711135834
"EN706","15",13,2023-08-11 00:19:58,40.14398,-70.87578,31.4602426121454
"EN706","15",14,2023-08-11 00:20:05,40.14393,-70.87574,31.587240807964
"EN706","15",15,2023-08-11 00:20:27,40.1438,-70.87565,32.2162772570378
"EN706","15",16,2023-08-11 00:23:49,40.14255,-70.87468,23.356019463169
"EN706","15",17,2023-08-11 00:24:07,40.14243,-70.87461,23.5812517234905
"EN706","15",18,2023-08-11 00:27:04,40.14142,-70.87395,3.16053198116637
"EN706","15",19,2023-08-11 00:27:11,40.14138,-70.87394,3.3828093276628
"EN706","15",20,2023-08-11 00:27:19,40.14132,-70.8739,3.08511643024417
"EN706","15",21,2023-08-11 00:27:26,40.14128,-70.87388,3.16350895162526
"EN706","15",22,2023-08-11 00:27:33,40.14124,-70.87386,2.97596227418366
"EN706","15",23,2023-08-11 00:27:41,40.14118,-70.87384,3.32823238635704
"EN706","15",24,2023-08-11 00:27:49,40.14112,-70.8738,3.07817031302498
"EN706","16",1,2023-08-11 04:50:56,40.3626,-70.77368,25.086
"EN706","16",2,2023-08-11 04:51:03,40.36258,-70.77368,25.134
"EN706","16",3,2023-08-11 04:53:03,40.36238,-70.77336,3.925
"EN706","16",4,2023-08-11 04:53:15,40.36236,-70.77333,3.696
"EN706","18",1,2023-08-11 07:19:32,40.36266,-70.99452,80.841
"EN706","18",2,2023-08-11 07:22:16,40.36252,-70.99502,4.822
"EN706","19",1,2023-08-11 08:39:19,40.36488,-70.88752,89.064
"EN706","19",2,2023-08-11 08:42:48,40.36504,-70.88874,75.209
"EN706","19",3,2023-08-11 08:46:02,40.3652,-70.88972,48.851
"EN706","19",4,2023-08-11 08:48:31,40.36528,-70.89048,38.157
"EN706","19",5,2023-08-11 08:48:42,40.36528,-70.89052,37.928
"EN706","19",6,2023-08-11 08:48:50,40.36528,-70.89054,38.261
"EN706","19",7,2023-08-11 08:49:01,40.3653,-70.89063,37.818
"EN706","19",8,2023-08-11 08:50:50,40.36538,-70.89126,29.629
"EN706","19",9,2023-08-11 08:50:58,40.36538,-70.89129,29.464
"EN706","19",10,2023-08-11 08:51:08,40.3654,-70.89137,29.556
"EN706","19",11,2023-08-11 08:51:16,40.3654,-70.89141,29.324
"EN706","19",12,2023-08-11 08:51:27,40.36542,-70.89148,29.561
"EN706","19",13,2023-08-11 08:51:35,40.36542,-70.89153,29.421
"EN706","19",14,2023-08-11 08:53:39,40.36548,-70.89226,19.776
"EN706","19",15,2023-08-11 08:53:46,40.36548,-70.89232,19.914
"EN706","19",16,2023-08-11 08:53:53,40.36548,-70.89235,19.728
"EN706","19",17,2023-08-11 08:56:59,40.36564,-70.89334,4.619
"EN706","19",18,2023-08-11 08:57:08,40.36566,-70.8934,4.219
"EN706","19",19,2023-08-11 08:57:15,40.36566,-70.89342,4.441
"EN706","19",20,2023-08-11 08:57:21,40.36566,-70.89348,4.491
"EN706","19",21,2023-08-11 08:57:30,40.36568,-70.89352,4.976
"EN706","19",22,2023-08-11 08:57:37,40.36568,-70.89354,4.147
"EN706","19",23,2023-08-11 08:57:44,40.36568,-70.89357,4.278
"EN706","19",24,2023-08-11 08:58:00,40.3657,-70.89362,4.423
"EN706","20",1,2023-08-11 20:48:52,40.86159,-70.88044,50.398
"EN706","20",2,2023-08-11 20:48:59,40.86157,-70.88042,50.196
"EN706","20",3,2023-08-11 20:51:10,40.86134,-70.88008,37.806
"EN706","20",4,2023-08-11 20:51:40,40.86124,-70.88002,37.917
"EN706","20",5,2023-08-11 20:54:24,40.86107,-70.87962,30.283
"EN706","20",6,2023-08-11 20:54:30,40.86105,-70.8796,30.235
"EN706","20",7,2023-08-11 20:54:40,40.86101,-70.87958,30.015
"EN706","20",8,2023-08-11 20:55:11,40.86101,-70.8795,29.869
"EN706","20",9,2023-08-11 20:55:21,40.86098,-70.87949,30.193
"EN706","20",10,2023-08-11 20:57:10,40.8608,-70.87924,23.32
"EN706","20",11,2023-08-11 20:57:17,40.86079,-70.87922,23.328
"EN706","20",12,2023-08-11 20:57:24,40.8608,-70.8792,23.047
"EN706","20",13,2023-08-11 20:57:32,40.86075,-70.87918,23.127
"EN706","20",14,2023-08-11 20:57:42,40.86074,-70.87917,23.146
"EN706","20",15,2023-08-11 20:59:31,40.86055,-70.87894,15.322
"EN706","20",16,2023-08-11 20:59:38,40.86051,-70.87893,15.362
"EN706","20",17,2023-08-11 20:59:46,40.86048,-70.87892,15.107
"EN706","20",18,2023-08-11 21:01:41,40.86028,-70.87864,4.307
"EN706","20",19,2023-08-11 21:01:47,40.86022,-70.87864,4.145
"EN706","20",20,2023-08-11 21:01:53,40.8602,-70.87862,4.073
"EN706","20",21,2023-08-11 21:02:00,40.86019,-70.8786,4.072
"EN706","20",22,2023-08-11 21:02:10,40.86018,-70.87858,4.225
"EN706","20",23,2023-08-11 21:02:22,40.86014,-70.87854,4.076
"EN706","20",24,2023-08-11 21:02:29,40.86012,-70.87854,4.064
"EN706","21",1,2023-08-12 00:33:58,41.02564,-70.77426,13.058
"EN706","21",2,2023-08-12 00:34:05,41.0256,-70.77424,13.174
"EN706","21",3,2023-08-12 00:35:19,41.02536,-70.77404,3.189
"EN706","21",4,2023-08-12 00:35:26,41.02534,-70.77402,3.123
"EN706","22",1,2023-08-12 02:04:10,41.02376,-70.99626,3.938
"EN706","23",1,2023-08-12 04:10:11,41.0274,-70.88542,24.761
"EN706","23",2,2023-08-12 04:10:20,41.02736,-70.8855,24.671
"EN706","23",3,2023-08-12 04:11:34,41.02694,-70.88598,13.467
"EN706","23",4,2023-08-12 04:11:43,41.02688,-70.88602,13.52
"EN706","23",5,2023-08-12 04:13:23,41.02639,-70.88658,3.578
"EN706","23",6,2023-08-12 04:13:32,41.02636,-70.88662,3.588
"EN706","24",1,2023-08-12 08:14:33,41.31472,-70.58214,16.969
"EN706","24",2,2023-08-12 08:14:40,41.3147,-70.58214,16.941
"EN706","24",3,2023-08-12 08:14:47,41.31468,-70.58213,16.921
"EN706","24",4,2023-08-12 08:21:51,41.31394,-70.58198,11.986
"EN706","24",5,2023-08-12 08:21:57,41.31392,-70.58198,12.085
"EN706","24",6,2023-08-12 08:24:40,41.31362,-70.58188,3.014
"EN706","24",7,2023-08-12 08:24:49,41.3136,-70.58188,3.073
"EN706","24",8,2023-08-12 08:24:56,41.3136,-70.58186,3.393
"EN706","24",9,2023-08-12 08:25:03,41.31358,-70.58186,3.132
"EN706","25",1,2023-08-12 10:44:06,41.15628,-70.8785,26.325
"AR77","1",1,2023-10-11 15:51:45,41.1955,-70.877167,16.5030956569954
"AR77","1",2,2023-10-11 15:51:53,41.1955,-70.877167,16.8334813202509
"AR77","1",3,2023-10-11 15:52:00,41.1955,-70.877167,16.7560937352684
"AR77","1",4,2023-10-11 15:52:09,41.1955,-70.877167,16.5775068889664
"AR77","1",5,2023-10-11 15:52:16,41.1955,-70.877167,16.8820965830247
"AR77","1",6,2023-10-11 15:55:00,41.1955,-70.877167,9.60059207310842
"AR77","1",7,2023-10-11 15:55:08,41.1955,-70.877167,9.64920905483898
"AR77","1",8,2023-10-11 15:55:15,41.1955,-70.877167,9.71766968298959
"AR77","1",9,2023-10-11 15:55:25,41.1955,-70.877167,9.75735699316496
"AR77","1",10,2023-10-11 15:55:32,41.1955,-70.877167,9.59761552283116
"AR77","1",11,2023-10-11 15:55:41,41.1955,-70.877167,9.63234194003743
"AR77","1",12,2023-10-11 15:57:58,41.1955,-70.877167,3.7456339222099
"AR77","1",13,2023-10-11 15:58:07,41.1955,-70.877167,3.96193598474028
"AR77","1",14,2023-10-11 15:58:15,41.1955,-70.877167,4.03139072694096
"AR77","1",15,2023-10-11 15:58:27,41.1955,-70.877167,3.67717129512411
"AR77","1",16,2023-10-11 15:58:34,41.1955,-70.877167,3.75257940483676
"AR77","1",17,2023-10-11 15:58:42,41.1955,-70.877167,3.6176385572907
"AR77","1",18,2023-10-11 15:58:48,41.1955,-70.877167,4.00460104345778
"AR77","1",19,2023-10-11 15:58:55,41.1955,-70.877167,3.66724917335526
"AR77","1",20,2023-10-11 15:59:02,41.1955,-70.877167,3.51940950198058
"AR77","1",21,2023-10-11 15:59:16,41.1955,-70.877167,3.88454352993318
"AR77","1",22,2023-10-11 15:59:23,41.1955,-70.877167,3.65633483885356
"AR77","1",23,2023-10-11 15:59:32,41.1955,-70.877167,3.85576940465213
"AR77","1",24,2023-10-11 15:59:38,41.1955,-70.877167,3.98078798852688
"AR77","2",1,2023-10-12 03:45:44,41.029833,-70.884,41.8694471357042
"AR77","2",2,2023-10-12 03:45:53,41.029833,-70.884,41.9865080566175
"AR77","2",3,2023-10-12 03:48:22,41.029833,-70.884,27.1926517485318
"AR77","2",4,2023-10-12 03:48:31,41.029833,-70.884,27.0289530159404
"AR77","2",5,2023-10-12 03:48:39,41.029833,-70.884,26.8493803162307
"AR77","2",6,2023-10-12 03:48:59,41.029833,-70.884,26.9317258279263
"AR77","2",7,2023-10-12 03:50:28,41.029833,-70.884,19.0154919027818
"AR77","2",8,2023-10-12 03:50:39,41.029833,-70.884,18.8924649204487
"AR77","2",9,2023-10-12 03:50:47,41.029833,-70.884,19.0442643315242
"AR77","2",10,2023-10-12 03:50:57,41.029833,-70.884,18.8865120000723
"AR77","2",11,2023-10-12 03:51:04,41.029833,-70.884,18.9182609067451
"AR77","2",12,2023-10-12 03:51:11,41.029833,-70.884,18.8974256872968
"AR77","2",13,2023-10-12 03:51:19,41.029833,-70.884,18.9113158338314
"AR77","2",14,2023-10-12 03:53:15,41.029833,-70.884,10.2059776496434
"AR77","2",15,2023-10-12 03:53:24,41.029833,-70.884,10.2158996045154
"AR77","2",16,2023-10-12 03:53:31,41.029833,-70.884,10.0918751340241
"AR77","2",17,2023-10-12 03:53:39,41.029833,-70.884,10.1166800341382
"AR77","2",18,2023-10-12 03:55:00,41.029833,-70.884,2.9836590168976
"AR77","2",19,2023-10-12 03:55:07,41.029833,-70.884,3.08387427754307
"AR77","2",20,2023-10-12 03:55:20,41.029833,-70.884,3.04021615022895
"AR77","2",21,2023-10-12 03:55:29,41.029833,-70.884,3.00548808775596
"AR77","2",22,2023-10-12 03:55:39,41.029833,-70.884,3.14241584272424
"AR77","2",23,2023-10-12 03:55:46,41.029833,-70.884,3.1543225996935
"AR77","2",24,2023-10-12 03:55:54,41.029833,-70.884,3.28430465152068
"AR77","3",1,2023-10-12 05:27:05,41.029167,-70.772167,34.936942456746
"AR77","3",2,2023-10-12 05:27:15,41.029167,-70.772167,34.92999792708
"AR77","3",3,2023-10-12 05:30:18,41.029167,-70.772167,3.05708425023583
"AR77","3",4,2023-10-12 05:30:26,41.029167,-70.772167,2.90725742750257
"AR77","4",1,2023-10-12 06:45:59,41.029667,-70.995667,3.80522431705208
"AR77","5",1,2023-10-12 11:36:54,40.513333,-70.882667,72.8758151141642
"AR77","5",2,2023-10-12 11:37:04,40.513333,-70.882667,72.9531863056564
"AR77","5",3,2023-10-12 11:39:27,40.513333,-70.882667,59.8512479343506
"AR77","5",4,2023-10-12 11:39:37,40.513333,-70.882667,60.0109601342858
"AR77","5",5,2023-10-12 11:43:00,40.513333,-70.882667,48.1730717245094
"AR77","5",6,2023-10-12 11:43:10,40.513333,-70.882667,48.0867626417738
"AR77","5",7,2023-10-12 11:46:22,40.513333,-70.882667,30.3023470499762
"AR77","5",8,2023-10-12 11:46:31,40.513333,-70.882667,29.9947819203369
"AR77","5",9,2023-10-12 11:46:40,40.513333,-70.882667,30.1148315904551
"AR77","5",10,2023-10-12 11:48:30,40.513333,-70.882667,18.9499109598775
"AR77","5",11,2023-10-12 11:48:43,40.513333,-70.882667,18.8804569564966
"AR77","5",12,2023-10-12 11:50:41,40.513333,-70.882667,3.65457804467467
"AR77","5",13,2023-10-12 11:50:53,40.513333,-70.882667,3.65060894836161
"AR77","5",14,2023-10-12 11:51:02,40.513333,-70.882667,3.37277201504844
"AR77","5",15,2023-10-12 11:51:13,40.513333,-70.882667,3.59504159189155
"AR77","5",16,2023-10-12 11:51:20,40.513333,-70.882667,3.45513085963638
"AR77","6",1,2023-10-13 02:49:46,39.94,-70.884,439.416057343822
"AR77","6",2,2023-10-13 02:50:09,39.94,-70.884,439.581424540455
"AR77","6",3,2023-10-13 02:56:17,39.94,-70.884,152.76291167504
"AR77","6",4,2023-10-13 02:56:32,39.94,-70.884,152.784726957248
"AR77","6",5,2023-10-13 03:00:08,39.94,-70.884,61.0061411313631
"AR77","6",6,2023-10-13 03:00:51,39.94,-70.884,61.0954254140434
"AR77","6",7,2023-10-13 03:02:39,39.94,-70.884,40.1145327289334
"AR77","6",8,2023-10-13 03:02:56,39.94,-70.884,40.2087868657336
"AR77","6",9,2023-10-13 03:05:18,39.94,-70.884,30.2076848468442
"AR77","6",10,2023-10-13 03:05:29,39.94,-70.884,30.2176068172143
"AR77","6",11,2023-10-13 03:05:42,39.94,-70.884,30.3882646322878
"AR77","6",12,2023-10-13 03:05:52,39.94,-70.884,30.1263246716652
"AR77","6",13,2023-10-13 03:06:06,39.94,-70.884,30.2622556779267
"AR77","6",14,2023-10-13 03:06:39,39.94,-70.884,29.9755106028593
"AR77","6",15,2023-10-13 03:08:30,39.94,-70.884,20.3420316627865
"AR77","6",16,2023-10-13 03:08:39,39.94,-70.884,20.2904349216252
"AR77","6",17,2023-10-13 03:11:10,39.94,-70.884,3.53370491863114
"AR77","6",18,2023-10-13 03:11:19,39.94,-70.884,3.45332646253118
"AR77","6",19,2023-10-13 03:11:38,39.94,-70.884,3.56744401424913
"AR77","6",20,2023-10-13 03:11:54,39.94,-70.884,3.43050294454755
"AR77","6",21,2023-10-13 03:12:02,39.94,-70.884,3.34714746592909
"AR77","6",22,2023-10-13 03:12:14,39.94,-70.884,3.50393512375841
"AR77","6",23,2023-10-13 03:12:21,39.94,-70.884,3.53965887708576
"AR77","6",24,2023-10-13 03:12:31,39.94,-70.884,3.56248238288963
"AR77","7",1,2023-10-13 05:58:23,39.773,-70.775167,3.1725458815042
"AR77","8",1,2023-10-13 07:38:50,39.773667,-70.991167,4.34946129269608
"AR77","9",1,2023-10-13 09:33:33,39.773,-70.8835,502.571437433247
"AR77","9",2,2023-10-13 09:33:43,39.773,-70.8835,502.36157104298
"AR77","9",3,2023-10-13 09:40:59,39.773,-70.8835,253.653514488808
"AR77","9",4,2023-10-13 09:45:14,39.773,-70.8835,120.790961586126
"AR77","9",5,2023-10-13 09:49:05,39.773,-70.8835,63.7669663025554
"AR77","9",6,2023-10-13 09:49:15,39.773,-70.8835,63.9564476641497
"AR77","9",7,2023-10-13 09:51:38,39.773,-70.8835,42.6927669735501
"AR77","9",8,2023-10-13 09:51:46,39.773,-70.8835,43.057878431561
"AR77","9",9,2023-10-13 09:51:54,39.773,-70.8835,43.320797964048
"AR77","9",10,2023-10-13 09:54:23,39.773,-70.8835,33.0835533193003
"AR77","9",11,2023-10-13 09:54:34,39.773,-70.8835,32.6926268692573
"AR77","9",12,2023-10-13 09:54:42,39.773,-70.8835,33.1827731116712
"AR77","9",13,2023-10-13 09:54:49,39.773,-70.8835,33.2661177000911
"AR77","9",14,2023-10-13 09:54:55,39.773,-70.8835,32.3830602166201
"AR77","9",15,2023-10-13 09:55:02,39.773,-70.8835,32.7094942695714
"AR77","9",16,2023-10-13 09:57:37,39.773,-70.8835,20.1458725161771
"AR77","9",17,2023-10-13 09:59:41,39.773,-70.8835,4.40304777453922
"AR77","9",18,2023-10-13 09:59:48,39.773,-70.8835,3.51788103094286
"AR77","9",19,2023-10-13 09:59:54,39.773,-70.8835,3.95451084506786
"AR77","9",20,2023-10-13 10:00:01,39.773,-70.8835,4.25022778071492
"AR77","9",21,2023-10-13 10:00:08,39.773,-70.8835,3.43551666606146
"AR77","9",22,2023-10-13 10:00:15,39.773,-70.8835,3.99718143600101
"AR77","9",23,2023-10-13 10:00:22,39.773,-70.8835,4.1946568455628
"AR77","9",24,2023-10-13 10:00:29,39.773,-70.8835,3.52978912914547
"AR77","10",1,2023-10-13 20:16:11,40.362667,-70.883,87.4956846497004
"AR77","10",2,2023-10-13 20:18:04,40.362667,-70.883,64.5730156210545
"AR77","10",3,2023-10-13 20:19:53,40.362667,-70.883,44.6538318617092
"AR77","10",4,2023-10-13 20:20:05,40.362667,-70.883,44.4792241427993
"AR77","10",5,2023-10-13 20:20:14,40.362667,-70.883,44.4623586166078
"AR77","10",6,2023-10-13 20:21:47,40.362667,-70.883,32.9458560493015
"AR77","10",7,2023-10-13 20:21:57,40.362667,-70.883,33.0351491373317
"AR77","10",8,2023-10-13 20:22:12,40.362667,-70.883,32.7752069282479
"AR77","10",9,2023-10-13 20:23:30,40.362667,-70.883,24.8646702648865
"AR77","10",10,2023-10-13 20:23:43,40.362667,-70.883,24.7843032787539
"AR77","10",11,2023-10-13 20:23:55,40.362667,-70.883,24.6880612908651
"AR77","10",12,2023-10-13 20:25:06,40.362667,-70.883,14.8840397531926
"AR77","10",13,2023-10-13 20:25:14,40.362667,-70.883,14.9336514081354
"AR77","10",14,2023-10-13 20:25:24,40.362667,-70.883,14.9068611159605
"AR77","10",15,2023-10-13 20:25:32,40.362667,-70.883,14.8522882877154
"AR77","10",16,2023-10-13 20:25:41,40.362667,-70.883,15.1499580831091
"AR77","10",17,2023-10-13 20:25:49,40.362667,-70.883,15.0249368217962
"AR77","10",18,2023-10-13 20:26:53,40.362667,-70.883,3.83026305549514
"AR77","10",19,2023-10-13 20:27:16,40.362667,-70.883,4.00490546428474
"AR77","10",20,2023-10-13 20:27:26,40.362667,-70.883,4.06642718640976
"AR77","10",21,2023-10-13 20:27:34,40.362667,-70.883,3.90964598706663
"AR77","10",22,2023-10-13 20:27:41,40.362667,-70.883,3.75683381636194
"AR77","10",23,2023-10-13 20:27:50,40.362667,-70.883,3.78858700408691
"AR77","10",24,2023-10-13 20:27:58,40.362667,-70.883,3.59012949993211
"AR77","11",1,2023-10-13 21:38:30,40.3635,-70.774167,90.1300977897072
"AR77","12",1,2023-10-13 23:02:36,40.363833,-70.992667,87.7367023642342
"AR77","13",1,2023-10-14 01:47:47,40.030833,-70.880833,229.05769189716
"AR77","13",2,2023-10-14 01:48:04,40.030833,-70.880833,229.100314661183
"AR77","13",3,2023-10-14 01:48:20,40.030833,-70.880833,228.898104260308
"AR77","13",4,2023-10-14 01:51:42,40.030833,-70.880833,107.639087382984
"AR77","13",5,2023-10-14 01:52:16,40.030833,-70.880833,107.878114376371
"AR77","13",6,2023-10-14 01:54:32,40.030833,-70.880833,75.5732212538384
"AR77","13",7,2023-10-14 01:54:43,40.030833,-70.880833,75.3579638559302
"AR77","13",8,2023-10-14 01:57:01,40.030833,-70.880833,40.0110189848417
"AR77","13",9,2023-10-14 01:57:10,40.030833,-70.880833,40.1776986635584
"AR77","13",10,2023-10-14 01:57:18,40.030833,-70.880833,40.1866279282308
"AR77","13",11,2023-10-14 01:58:32,40.030833,-70.880833,30.2491074674794
"AR77","13",12,2023-10-14 01:58:46,40.030833,-70.880833,30.1905683275578
"AR77","13",13,2023-10-14 01:58:54,40.030833,-70.880833,30.0576149645169
"AR77","13",14,2023-10-14 01:59:04,40.030833,-70.880833,30.1816386267758
"AR77","13",15,2023-10-14 02:00:25,40.030833,-70.880833,25.2851273460716
"AR77","13",16,2023-10-14 02:00:32,40.030833,-70.880833,25.6403391979713
"AR77","13",17,2023-10-14 02:00:39,40.030833,-70.880833,25.5232582646305
"AR77","13",18,2023-10-14 02:01:58,40.030833,-70.880833,15.0660731821533
"AR77","13",19,2023-10-14 02:02:21,40.030833,-70.880833,15.5066371663012
"AR77","13",20,2023-10-14 02:03:59,40.030833,-70.880833,3.73908552568301
"AR77","13",21,2023-10-14 02:04:15,40.030833,-70.880833,3.6864927053491
"AR77","13",22,2023-10-14 02:04:22,40.030833,-70.880833,3.73114698763122
"AR77","13",23,2023-10-14 02:04:30,40.030833,-70.880833,3.59817642946261
"AR77","13",24,2023-10-14 02:04:40,40.030833,-70.880833,3.63092291822828
"AR77","14",1,2023-10-14 03:47:01,40.033333,-70.769667,3.63389904580315
"AR77","15",1,2023-10-14 05:11:23,40.032,-70.994,257.928101544209
"AR77","16",1,2023-10-14 07:45:24,40.150833,-70.884333,132.781552643122
"AR77","16",2,2023-10-14 07:45:32,40.150833,-70.884333,133.104840517463
"AR77","16",3,2023-10-14 07:47:47,40.150833,-70.884333,94.8065558335415
"AR77","16",4,2023-10-14 07:50:58,40.150833,-70.884333,60.0030205228581
"AR77","16",5,2023-10-14 07:53:20,40.150833,-70.884333,35.2234966938569
"AR77","16",6,2023-10-14 07:53:32,40.150833,-70.884333,34.9982776735703
"AR77","16",7,2023-10-14 07:53:44,40.150833,-70.884333,35.1133676003634
"AR77","16",8,2023-10-14 07:55:30,40.150833,-70.884333,22.4461421147978
"AR77","16",9,2023-10-14 07:55:41,40.150833,-70.884333,22.2516677496258
"AR77","16",10,2023-10-14 07:55:51,40.150833,-70.884333,22.2794498131096
"AR77","16",11,2023-10-14 07:56:02,40.150833,-70.884333,22.3429516583364
"AR77","16",12,2023-10-14 07:56:10,40.150833,-70.884333,22.3995079726495
"AR77","16",13,2023-10-14 07:56:23,40.150833,-70.884333,22.2139635145787
"AR77","16",14,2023-10-14 07:58:20,40.150833,-70.884333,17.0027745035171
"AR77","16",15,2023-10-14 07:58:33,40.150833,-70.884333,17.3500589348466
"AR77","16",16,2023-10-14 07:58:41,40.150833,-70.884333,17.2022150632821
"AR77","16",17,2023-10-14 08:00:57,40.150833,-70.884333,3.1446523272829
"AR77","16",18,2023-10-14 08:01:08,40.150833,-70.884333,3.21014473022172
"AR77","16",19,2023-10-14 08:01:17,40.150833,-70.884333,3.18434469520369
"AR77","16",20,2023-10-14 08:01:32,40.150833,-70.884333,3.22999090879034
"AR77","16",21,2023-10-14 08:01:41,40.150833,-70.884333,3.15457541998521
"AR77","16",22,2023-10-14 08:01:48,40.150833,-70.884333,3.2756371121904
"AR77","16",23,2023-10-14 08:01:56,40.150833,-70.884333,3.23594476198543
"AR77","16",24,2023-10-14 08:02:03,40.150833,-70.884333,2.95412885404355
"AR77","17",1,2023-10-14 10:10:14,40.257333,-70.884,116.741331256494
"AR77","17",2,2023-10-14 10:10:21,40.257333,-70.884,116.772075483958
"AR77","17",3,2023-10-14 10:12:19,40.257333,-70.884,90.0595536889324
"AR77","17",4,2023-10-14 10:12:29,40.257333,-70.884,90.0833587708718
"AR77","17",5,2023-10-14 10:15:53,40.257333,-70.884,62.9070648900634
"AR77","17",6,2023-10-14 10:16:03,40.257333,-70.884,63.062810394766
"AR77","17",7,2023-10-14 10:18:13,40.257333,-70.884,38.2204008201096
"AR77","17",8,2023-10-14 10:20:48,40.257333,-70.884,26.2132963624986
"AR77","17",9,2023-10-14 10:20:57,40.257333,-70.884,25.8987725895304
"AR77","17",10,2023-10-14 10:21:04,40.257333,-70.884,26.0595071963678
"AR77","17",11,2023-10-14 10:22:49,40.257333,-70.884,17.334015127523
"AR77","17",12,2023-10-14 10:22:59,40.257333,-70.884,17.1901416032659
"AR77","17",13,2023-10-14 10:24:38,40.257333,-70.884,2.85487014538709
"AR77","17",14,2023-10-14 10:24:47,40.257333,-70.884,3.14263725759485
"AR77","17",15,2023-10-14 10:24:53,40.257333,-70.884,3.56535648824542
"AR77","17",16,2023-10-14 10:25:00,40.257333,-70.884,3.32224342242686
"AR77","18",1,2023-10-14 20:57:49,40.862833,-70.882833,50.2081561837279
"AR77","18",2,2023-10-14 20:57:53,40.862833,-70.882833,50.1516112232993
"AR77","18",3,2023-10-14 20:59:08,40.862833,-70.882833,41.7927054345622
"AR77","18",4,2023-10-14 20:59:23,40.862833,-70.882833,41.69349966091
"AR77","18",5,2023-10-14 21:01:19,40.862833,-70.882833,32.2469056043332
"AR77","18",6,2023-10-14 21:01:28,40.862833,-70.882833,32.2727003006706
"AR77","18",7,2023-10-14 21:01:42,40.862833,-70.882833,32.2280556318768
"AR77","18",8,2023-10-14 21:01:56,40.862833,-70.882833,32.2131740734479
"AR77","18",9,2023-10-14 21:02:11,40.862833,-70.882833,32.3719106408981
"AR77","18",10,2023-10-14 21:02:33,40.862833,-70.882833,32.0980899850539
"AR77","18",11,2023-10-14 21:03:54,40.862833,-70.882833,19.4116566254839
"AR77","18",12,2023-10-14 21:04:06,40.862833,-70.882833,19.3709778153687
"AR77","18",13,2023-10-14 21:04:16,40.862833,-70.882833,19.3590718206342
"AR77","18",14,2023-10-14 21:04:24,40.862833,-70.882833,19.4126487914833
"AR77","18",15,2023-10-14 21:06:28,40.862833,-70.882833,3.39449383716255
"AR77","18",16,2023-10-14 21:06:45,40.862833,-70.882833,3.41334646642937
"AR77","18",17,2023-10-14 21:07:07,40.862833,-70.882833,3.31412208237155
"AR77","18",18,2023-10-14 21:07:29,40.862833,-70.882833,3.33694369496741
"AR77","18",19,2023-10-14 21:07:39,40.862833,-70.882833,3.33495920701669
"AR77","19",1,2023-10-14 23:09:06,40.697,-70.883833,61.6308508746322
"AR77","19",2,2023-10-14 23:09:14,40.697,-70.883833,61.6169632047274
"AR77","19",3,2023-10-14 23:12:02,40.697,-70.883833,37.6732194242525
"AR77","19",4,2023-10-14 23:12:19,40.697,-70.883833,37.7773891084307
"AR77","19",5,2023-10-14 23:14:22,40.697,-70.883833,33.0718427644051
"AR77","19",6,2023-10-14 23:14:31,40.697,-70.883833,32.981560298776
"AR77","19",7,2023-10-14 23:14:38,40.697,-70.883833,32.7702396465876
"AR77","19",8,2023-10-14 23:14:45,40.697,-70.883833,32.729562876287
"AR77","19",9,2023-10-14 23:18:03,40.697,-70.883833,20.1263195407146
"AR77","19",10,2023-10-14 23:18:12,40.697,-70.883833,20.2007328438483
"AR77","19",11,2023-10-14 23:18:21,40.697,-70.883833,20.2156155012273
"AR77","19",12,2023-10-14 23:18:28,40.697,-70.883833,19.7582213364816
"AR77","19",13,2023-10-14 23:18:38,40.697,-70.883833,19.8842280739348
"AR77","19",14,2023-10-14 23:18:49,40.697,-70.883833,19.8941498609896
"AR77","19",15,2023-10-14 23:20:17,40.697,-70.883833,14.8746563376571
"AR77","19",16,2023-10-14 23:20:23,40.697,-70.883833,14.866718713308
"AR77","19",17,2023-10-14 23:20:41,40.697,-70.883833,14.8042099107963
"AR77","19",18,2023-10-14 23:22:24,40.697,-70.883833,2.95695865913828
"AR77","19",19,2023-10-14 23:22:34,40.697,-70.883833,2.8180420952648
"AR77","19",20,2023-10-14 23:22:42,40.697,-70.883833,2.82002661827017
"AR77","19",21,2023-10-14 23:22:49,40.697,-70.883833,3.00260265238869
"AR77","19",22,2023-10-14 23:22:56,40.697,-70.883833,3.0968673888172
"AR77","19",23,2023-10-14 23:23:03,40.697,-70.883833,2.64241173303071
"AR77","19",24,2023-10-14 23:23:10,40.697,-70.883833,2.68607127219133
"AR77","20",1,2023-10-15 01:19:29,40.696833,-70.773667,3.28043548506061
"AR77","20",2,2023-10-15 01:19:36,40.696833,-70.773667,2.9252063545696
"AR77","20",3,2023-10-15 01:19:45,40.696833,-70.773667,2.80117369162168
"AR77","20",4,2023-10-15 01:19:52,40.696833,-70.773667,3.05122346309313
"AR77","21",1,2023-10-15 02:37:42,40.696667,-70.9925,3.17227924305866
"AR77","21",2,2023-10-15 02:37:54,40.696667,-70.9925,2.85177907037896
"AR77","21",3,2023-10-15 02:38:03,40.696667,-70.9925,2.79918921079741
"AR77","21",4,2023-10-15 02:38:11,40.696667,-70.9925,2.90635343866637
"AR77","22",1,2023-10-15 04:06:35,40.597,-71.212,45.1112130972029
"AR77","22",2,2023-10-15 04:08:53,40.597,-71.212,20.1195578103213
"AR77","23",1,2023-10-15 05:11:49,40.5115,-71.3245,40.2364588889117
"AR77","23",2,2023-10-15 05:13:50,40.5115,-71.3245,15.3561339973984
"AR77","24",1,2023-10-15 06:40:47,40.513,-71.103167,46.1363674816561
"AR77","24",2,2023-10-15 06:43:02,40.513,-71.103167,21.4026150113545
"AR77","25",1,2023-10-15 08:11:23,40.513333,-70.884167,40.350543252888
"AR77","25",2,2023-10-15 08:12:47,40.513333,-70.884167,15.5853335018107
"AR77","26",1,2023-10-15 09:50:36,40.513167,-70.665333,42.1958343656689
"AR77","26",2,2023-10-15 09:52:44,40.513167,-70.665333,15.036637436518
"AR77","27",1,2023-10-15 11:30:14,40.513833,-70.4465,35.7918091610706
"AR77","27",2,2023-10-15 11:32:07,40.513833,-70.4465,16.8732253029687
"AR77","27",3,2023-10-15 11:33:43,40.513833,-70.4465,4.48114046950682
"AR77","27",4,2023-10-15 11:33:49,40.513833,-70.4465,4.60715872240452
"AR77","28",1,2023-10-15 12:56:19,40.514,-70.666667,38.078628203329
"AR77","28",2,2023-10-15 12:58:01,40.514,-70.666667,21.6645505052976
"AR77","28",3,2023-10-15 12:59:15,40.514,-70.666667,9.93954483235627
"AR77","28",4,2023-10-15 12:59:27,40.514,-70.666667,10.3652168596394
"AR77","29",1,2023-10-15 14:25:35,40.514167,-70.884667,43.5341516501207
"AR77","29",2,2023-10-15 14:27:45,40.514167,-70.884667,21.2279875880921
"AR77","29",3,2023-10-15 14:29:22,40.514167,-70.884667,7.7546128140164
"AR77","29",4,2023-10-15 14:29:38,40.514167,-70.884667,7.6990465766685
"AR77","30",1,2023-10-15 16:02:33,40.512833,-71.1055,45.1006464376403
"AR77","30",2,2023-10-15 16:04:40,40.512833,-71.1055,21.7419433623777
"AR77","30",3,2023-10-15 16:06:00,40.512833,-71.1055,9.24001293733944
"AR77","30",4,2023-10-15 16:06:07,40.512833,-71.1055,8.51864808265181
"AR77","31",1,2023-10-15 17:32:24,40.513167,-71.323667,40.3297098433932
"AR77","31",2,2023-10-15 17:34:44,40.513167,-71.323667,19.4460105925835
"AR77","31",3,2023-10-15 17:36:17,40.513167,-71.323667,8.29737584485753
"AR77","31",4,2023-10-15 17:36:24,40.513167,-71.323667,8.80739251149763
"AR77","32",1,2023-10-15 19:03:54,40.363,-71.3225,41.2380400676347
"AR77","32",2,2023-10-15 19:05:47,40.363,-71.3225,20.8184999366384
"AR77","32",3,2023-10-15 19:07:21,40.363,-71.3225,7.88768345124386
"AR77","33",1,2023-10-15 20:49:24,40.362833,-71.104833,37.0086515556824
"AR77","33",2,2023-10-15 20:51:41,40.362833,-71.104833,18.7070783442484
"AR77","33",3,2023-10-15 20:53:26,40.362833,-71.104833,8.52074902650476
"AR77","34",1,2023-10-15 22:29:18,40.363667,-70.885333,44.390924094793
"AR77","34",2,2023-10-15 22:31:28,40.363667,-70.885333,17.1691385318516
"AR77","34",3,2023-10-15 22:32:58,40.363667,-70.885333,7.8132629287938
"AR77","34",4,2023-10-15 22:33:13,40.363667,-70.885333,7.97500245512613
"AR77","35",1,2023-10-16 08:53:19,41.3245,-70.577667,13.2863634491626
"AR77","35",2,2023-10-16 08:53:28,41.3245,-70.577667,13.1831794247857
"AR77","35",3,2023-10-16 08:53:35,41.3245,-70.577667,13.6822324444146
"AR77","35",4,2023-10-16 08:56:03,41.3245,-70.577667,3.55508720436897
"AR77","35",5,2023-10-16 08:56:17,41.3245,-70.577667,3.87060688988441
"AR77","35",6,2023-10-16 08:56:27,41.3245,-70.577667,3.66621369001582
"AR77","35",7,2023-10-16 08:56:36,41.3245,-70.577667,3.63743987363243
"AR78","1",1,2023-10-24 01:38:16,40.513667,-70.882833,43.223632150575
"AR78","1",2,2023-10-24 01:40:16,40.513667,-70.882833,14.8183484926399
"AR78","1",3,2023-10-24 01:41:25,40.513667,-70.882833,4.24498013417923
"AR78","2",1,2023-10-24 02:52:47,40.3635,-70.884667,49.0239330521434
"AR78","2",2,2023-10-24 02:54:44,40.3635,-70.884667,23.0370559187072
"AR78","2",3,2023-10-24 02:56:14,40.3635,-70.884667,2.82705838841316
"AR78","3",1,2023-10-25 12:26:07,36.063333,-74.7425,621.683085413839
"AR78","3",2,2023-10-25 12:26:18,36.063333,-74.7425,622.065107116925
"AR78","3",3,2023-10-25 12:34:07,36.063333,-74.7425,400.064842841597
"AR78","3",4,2023-10-25 12:34:21,36.063333,-74.7425,400.020258806225
"AR78","3",5,2023-10-25 12:41:46,36.063333,-74.7425,200.099571510125
"AR78","3",6,2023-10-25 12:41:56,36.063333,-74.7425,200.19378482058
"AR78","3",7,2023-10-25 12:49:35,36.063333,-74.7425,62.7540547723432
"AR78","3",8,2023-10-25 12:49:46,36.063333,-74.7425,63.1797868560835
"AR78","3",9,2023-10-25 12:53:23,36.063333,-74.7425,43.7718558110673
"AR78","3",10,2023-10-25 12:53:33,36.063333,-74.7425,43.94553894797
"AR78","3",11,2023-10-25 12:58:24,36.063333,-74.7425,30.5159241006491
"AR78","3",12,2023-10-25 12:58:46,36.063333,-74.7425,31.1839022599299
"AR78","3",13,2023-10-25 13:01:31,36.063333,-74.7425,7.22961715131056
"AR78","3",14,2023-10-25 13:01:39,36.063333,-74.7425,7.00130690862971
"AR78","4",1,2023-10-25 18:12:24,35.950167,-75.125167,28.5668504027986
"AR78","4",2,2023-10-25 18:12:33,35.950167,-75.125167,28.6958830389335
"AR78","4",3,2023-10-25 18:16:55,35.950167,-75.125167,7.71013703731039
"AR78","4",4,2023-10-25 18:17:07,35.950167,-75.125167,7.74388748135905
"AR78","4",5,2023-10-25 18:18:46,35.950167,-75.125167,3.87049135659536
"AR78","4",6,2023-10-25 18:18:54,35.950167,-75.125167,3.45257314334453
"AR78","5",1,2023-10-26 19:45:19,36.175333,-74.826333,95.4932008638809
"AR78","5",2,2023-10-26 19:45:31,36.175333,-74.826333,95.2372091805497
"AR78","5",3,2023-10-26 19:48:13,36.175333,-74.826333,75.6251128154951
"AR78","5",4,2023-10-26 19:48:21,36.175333,-74.826333,75.5457278880093
"AR78","5",5,2023-10-26 19:51:31,36.175333,-74.826333,55.9535795428176
"AR78","5",6,2023-10-26 19:51:41,36.175333,-74.826333,55.7332651391111
"AR78","5",7,2023-10-26 19:54:40,36.175333,-74.826333,27.9350296304958
"AR78","5",8,2023-10-26 19:54:48,36.175333,-74.826333,27.8030214365374
"AR78","5",9,2023-10-26 19:57:15,36.175333,-74.826333,7.74671231797129
"AR78","5",10,2023-10-26 19:57:23,36.175333,-74.826333,7.76060928309162
"AR78","5",11,2023-10-26 19:59:15,36.175333,-74.826333,3.79199475082687
"AR78","5",12,2023-10-26 19:59:24,36.175333,-74.826333,3.83864974597628
"AR78","6",1,2023-10-29 17:12:36,36.053333,-74.777667,293.717632320523
"AR78","6",2,2023-10-29 17:12:52,36.053333,-74.777667,293.6997894833
"AR78","6",3,2023-10-29 17:20:08,36.053333,-74.777667,199.498763883803
"AR78","6",4,2023-10-29 17:20:24,36.053333,-74.777667,200.103714057769
"AR78","6",5,2023-10-29 17:27:26,36.053333,-74.777667,61.0075059066192
"AR78","6",6,2023-10-29 17:27:45,36.053333,-74.777667,60.6294038843521
"AR78","6",7,2023-10-29 17:31:32,36.053333,-74.777667,50.4154232304202
"AR78","6",8,2023-10-29 17:31:47,36.053333,-74.777667,49.8695782127487
"AR78","6",9,2023-10-29 17:35:12,36.053333,-74.777667,30.0693071260189
"AR78","6",10,2023-10-29 17:35:35,36.053333,-74.777667,29.8658357544392
"AR78","6",11,2023-10-29 17:39:08,36.053333,-74.777667,7.05987967141949
"AR78","6",12,2023-10-29 17:39:29,36.053333,-74.777667,7.28024882293792
"AR78","7",1,2023-10-31 12:09:53,35.949167,-75.333333,25.872037107333
"AR78","8",1,2023-10-31 13:08:48,35.949167,-75.230167,28.3792591443353
"AR78","9",1,2023-10-31 14:11:08,35.949833,-75.125667,28.8924103592359
"AR78","10",1,2023-10-31 15:04:59,35.950667,-75.0315,36.8426388959368
"AR78","10",2,2023-10-31 15:07:12,35.950667,-75.0315,3.56772393373051
"AR78","11",1,2023-10-31 16:11:25,35.949833,-74.937833,34.2958220972007
"AR78","11",2,2023-10-31 16:13:24,35.949833,-74.937833,4.41844946518299
"AR78","12",1,2023-10-31 17:12:26,35.949833,-74.845833,47.1248798578364
"AR78","12",2,2023-10-31 17:14:52,35.949833,-74.845833,3.63324108563386
"AR78","13",1,2023-10-31 18:19:26,35.949833,-74.752,752.11601000897
"AR78","13",2,2023-10-31 18:36:44,35.949833,-74.752,43.0259413530744
"AR78","13",3,2023-10-31 18:39:02,35.949833,-74.752,4.16035349081616
"AR78","14",1,2023-10-31 20:24:30,35.724667,-74.852833,33.6126296359284
"AR78","14",2,2023-10-31 20:25:51,35.724667,-74.852833,3.36528366261111
"AR78","16",1,2023-10-31 22:19:08,35.876,-74.874,33.4513926810459
"AR78","16",2,2023-10-31 22:20:27,35.876,-74.874,3.93901178952383
"AR78","17",1,2023-10-31 23:21:07,35.9495,-74.845833,66.3649769975051
"AR78","17",2,2023-10-31 23:23:18,35.9495,-74.845833,3.66897766992155
"AR78","18",1,2023-11-01 00:23:41,36.0245,-74.835,48.059468857704
"AR78","18",2,2023-11-01 00:26:04,36.0245,-74.835,3.47041876883166
"AR78","19",1,2023-11-01 01:24:05,36.099667,-74.837,53.4560320860709
"AR78","19",2,2023-11-01 01:26:23,36.099667,-74.837,3.69076798717152
"AR78","20",1,2023-11-01 02:25:37,36.174833,-74.827167,54.158310352928
"AR78","20",2,2023-11-01 02:28:06,36.174833,-74.827167,3.34827558263161
"AR78","21",1,2023-11-03 12:27:58,39.773333,-70.883333,4.40403997871647
"AR78","22",1,2023-11-03 13:57:24,39.940667,-70.883167,272.52163142225
"AR78","22",2,2023-11-03 14:02:17,39.940667,-70.883167,123.08899762575
"AR78","22",3,2023-11-03 14:07:31,39.940667,-70.883167,31.2137683026438
"AR78","22",4,2023-11-03 14:10:03,39.940667,-70.883167,3.44439531232838
"AR78","23",1,2023-11-03 15:16:22,40.0465,-70.886167,3.59023277347929
"AR78","24",1,2023-11-03 16:16:10,40.151833,-70.883333,133.027477378199
"AR78","24",2,2023-11-03 16:19:55,40.151833,-70.883333,70.0927397849216
"AR78","24",3,2023-11-03 16:22:36,40.151833,-70.883333,40.1742802691598
"AR78","24",4,2023-11-03 16:25:35,40.151833,-70.883333,3.37486764704806
"AR78","25",1,2023-11-03 17:25:28,40.257667,-70.883167,40.0191226400098
"AR78","26",1,2023-11-03 18:22:59,40.363333,-70.883,89.9932212541743
"AR78","26",2,2023-11-03 18:26:51,40.363333,-70.883,55.373068309529
"AR78","26",3,2023-11-03 18:30:16,40.363333,-70.883,3.54646860808108
"AR78","27",1,2023-11-03 19:42:02,40.513167,-70.882667,3.6525935517916
"AR78","28",1,2023-11-03 21:02:52,40.696167,-70.882833,60.3769934696975
"AR78","28",2,2023-11-03 21:05:56,40.696167,-70.882833,25.3431245475666
"AR78","28",3,2023-11-03 21:08:01,40.696167,-70.882833,3.73885898557148
"AR78","29",1,2023-11-03 22:27:54,40.863,-70.883333,3.16528536775751
"AR78","30",1,2023-11-03 23:44:58,41.030167,-70.883833,41.142277812152
"AR78","30",2,2023-11-03 23:47:35,41.030167,-70.883833,3.6127321056641
"AR78","31",1,2023-11-04 01:03:29,41.196167,-70.883667,3.64045922007935
"EN712","1",1,2024-02-09 18:34:42,41.19286,-70.8851,17.26
"EN712","1",2,2024-02-09 18:34:50,41.19286,-70.8851,17.404
"EN712","1",3,2024-02-09 18:34:57,41.19286,-70.8851,16.925
"EN712","1",4,2024-02-09 18:35:06,41.19284,-70.8851,16.712
"EN712","1",5,2024-02-09 18:35:20,41.19284,-70.88512,17.188
"EN712","1",6,2024-02-09 18:36:55,41.19284,-70.88514,8.731
"EN712","1",7,2024-02-09 18:37:03,41.19282,-70.88517,8.589
"EN712","1",8,2024-02-09 18:37:13,41.19282,-70.88516,8.649
"EN712","1",9,2024-02-09 18:37:26,41.19282,-70.88516,8.648
"EN712","1",10,2024-02-09 18:37:32,41.19282,-70.88516,8.616
"EN712","1",11,2024-02-09 18:37:42,41.19282,-70.88516,8.815
"EN712","1",12,2024-02-09 18:37:53,41.19282,-70.88518,8.906
"EN712","1",13,2024-02-09 18:38:01,41.19282,-70.88518,8.73
"EN712","1",14,2024-02-09 18:41:53,41.19272,-70.88534,3.167
"EN712","1",15,2024-02-09 18:42:09,41.1927,-70.88536,2.781
"EN712","1",16,2024-02-09 18:42:16,41.1927,-70.88536,2.903
"EN712","1",17,2024-02-09 18:42:25,41.1927,-70.88536,3.156
"EN712","1",18,2024-02-09 18:42:31,41.1927,-70.88536,3.206
"EN712","1",19,2024-02-09 18:42:40,41.1927,-70.88536,3.108
"EN712","1",20,2024-02-09 18:42:47,41.1927,-70.88538,2.981
"EN712","1",21,2024-02-09 18:42:58,41.1927,-70.8854,3.041
"EN712","1",22,2024-02-09 18:43:17,41.1927,-70.8854,3.294
"EN712","1",23,2024-02-09 18:43:24,41.1927,-70.88542,3.055
"EN712","1",24,2024-02-09 18:43:32,41.1927,-70.88542,2.95
"EN712","2",1,2024-02-10 04:25:09,40.50962,-70.88444,72.096
"EN712","2",2,2024-02-10 04:25:17,40.50963,-70.88444,71.815
"EN712","2",3,2024-02-10 04:25:24,40.50966,-70.88444,72.043
"EN712","2",4,2024-02-10 04:27:06,40.50966,-70.88436,64.727
"EN712","2",5,2024-02-10 04:27:12,40.50966,-70.88434,65.784
"EN712","2",6,2024-02-10 04:27:18,40.50966,-70.88434,65.275
"EN712","2",7,2024-02-10 04:27:56,40.50968,-70.8843,65.238
"EN712","2",8,2024-02-10 04:29:17,40.50972,-70.88426,60.009
"EN712","2",9,2024-02-10 04:29:31,40.50974,-70.88426,59.383
"EN712","2",10,2024-02-10 04:29:39,40.50974,-70.88426,59.667
"EN712","2",11,2024-02-10 04:31:48,40.50982,-70.88416,31.999
"EN712","2",12,2024-02-10 04:31:58,40.50982,-70.88414,32.338
"EN712","2",13,2024-02-10 04:32:21,40.50984,-70.88414,31.72
"EN712","2",14,2024-02-10 04:32:31,40.50983,-70.88415,31.74
"EN712","2",15,2024-02-10 04:32:41,40.50986,-70.88412,31.858
"EN712","2",16,2024-02-10 04:35:37,40.51002,-70.88396,3.577
"EN712","2",17,2024-02-10 04:35:49,40.51002,-70.88398,3.787
"EN712","2",18,2024-02-10 04:35:57,40.51004,-70.88394,3.719
"EN712","2",19,2024-02-10 04:36:03,40.51006,-70.88394,3.851
"EN712","2",20,2024-02-10 04:36:10,40.51006,-70.88394,3.659
"EN712","2",21,2024-02-10 04:36:16,40.51006,-70.88394,3.498
"EN712","2",22,2024-02-10 04:36:23,40.51008,-70.88392,3.881
"EN712","2",23,2024-02-10 04:36:32,40.51008,-70.88392,3.796
"EN712","2",24,2024-02-10 04:36:38,40.51009,-70.88392,3.772
"EN712","3",1,2024-02-10 06:57:12,40.36336,-70.77392,43.63
"EN712","3",2,2024-02-10 06:57:21,40.36338,-70.77392,43.287
"EN712","3",3,2024-02-10 06:57:29,40.3634,-70.77394,43.485
"EN712","3",4,2024-02-10 06:59:41,40.3635,-70.77418,3.327
"EN712","3",5,2024-02-10 06:59:49,40.36351,-70.77419,3.154
"EN712","3",6,2024-02-10 06:59:56,40.36353,-70.77419,3.364
"EN712","4",1,2024-02-10 08:23:30,40.36214,-70.99416,87.348
"EN712","5",1,2024-02-10 09:25:22,40.36482,-70.8833,88.481
"EN712","5",2,2024-02-10 09:25:30,40.36484,-70.8833,89.646
"EN712","5",3,2024-02-10 09:28:28,40.36518,-70.88344,69.956
"EN712","5",4,2024-02-10 09:31:10,40.36551,-70.88358,65.776
"EN712","5",5,2024-02-10 09:31:19,40.36553,-70.8836,65.338
"EN712","5",6,2024-02-10 09:34:07,40.36588,-70.88372,51.324
"EN712","5",7,2024-02-10 09:34:15,40.36588,-70.88372,51.029
"EN712","5",8,2024-02-10 09:34:21,40.3659,-70.88373,51.179
"EN712","5",9,2024-02-10 09:37:37,40.3663,-70.8839,32.867
"EN712","5",10,2024-02-10 09:37:45,40.36632,-70.88392,32.564
"EN712","5",11,2024-02-10 09:37:53,40.36634,-70.88392,33.346
"EN712","5",12,2024-02-10 09:37:59,40.36635,-70.88393,32.597
"EN712","5",13,2024-02-10 09:38:06,40.36636,-70.88393,33.057
"EN712","5",14,2024-02-10 09:38:13,40.36638,-70.88393,32.59
"EN712","5",15,2024-02-10 09:41:01,40.36674,-70.88408,20.111
"EN712","5",16,2024-02-10 09:41:09,40.36675,-70.88409,19.899
"EN712","5",17,2024-02-10 09:41:15,40.36676,-70.8841,20.043
"EN712","5",18,2024-02-10 09:43:15,40.36702,-70.8842,3.128
"EN712","5",19,2024-02-10 09:43:21,40.36702,-70.8842,3.249
"EN712","5",20,2024-02-10 09:43:28,40.36704,-70.88423,3.284
"EN712","5",21,2024-02-10 09:43:35,40.36706,-70.88424,3.314
"EN712","5",22,2024-02-10 09:43:42,40.36708,-70.88424,2.79
"EN712","5",23,2024-02-10 09:43:50,40.3671,-70.88423,3.016
"EN712","5",24,2024-02-10 09:43:56,40.36712,-70.88424,3.505
"EN712","6",1,2024-02-10 11:49:20,40.25636,-70.88416,119.131
"EN712","6",2,2024-02-10 11:49:29,40.25636,-70.88418,119.12
"EN712","6",3,2024-02-10 11:53:26,40.25642,-70.88425,102.06
"EN712","6",4,2024-02-10 11:53:34,40.25642,-70.88429,101.997
"EN712","6",5,2024-02-10 11:53:53,40.25644,-70.8843,102.491
"EN712","6",6,2024-02-10 11:57:22,40.25648,-70.88424,74.927
"EN712","6",7,2024-02-10 11:57:29,40.25649,-70.88424,74.631
"EN712","6",8,2024-02-10 11:57:36,40.2565,-70.88424,75.839
"EN712","6",9,2024-02-10 12:01:23,40.25653,-70.8842,55.045
"EN712","6",10,2024-02-10 12:01:31,40.25654,-70.88424,55.32
"EN712","6",11,2024-02-10 12:04:24,40.25658,-70.88422,33.553
"EN712","6",12,2024-02-10 12:04:31,40.25659,-70.88422,33.054
"EN712","6",13,2024-02-10 12:04:38,40.2566,-70.88421,33.305
"EN712","6",14,2024-02-10 12:07:08,40.25666,-70.88418,22.836
"EN712","6",15,2024-02-10 12:10:21,40.25674,-70.88407,3.747
"EN712","6",16,2024-02-10 12:10:29,40.25674,-70.88406,3.286
"EN712","6",17,2024-02-10 12:10:36,40.25674,-70.88407,3.734
"EN712","6",18,2024-02-10 12:10:43,40.25674,-70.88404,3.718
"EN712","6",19,2024-02-10 12:10:51,40.25675,-70.88406,3.333
"EN712","7",1,2024-02-11 03:59:49,39.93738,-70.88434,440.686
"EN712","7",2,2024-02-11 04:00:02,39.93735,-70.88436,441.046
"EN712","7",3,2024-02-11 04:09:03,39.93546,-70.88578,129.878
"EN712","7",4,2024-02-11 04:12:12,39.93472,-70.88634,59.364
"EN712","7",5,2024-02-11 04:14:03,39.93428,-70.8867,45.283
"EN712","7",6,2024-02-11 04:14:26,39.9342,-70.88677,45.263
"EN712","7",7,2024-02-11 04:14:34,39.93419,-70.88679,45.472
"EN712","7",8,2024-02-11 04:17:14,39.93356,-70.88718,29.547
"EN712","7",9,2024-02-11 04:18:42,39.93324,-70.8874,18.933
"EN712","7",10,2024-02-11 04:20:56,39.93276,-70.88774,14.36
"EN712","7",11,2024-02-11 04:21:24,39.9327,-70.88779,14.404
"EN712","7",12,2024-02-11 04:21:52,39.93254,-70.8879,14.455
"EN712","7",13,2024-02-11 04:22:28,39.9324,-70.888,14.505
"EN712","7",14,2024-02-11 04:23:07,39.93224,-70.88814,14.602
"EN712","7",15,2024-02-11 04:23:18,39.9322,-70.88816,14.7
"EN712","7",16,2024-02-11 04:23:25,39.93219,-70.88817,14.368
"EN712","7",17,2024-02-11 04:23:38,39.93215,-70.8882,14.556
"EN712","7",18,2024-02-11 04:25:11,39.93177,-70.88851,3.765
"EN712","7",19,2024-02-11 04:25:17,39.93177,-70.88852,3.034
"EN712","7",20,2024-02-11 04:25:25,39.93171,-70.88856,3.147
"EN712","7",21,2024-02-11 04:25:34,39.93167,-70.88859,3.465
"EN712","7",22,2024-02-11 04:25:41,39.93165,-70.8886,3.663
"EN712","7",23,2024-02-11 04:25:51,39.93163,-70.88862,2.944
"EN712","8",1,2024-02-11 07:16:00,39.76528,-70.77878,44.729
"EN712","8",2,2024-02-11 07:16:10,39.76524,-70.7788,45.274
"EN712","8",3,2024-02-11 07:18:33,39.76445,-70.77916,3.846
"EN712","8",4,2024-02-11 07:18:44,39.7644,-70.77918,3.717
"EN712","10",1,2024-02-11 10:19:39,39.7655,-70.8879,494.225
"EN712","10",2,2024-02-11 10:30:54,39.76209,-70.89112,342.819
"EN712","10",3,2024-02-11 10:40:19,39.75949,-70.8945,121.766
"EN712","10",4,2024-02-11 10:44:54,39.75826,-70.89646,54.79
"EN712","10",5,2024-02-11 10:45:02,39.75824,-70.8965,54.724
"EN712","10",6,2024-02-11 10:47:24,39.75754,-70.89762,43.273
"EN712","10",7,2024-02-11 10:47:33,39.75751,-70.89767,43.442
"EN712","10",8,2024-02-11 10:50:18,39.75676,-70.89889,26.232
"EN712","10",9,2024-02-11 10:50:25,39.75673,-70.89896,26.361
"EN712","10",10,2024-02-11 10:50:33,39.75669,-70.89902,26.127
"EN712","10",11,2024-02-11 10:50:43,39.75668,-70.89908,26.455
"EN712","10",12,2024-02-11 10:50:52,39.75662,-70.89914,26.279
"EN712","10",13,2024-02-11 10:51:01,39.75657,-70.89924,26.39
"EN712","10",14,2024-02-11 10:53:27,39.7559,-70.90038,17.513
"EN712","10",15,2024-02-11 10:53:34,39.75586,-70.90043,17.899
"EN712","10",16,2024-02-11 10:53:44,39.7558,-70.90051,17.895
"EN712","10",17,2024-02-11 10:55:57,39.75514,-70.90157,3.573
"EN712","10",18,2024-02-11 10:56:04,39.7551,-70.90164,3.251
"EN712","10",19,2024-02-11 10:56:12,39.75506,-70.90169,3.666
"EN712","10",20,2024-02-11 10:56:20,39.75502,-70.90176,3.604
"EN712","10",21,2024-02-11 10:56:28,39.75498,-70.9018,3.593
"EN712","10",22,2024-02-11 10:56:35,39.75496,-70.90184,3.756
"EN712","10",23,2024-02-11 10:56:42,39.75498,-70.90184,3.887
"EN712","10",24,2024-02-11 10:56:49,39.75492,-70.90192,3.461
"EN712","11",1,2024-02-11 22:11:02,40.04448,-70.89033,205.489
"EN712","11",2,2024-02-11 22:11:14,40.04448,-70.8904,205.293
"EN712","11",3,2024-02-11 22:13:48,40.04438,-70.89098,160.959
"EN712","11",4,2024-02-11 22:14:24,40.04434,-70.89111,160.56
"EN712","11",5,2024-02-11 22:16:37,40.04427,-70.89152,125.298
"EN712","11",6,2024-02-11 22:16:45,40.04426,-70.89154,124.612
"EN712","11",7,2024-02-11 22:19:25,40.04412,-70.89223,75.201
"EN712","11",8,2024-02-11 22:19:37,40.04416,-70.89228,74.897
"EN712","11",9,2024-02-11 22:21:56,40.04408,-70.89308,50.527
"EN712","11",10,2024-02-11 22:22:03,40.04406,-70.89313,50.392
"EN712","11",11,2024-02-11 22:22:11,40.04405,-70.89318,50.506
"EN712","11",12,2024-02-11 22:24:01,40.04398,-70.89388,40.549
"EN712","11",13,2024-02-11 22:24:11,40.04396,-70.89396,40.815
"EN712","11",14,2024-02-11 22:24:20,40.04396,-70.894,40.974
"EN712","11",15,2024-02-11 22:26:21,40.04387,-70.89476,29.88
"EN712","11",16,2024-02-11 22:26:28,40.04386,-70.8948,29.737
"EN712","11",17,2024-02-11 22:26:37,40.04384,-70.89487,30.091
"EN712","11",18,2024-02-11 22:28:19,40.04369,-70.89553,20.449
"EN712","11",19,2024-02-11 22:28:33,40.04368,-70.89562,20.525
"EN712","11",20,2024-02-11 22:28:48,40.04364,-70.8957,19.93
"EN712","11",21,2024-02-11 22:30:57,40.0435,-70.89658,3.536
"EN712","11",22,2024-02-11 22:31:05,40.04348,-70.89664,3.354
"EN712","11",23,2024-02-11 22:31:12,40.04348,-70.89668,3.314
"EN712","11",24,2024-02-11 22:31:20,40.04348,-70.8967,2.944
"EN712","12",1,2024-02-12 01:58:55,40.15493,-70.89148,133.929
"EN712","12",2,2024-02-12 01:59:08,40.15496,-70.89158,133.669
"EN712","12",3,2024-02-12 02:04:29,40.15582,-70.89358,83.055
"EN712","12",4,2024-02-12 02:10:53,40.15682,-70.89602,53.638
"EN712","12",5,2024-02-12 02:11:01,40.15683,-70.89606,54.015
"EN712","12",6,2024-02-12 02:11:10,40.15686,-70.89612,53.457
"EN712","12",7,2024-02-12 02:11:22,40.15688,-70.89619,53.553
"EN712","12",8,2024-02-12 02:12:57,40.1571,-70.89676,45.532
"EN712","12",9,2024-02-12 02:14:36,40.1573,-70.89733,36.469
"EN712","12",10,2024-02-12 02:14:41,40.15732,-70.89736,36.619
"EN712","12",11,2024-02-12 02:14:52,40.15734,-70.8974,36.563
"EN712","12",12,2024-02-12 02:15:08,40.15737,-70.8975,36.976
"EN712","12",13,2024-02-12 02:15:16,40.15739,-70.89754,36.801
"EN712","12",14,2024-02-12 02:15:26,40.15742,-70.8976,36.485
"EN712","12",15,2024-02-12 02:17:04,40.15758,-70.89814,23.625
"EN712","12",16,2024-02-12 02:17:12,40.1576,-70.89819,23.713
"EN712","12",17,2024-02-12 02:17:21,40.15762,-70.89824,23.89
"EN712","12",18,2024-02-12 02:19:27,40.15786,-70.8989,2.888
"EN712","12",19,2024-02-12 02:19:38,40.15788,-70.89895,3.078
"EN712","12",20,2024-02-12 02:19:45,40.1579,-70.89898,3.186
"EN712","12",21,2024-02-12 02:19:53,40.1579,-70.89902,3.229
"EN712","12",22,2024-02-12 02:20:01,40.15792,-70.89907,3.175
"EN712","12",23,2024-02-12 02:20:10,40.15794,-70.8991,3.065
"EN712","12",24,2024-02-12 02:20:19,40.15796,-70.89916,3.476
"EN712","13",1,2024-02-12 06:58:16,40.69598,-70.77546,23.07
"EN712","13",2,2024-02-12 06:58:25,40.69596,-70.77548,22.956
"EN712","13",3,2024-02-12 06:59:50,40.69578,-70.77566,3.38
"EN712","13",4,2024-02-12 06:59:57,40.69578,-70.77568,3.262
"EN712","14",1,2024-02-12 08:24:21,40.696,-70.99525,2.824
"EN712","15",1,2024-02-12 09:58:11,40.69678,-70.89086,60.628
"EN712","15",2,2024-02-12 09:58:26,40.69678,-70.89099,60.205
"EN712","15",3,2024-02-12 10:01:23,40.69682,-70.89232,40.697
"EN712","15",4,2024-02-12 10:03:11,40.69686,-70.89312,40.353
"EN712","15",5,2024-02-12 10:05:23,40.69688,-70.89417,28.265
"EN712","15",6,2024-02-12 10:05:30,40.6969,-70.89422,27.76
"EN712","15",7,2024-02-12 10:05:37,40.6969,-70.89428,28.165
"EN712","15",8,2024-02-12 10:05:44,40.6969,-70.89432,27.945
"EN712","15",9,2024-02-12 10:05:53,40.6969,-70.8944,28.068
"EN712","15",10,2024-02-12 10:08:16,40.6969,-70.89553,17.274
"EN712","15",11,2024-02-12 10:08:24,40.6969,-70.89559,17.554
"EN712","15",12,2024-02-12 10:08:31,40.6969,-70.89564,17.351
"EN712","15",13,2024-02-12 10:08:41,40.69692,-70.8957,17.25
"EN712","15",14,2024-02-12 10:10:35,40.69693,-70.89656,12.526
"EN712","15",15,2024-02-12 10:10:42,40.69694,-70.89661,12.646
"EN712","15",16,2024-02-12 10:10:49,40.69694,-70.89666,12.728
"EN712","15",17,2024-02-12 10:13:06,40.69694,-70.89771,3.505
"EN712","15",18,2024-02-12 10:13:14,40.69694,-70.89777,3.442
"EN712","15",19,2024-02-12 10:13:27,40.69694,-70.89787,3.407
"EN712","15",20,2024-02-12 10:13:33,40.69694,-70.89792,3.476
"EN712","15",21,2024-02-12 10:13:41,40.69694,-70.89797,3.413
"EN712","15",22,2024-02-12 10:13:48,40.69694,-70.89803,3.437
"EN712","15",23,2024-02-12 10:13:56,40.69694,-70.89809,3.406
"EN712","15",24,2024-02-12 10:14:02,40.69694,-70.89814,3.3
"EN712","16",1,2024-02-13 02:54:26,40.8636,-70.88594,50.079
"EN712","16",2,2024-02-13 02:58:38,40.86378,-70.88694,49.925
"EN712","16",3,2024-02-13 03:00:35,40.86388,-70.88746,25.031
"EN712","16",4,2024-02-13 03:00:48,40.86388,-70.8875,25.096
"EN712","16",5,2024-02-13 03:00:58,40.8639,-70.88755,25.215
"EN712","16",6,2024-02-13 03:02:34,40.86398,-70.88795,15.142
"EN712","16",7,2024-02-13 03:02:41,40.86398,-70.88799,15.119
"EN712","16",8,2024-02-13 03:02:50,40.86398,-70.88802,15.144
"EN712","16",9,2024-02-13 03:02:57,40.864,-70.88806,15.032
"EN712","16",10,2024-02-13 03:03:07,40.864,-70.8881,15.07
"EN712","16",11,2024-02-13 03:04:17,40.86406,-70.88842,11.815
"EN712","16",12,2024-02-13 03:04:29,40.86406,-70.88847,11.814
"EN712","16",13,2024-02-13 03:04:39,40.86406,-70.88852,11.866
"EN712","16",14,2024-02-13 03:04:49,40.86408,-70.88855,11.953
"EN712","16",15,2024-02-13 03:06:33,40.86416,-70.88898,3.355
"EN712","16",16,2024-02-13 03:06:42,40.86414,-70.88903,3.221
"EN712","16",17,2024-02-13 03:06:49,40.86416,-70.88906,3.484
"EN712","16",18,2024-02-13 03:06:57,40.86416,-70.8891,3.681
"EN712","16",19,2024-02-13 03:07:04,40.86416,-70.88912,3.501
"EN712","16",20,2024-02-13 03:07:11,40.86418,-70.88914,3.504
"EN712","17",1,2024-02-13 04:52:08,41.029,-70.88688,40.58
"EN712","17",2,2024-02-13 04:52:15,41.02898,-70.88688,40.708
"EN712","17",3,2024-02-13 04:54:44,41.02868,-70.8869,20.094
"EN712","17",4,2024-02-13 04:54:51,41.02866,-70.8869,20.115
"EN712","17",5,2024-02-13 04:54:58,41.02864,-70.8869,19.934
"EN712","17",6,2024-02-13 04:55:05,41.02864,-70.8869,20.064
"EN712","17",7,2024-02-13 04:57:02,41.02842,-70.88688,11.91
"EN712","17",8,2024-02-13 04:57:11,41.0284,-70.88688,11.702
"EN712","17",9,2024-02-13 04:57:18,41.02839,-70.88688,11.864
"EN712","17",10,2024-02-13 04:57:27,41.02838,-70.88686,11.952
"EN712","17",11,2024-02-13 04:57:35,41.02836,-70.88686,11.797
"EN712","17",12,2024-02-13 04:59:40,41.0281,-70.88684,3.152
"EN712","17",13,2024-02-13 04:59:47,41.0281,-70.88684,3.106
"EN712","17",14,2024-02-13 04:59:56,41.02808,-70.88684,3.174
"EN712","17",15,2024-02-13 05:00:04,41.02806,-70.88684,3.151
"EN712","17",16,2024-02-13 05:00:12,41.02804,-70.88684,3.121
"EN712","17",17,2024-02-13 05:00:21,41.02802,-70.88684,3.141
"EN712","17",18,2024-02-13 05:00:29,41.028,-70.88684,3.167
"EN712","17",19,2024-02-13 05:00:38,41.02798,-70.88683,3.152
"EN712","17",20,2024-02-13 05:00:47,41.02796,-70.88682,2.875
"EN712","18",1,2024-02-13 06:30:48,41.03082,-70.77006,23.903
"EN712","18",2,2024-02-13 06:30:55,41.03082,-70.77008,24.147
"EN712","18",3,2024-02-13 06:32:30,41.03084,-70.77008,3.295
"EN712","18",4,2024-02-13 06:32:38,41.03084,-70.7701,3.137
"EN712","19",1,2024-02-13 07:54:37,41.03124,-70.99536,3.294
"EN712","20",1,2024-02-13 11:45:42,41.31434,-70.58193,16.067
"EN712","20",2,2024-02-13 11:45:48,41.31438,-70.58195,16.114
"EN712","20",3,2024-02-13 11:45:54,41.3144,-70.58198,15.977
"EN712","20",4,2024-02-13 11:48:11,41.315,-70.58253,3.091
"EN712","20",5,2024-02-13 11:48:19,41.31503,-70.58256,2.959
"EN712","20",6,2024-02-13 11:48:25,41.31506,-70.58259,3.036
"EN712","21",1,2024-02-13 15:30:34,41.29008,-71.06376,34.971
"AR82A","1",1,2024-04-01 20:55:34,40.696667,-70.883667,61.3411954280615
"AR82A","1",2,2024-04-01 20:59:30,40.696667,-70.883667,30.3306121673499
"AR82A","1",3,2024-04-01 21:02:44,40.696667,-70.883667,4.39870870246591
"AR82A","2",1,2024-04-01 23:17:26,40.365,-70.885,87.0215463185814
"AR82A","2",2,2024-04-01 23:21:34,40.365,-70.885,30.1579014066905
"AR82A","2",3,2024-04-01 23:24:40,40.365,-70.885,3.03444681919038
"AR82A","3",1,2024-04-02 00:58:56,40.153167,-70.882,132.342209228105
"AR82A","3",2,2024-04-02 01:01:46,40.153167,-70.882,94.5694798600364
"AR82A","3",3,2024-04-02 01:05:11,40.153167,-70.882,29.8132045733837
"AR82A","3",4,2024-04-02 01:07:38,40.153167,-70.882,3.96429732055351
"AR82A","4",1,2024-04-02 02:44:58,39.941167,-70.882,437.647464861016
"AR82A","4",2,2024-04-02 02:48:54,39.941167,-70.882,303.007273688002
"AR82A","4",3,2024-04-02 02:52:37,39.941167,-70.882,176.745412161002
"AR82A","6",1,2024-04-03 14:26:18,35.949833,-75.125833,28.1757825878243
"AR82A","6",2,2024-04-03 14:26:34,35.949833,-75.125833,28.0189578933176
"AR82A","6",3,2024-04-03 14:29:28,35.949833,-75.125833,10.416111159041
"AR82A","6",4,2024-04-03 14:29:40,35.949833,-75.125833,10.0925079473004
"AR82A","6",5,2024-04-03 14:31:17,35.949833,-75.125833,3.11307610038918
"AR82A","8",1,2024-04-03 16:14:11,35.950167,-75.1265,30.3375680941828
"AR82A","9",1,2024-04-04 19:29:06,36.175,-74.826667,95.5567054245224
"AR82A","9",2,2024-04-04 19:29:26,36.175,-74.826667,95.3969587587113
"AR82A","9",3,2024-04-04 19:35:46,36.175,-74.826667,42.4812168629612
"AR82A","9",4,2024-04-04 19:36:25,36.175,-74.826667,43.086623891646
"AR82A","9",5,2024-04-04 19:40:42,36.175,-74.826667,13.9019832689382
"AR82A","9",6,2024-04-04 19:41:00,36.175,-74.826667,13.7898182435669
"AR82A","9",7,2024-04-04 19:43:11,36.175,-74.826667,6.57638613281615
"AR82A","9",8,2024-04-04 19:43:30,36.175,-74.826667,6.8235548638698
"AR82A","9",9,2024-04-04 19:44:40,36.175,-74.826667,2.7923841892944
"AR82A","10",1,2024-04-04 23:30:12,36.160833,-74.705167,501.356361107858
"AR82A","10",2,2024-04-04 23:37:09,36.160833,-74.705167,252.525893348599
"AR82A","10",3,2024-04-04 23:44:36,36.160833,-74.705167,57.4472193850735
"AR82A","10",4,2024-04-04 23:48:07,36.160833,-74.705167,24.5961208069745
"AR82A","10",5,2024-04-04 23:50:18,36.160833,-74.705167,2.30895889998129
"AR82A","11",1,2024-04-05 14:15:19,35.724167,-74.851167,93.7386960975264
"AR82A","11",2,2024-04-05 14:15:41,35.724167,-74.851167,93.4370479328135
"AR82A","11",3,2024-04-05 14:19:05,35.724167,-74.851167,54.9980804750454
"AR82A","11",4,2024-04-05 14:19:27,35.724167,-74.851167,54.705307341851
"AR82A","11",5,2024-04-05 14:22:13,35.724167,-74.851167,24.2039933134851
"AR82A","11",6,2024-04-05 14:22:29,35.724167,-74.851167,24.0342586683049
"AR82A","11",7,2024-04-05 14:24:46,35.724167,-74.851167,7.12758572748652
"AR82A","11",8,2024-04-05 14:24:58,35.724167,-74.851167,7.16034425307779
"AR82A","11",9,2024-04-05 14:26:08,35.724167,-74.851167,3.49334218901118
"AR82A","12",1,2024-04-05 18:42:03,35.880667,-74.834833,302.862503970346
"AR82A","12",2,2024-04-05 18:47:10,35.880667,-74.834833,197.975494257354
"AR82A","12",3,2024-04-05 18:51:22,35.880667,-74.834833,107.710783725499
"AR82A","12",4,2024-04-05 18:55:24,35.880667,-74.834833,48.5801289300722
"AR82A","12",5,2024-04-05 18:58:15,35.880667,-74.834833,21.4392903587189
"AR82A","12",6,2024-04-05 19:00:11,35.880667,-74.834833,3.56973119594289
"AR82A","13",1,2024-04-06 13:21:20,35.934833,-75.310667,19.3914549628125
"AR82A","13",2,2024-04-06 13:23:46,35.934833,-75.310667,11.2698007091625
"AR82A","13",3,2024-04-06 13:25:02,35.934833,-75.310667,3.64912876423669
"AR82A","14",1,2024-04-06 18:33:54,36.173333,-74.970167,31.407911872976
"AR82A","14",2,2024-04-06 18:36:44,36.173333,-74.970167,19.7513566736799
"AR82A","14",3,2024-04-06 18:39:08,36.173333,-74.970167,4.91369787052085
"AR82A","15",1,2024-04-07 00:42:24,35.930167,-74.762833,501.616062742753
"AR82A","15",2,2024-04-07 00:49:54,35.930167,-74.762833,227.243790164022
"AR82A","15",3,2024-04-07 00:55:09,35.930167,-74.762833,72.9444474318275
"AR82A","15",4,2024-04-07 00:58:11,35.930167,-74.762833,22.9608403751291
"AR82A","15",5,2024-04-07 00:59:33,35.930167,-74.762833,2.32389597287647
"AR82A","16",1,2024-04-07 18:11:52,36.172,-74.849167,85.1262991553026
"AR82A","16",2,2024-04-07 18:15:17,36.172,-74.849167,44.9375821957648
"AR82A","16",3,2024-04-07 18:17:29,36.172,-74.849167,24.8303404477822
"AR82A","16",4,2024-04-07 18:19:11,36.172,-74.849167,4.27343533495518
"AR82A","17",1,2024-04-08 15:39:15,36.053833,-74.778,291.752915589387
"AR82A","17",2,2024-04-08 15:39:32,36.053833,-74.778,291.49022672203
"AR82A","17",3,2024-04-08 15:46:56,36.053833,-74.778,148.444458342871
"AR82A","17",4,2024-04-08 15:47:08,36.053833,-74.778,148.454378039248
"AR82A","17",5,2024-04-08 15:50:16,36.053833,-74.778,78.4758489388877
"AR82A","17",6,2024-04-08 15:50:28,36.053833,-74.778,78.4798181716148
"AR82A","17",7,2024-04-08 15:54:16,36.053833,-74.778,23.9253740543752
"AR82A","17",8,2024-04-08 15:54:41,36.053833,-74.778,23.9938615474086
"AR82A","17",9,2024-04-08 15:56:59,36.053833,-74.778,7.29116768892465
"AR82A","17",10,2024-04-08 15:57:13,36.053833,-74.778,6.58241207339226
"AR82A","17",11,2024-04-08 15:58:15,36.053833,-74.778,4.01836390052184
"AR82A","18",1,2024-04-08 20:14:25,35.851333,-74.8485,287.485567067821
"AR82A","18",2,2024-04-08 20:14:42,35.851333,-74.8485,287.299199520009
"AR82A","18",3,2024-04-08 20:24:14,35.851333,-74.8485,98.0102451261396
"AR82A","18",4,2024-04-08 20:24:34,35.851333,-74.8485,98.2751706975057
"AR82A","18",5,2024-04-08 20:28:48,35.851333,-74.8485,47.8239897376891
"AR82A","18",6,2024-04-08 20:29:15,35.851333,-74.8485,47.9014027188593
"AR82A","18",7,2024-04-08 20:33:08,35.851333,-74.8485,15.9918720280344
"AR82A","18",8,2024-04-08 20:33:25,35.851333,-74.8485,16.0266140270939
"AR82A","18",9,2024-04-08 20:35:40,35.851333,-74.8485,7.07290945546418
"AR82A","18",10,2024-04-08 20:35:51,35.851333,-74.8485,7.16820593472254
"AR82A","18",11,2024-04-08 20:37:05,35.851333,-74.8485,2.92449157632697
"EN715","1",1,2024-05-03 17:38:58,41.19876,-70.89041,17.802
"EN715","1",2,2024-05-03 17:39:31,41.19881,-70.89065,17.736
"EN715","1",3,2024-05-03 17:39:42,41.19882,-70.89075,17.6
"EN715","1",4,2024-05-03 17:39:57,41.19884,-70.89088,17.72
"EN715","1",5,2024-05-03 17:40:06,41.19886,-70.89097,17.609
"EN715","1",6,2024-05-03 17:42:31,41.19904,-70.89243,11.309
"EN715","1",7,2024-05-03 17:42:42,41.19904,-70.89253,11.278
"EN715","1",8,2024-05-03 17:42:50,41.19906,-70.89264,11.189
"EN715","1",9,2024-05-03 17:42:59,41.19908,-70.89274,11.22
"EN715","1",10,2024-05-03 17:43:08,41.1991,-70.89282,11.241
"EN715","1",11,2024-05-03 17:43:35,41.19916,-70.89312,11.242
"EN715","1",12,2024-05-03 17:43:43,41.19918,-70.8932,11.245
"EN715","1",13,2024-05-03 17:46:17,41.1997,-70.89479,3.931
"EN715","1",14,2024-05-03 17:46:31,41.19976,-70.89493,3.851
"EN715","1",15,2024-05-03 17:46:40,41.1998,-70.89501,3.926
"EN715","1",16,2024-05-03 17:46:48,41.19984,-70.89508,3.922
"EN715","1",17,2024-05-03 17:46:56,41.1999,-70.89514,3.886
"EN715","1",18,2024-05-03 17:47:04,41.19994,-70.8952,3.797
"EN715","1",19,2024-05-03 17:47:12,41.19998,-70.89526,3.843
"EN715","1",20,2024-05-03 17:47:20,41.20002,-70.89534,3.871
"EN715","1",21,2024-05-03 17:47:28,41.20006,-70.8954,3.863
"EN715","1",22,2024-05-03 17:47:36,41.2001,-70.89546,3.898
"EN715","1",23,2024-05-03 17:47:49,41.20016,-70.89554,3.873
"EN715","1",24,2024-05-03 17:47:56,41.2002,-70.89558,3.763
"EN715","2",1,2024-05-04 03:57:09,41.03302,-70.88464,42.882
"EN715","2",2,2024-05-04 03:57:17,41.03302,-70.88464,42.932
"EN715","2",3,2024-05-04 03:59:49,41.0331,-70.88458,31.883
"EN715","2",4,2024-05-04 03:59:55,41.0331,-70.88458,32.03
"EN715","2",5,2024-05-04 04:00:01,41.03312,-70.88458,31.942
"EN715","2",6,2024-05-04 04:00:10,41.03312,-70.88458,31.966
"EN715","2",7,2024-05-04 04:02:24,41.03318,-70.88452,23.094
"EN715","2",8,2024-05-04 04:02:31,41.0332,-70.88452,23.243
"EN715","2",9,2024-05-04 04:02:37,41.0332,-70.88452,23.228
"EN715","2",10,2024-05-04 04:02:43,41.0332,-70.88451,23.155
"EN715","2",11,2024-05-04 04:02:49,41.0332,-70.8845,22.949
"EN715","2",12,2024-05-04 04:02:55,41.0332,-70.88452,23.142
"EN715","2",13,2024-05-04 04:03:03,41.0332,-70.88452,23.315
"EN715","2",14,2024-05-04 04:03:09,41.0332,-70.88452,23.128
"EN715","2",15,2024-05-04 04:05:04,41.03328,-70.88448,13.586
"EN715","2",16,2024-05-04 04:05:12,41.03328,-70.88448,13.559
"EN715","2",17,2024-05-04 04:07:37,41.03336,-70.88444,3.471
"EN715","2",18,2024-05-04 04:07:43,41.03336,-70.88444,3.531
"EN715","2",19,2024-05-04 04:07:49,41.03336,-70.88444,3.699
"EN715","2",20,2024-05-04 04:07:56,41.03336,-70.88444,3.602
"EN715","2",21,2024-05-04 04:08:03,41.03336,-70.88444,3.567
"EN715","2",22,2024-05-04 04:08:09,41.03336,-70.88444,3.646
"EN715","2",23,2024-05-04 04:08:15,41.03336,-70.88444,3.517
"EN715","2",24,2024-05-04 04:08:22,41.03336,-70.88444,3.757
"EN715","3",1,2024-05-04 07:49:47,40.69918,-70.77372,19.889
"EN715","3",2,2024-05-04 07:50:03,40.69921,-70.77376,19.575
"EN715","3",3,2024-05-04 07:52:19,40.6994,-70.77411,3.441
"EN715","3",4,2024-05-04 07:52:28,40.69942,-70.77414,3.55
"EN715","4",1,2024-05-04 09:14:41,40.69608,-71.00138,18.75
"EN715","4",2,2024-05-04 09:14:52,40.69608,-71.00142,13.541
"EN715","5",1,2024-05-04 10:52:13,40.69586,-70.88268,62.069
"EN715","5",2,2024-05-04 10:52:29,40.69588,-70.88272,61.935
"EN715","5",3,2024-05-04 10:53:30,40.69592,-70.88282,61.473
"EN715","5",4,2024-05-04 10:55:50,40.696,-70.88298,40.124
"EN715","5",5,2024-05-04 10:55:57,40.696,-70.883,40.405
"EN715","5",6,2024-05-04 10:57:57,40.69598,-70.88312,33.83
"EN715","5",7,2024-05-04 10:58:03,40.69598,-70.88312,33.784
"EN715","5",8,2024-05-04 10:58:09,40.69598,-70.88312,34.011
"EN715","5",9,2024-05-04 10:58:16,40.69598,-70.88314,34.028
"EN715","5",10,2024-05-04 10:59:54,40.69594,-70.88326,29.957
"EN715","5",11,2024-05-04 11:00:01,40.69592,-70.88325,30.192
"EN715","5",12,2024-05-04 11:02:22,40.69576,-70.8834,10.079
"EN715","5",13,2024-05-04 11:02:28,40.69576,-70.88342,10.07
"EN715","5",14,2024-05-04 11:02:34,40.69576,-70.88344,10.171
"EN715","5",15,2024-05-04 11:02:41,40.69574,-70.88342,10.102
"EN715","5",16,2024-05-04 11:02:47,40.69572,-70.88344,9.964
"EN715","5",17,2024-05-04 11:04:22,40.69562,-70.88356,2.964
"EN715","5",18,2024-05-04 11:04:28,40.69561,-70.88356,3.093
"EN715","5",19,2024-05-04 11:04:34,40.6956,-70.88356,3.057
"EN715","5",20,2024-05-04 11:04:40,40.6956,-70.88356,3.053
"EN715","5",21,2024-05-04 11:04:49,40.6956,-70.88356,2.905
"EN715","5",22,2024-05-04 11:04:57,40.69558,-70.88356,2.788
"EN715","5",23,2024-05-04 11:05:15,40.69556,-70.88366,3.015
"EN715","5",24,2024-05-04 11:05:28,40.69554,-70.88362,2.889
"EN715","6",1,2024-05-04 14:58:28,40.5155,-70.88307,72.533
"EN715","6",2,2024-05-04 14:58:34,40.51552,-70.88308,72.382
"EN715","6",3,2024-05-04 14:58:43,40.51552,-70.8831,72.35
"EN715","6",4,2024-05-04 14:58:49,40.51554,-70.88312,72.28
"EN715","6",5,2024-05-04 14:58:56,40.51554,-70.88312,72.376
"EN715","6",6,2024-05-04 15:01:06,40.51566,-70.8834,51.678
"EN715","6",7,2024-05-04 15:01:14,40.51568,-70.8834,51.73
"EN715","6",8,2024-05-04 15:03:08,40.51582,-70.88362,39.256
"EN715","6",9,2024-05-04 15:03:17,40.51584,-70.88364,39.515
"EN715","6",10,2024-05-04 15:03:31,40.51584,-70.88366,39.271
"EN715","6",11,2024-05-04 15:05:30,40.516,-70.88388,23.386
"EN715","6",12,2024-05-04 15:05:36,40.51602,-70.8839,23.191
"EN715","6",13,2024-05-04 15:05:43,40.51602,-70.88392,23.11
"EN715","6",14,2024-05-04 15:07:03,40.51612,-70.88408,17.078
"EN715","6",15,2024-05-04 15:07:09,40.51612,-70.88409,17.021
"EN715","6",16,2024-05-04 15:07:15,40.51613,-70.8841,16.675
"EN715","6",17,2024-05-04 15:09:39,40.51632,-70.88446,3.569
"EN715","6",18,2024-05-04 15:09:47,40.51633,-70.88446,3.421
"EN715","6",19,2024-05-04 15:09:55,40.51634,-70.8845,3.866
"EN715","6",20,2024-05-04 15:10:02,40.51634,-70.88452,3.526
"EN715","6",21,2024-05-04 15:10:12,40.51636,-70.88454,3.662
"EN715","6",22,2024-05-04 15:10:20,40.51638,-70.88456,3.488
"EN715","6",23,2024-05-04 15:10:31,40.51636,-70.8846,3.776
"EN715","6",24,2024-05-04 15:10:42,40.51638,-70.88462,3.976
"EN715","7",1,2024-05-05 07:31:16,39.94674,-70.8788,427.945
"EN715","7",2,2024-05-05 07:31:22,39.94676,-70.8788,427.873
"EN715","7",3,2024-05-05 07:31:29,39.94678,-70.8788,428.075
"EN715","7",4,2024-05-05 07:44:19,39.949,-70.8783,101.624
"EN715","7",5,2024-05-05 07:44:25,39.94902,-70.8783,101.167
"EN715","7",6,2024-05-05 07:48:30,39.9497,-70.87798,36.589
"EN715","7",7,2024-05-05 07:48:37,39.94972,-70.87798,36.319
"EN715","7",8,2024-05-05 07:48:43,39.94974,-70.87797,36.315
"EN715","7",9,2024-05-05 07:48:49,39.94976,-70.87796,36.517
"EN715","7",10,2024-05-05 07:48:56,39.94978,-70.87794,36.362
"EN715","7",11,2024-05-05 07:51:14,39.95014,-70.8777,27.036
"EN715","7",12,2024-05-05 07:51:20,39.95014,-70.8777,27.281
"EN715","7",13,2024-05-05 07:51:26,39.95016,-70.8777,27.216
"EN715","7",14,2024-05-05 07:51:33,39.95018,-70.87768,27.163
"EN715","7",15,2024-05-05 07:51:40,39.95019,-70.87768,27.307
"EN715","7",16,2024-05-05 07:51:46,39.9502,-70.87768,27.173
"EN715","7",17,2024-05-05 07:53:55,39.95054,-70.87776,19.01
"EN715","7",18,2024-05-05 07:54:02,39.95056,-70.87776,19.078
"EN715","7",19,2024-05-05 07:56:39,39.95091,-70.87798,3.43
"EN715","7",20,2024-05-05 07:56:45,39.95092,-70.878,3.213
"EN715","7",21,2024-05-05 07:56:51,39.95094,-70.878,3.412
"EN715","7",22,2024-05-05 07:56:57,39.95094,-70.87802,3.193
"EN715","7",23,2024-05-05 07:57:03,39.95096,-70.87802,3.421
"EN715","7",24,2024-05-05 07:57:11,39.95098,-70.87803,3.161
"EN715","8",1,2024-05-05 10:57:03,39.7756,-70.77604,27.764
"EN715","8",2,2024-05-05 10:57:19,39.77562,-70.77606,27.724
"EN715","8",3,2024-05-05 10:59:47,39.7758,-70.77626,3.76
"EN715","8",4,2024-05-05 10:59:56,39.7758,-70.77626,3.461
"EN715","9",1,2024-05-05 12:38:01,39.77496,-70.9917,3.607
"EN715","10",1,2024-05-05 14:19:01,39.7751,-70.88634,500.352
"EN715","10",2,2024-05-05 14:19:07,39.7751,-70.88634,500.729
"EN715","10",3,2024-05-05 14:24:53,39.77554,-70.88656,245.479
"EN715","10",4,2024-05-05 14:28:47,39.77586,-70.8868,145.56
"EN715","10",5,2024-05-05 14:31:49,39.77598,-70.88706,79.958
"EN715","10",6,2024-05-05 14:31:56,39.77598,-70.88708,79.931
"EN715","10",7,2024-05-05 14:32:04,39.77598,-70.88708,79.835
"EN715","10",8,2024-05-05 14:32:11,39.77598,-70.88709,79.608
"EN715","10",9,2024-05-05 14:36:14,39.7763,-70.88756,38.504
"EN715","10",10,2024-05-05 14:36:20,39.77631,-70.88756,38.433
"EN715","10",11,2024-05-05 14:36:26,39.77632,-70.88756,38.277
"EN715","10",12,2024-05-05 14:36:36,39.77632,-70.88758,38.373
"EN715","10",13,2024-05-05 14:36:42,39.77634,-70.88758,38.442
"EN715","10",14,2024-05-05 14:36:49,39.77636,-70.88758,38.447
"EN715","10",15,2024-05-05 14:39:14,39.7766,-70.8878,25.571
"EN715","10",16,2024-05-05 14:39:21,39.77662,-70.8878,25.398
"EN715","10",17,2024-05-05 14:40:48,39.77677,-70.88792,15.015
"EN715","10",18,2024-05-05 14:42:56,39.77698,-70.88809,3.642
"EN715","10",19,2024-05-05 14:43:05,39.777,-70.8881,3.503
"EN715","10",20,2024-05-05 14:43:13,39.777,-70.88812,3.631
"EN715","10",21,2024-05-05 14:43:19,39.77702,-70.88812,3.618
"EN715","10",22,2024-05-05 14:43:25,39.77704,-70.88814,3.532
"EN715","10",23,2024-05-05 14:43:31,39.77705,-70.88814,3.572
"EN715","10",24,2024-05-05 14:43:38,39.77706,-70.88816,3.26
"EN715","11",1,2024-05-06 00:30:18,40.36412,-70.77152,35.257
"EN715","11",2,2024-05-06 00:30:32,40.36416,-70.77148,35.495
"EN715","11",3,2024-05-06 00:33:34,40.36456,-70.7712,3.872
"EN715","11",4,2024-05-06 00:33:42,40.36458,-70.77118,3.675
"EN715","12",1,2024-05-06 01:58:11,40.36329,-70.99096,72.823
"EN715","12",2,2024-05-06 01:58:19,40.36332,-70.99094,72.562
"EN715","12",3,2024-05-06 02:02:28,40.36392,-70.99094,3.407
"EN715","12",4,2024-05-06 02:02:37,40.36394,-70.99094,3.47
"EN715","13",1,2024-05-06 04:07:18,40.3629,-70.88314,88.416
"EN715","13",2,2024-05-06 04:07:27,40.3629,-70.88316,88.414
"EN715","13",3,2024-05-06 04:09:47,40.36302,-70.8835,69.912
"EN715","13",4,2024-05-06 04:11:54,40.36314,-70.88382,59.583
"EN715","13",5,2024-05-06 04:12:02,40.36314,-70.88384,59.753
"EN715","13",6,2024-05-06 04:12:08,40.36315,-70.88386,59.644
"EN715","13",7,2024-05-06 04:12:15,40.36316,-70.88386,59.207
"EN715","13",8,2024-05-06 04:12:24,40.36316,-70.88388,59.565
"EN715","13",9,2024-05-06 04:12:31,40.36318,-70.8839,59.856
"EN715","13",10,2024-05-06 04:12:41,40.36318,-70.88392,59.416
"EN715","13",11,2024-05-06 04:15:41,40.36338,-70.88434,29.724
"EN715","13",12,2024-05-06 04:15:47,40.3634,-70.88435,30.228
"EN715","13",13,2024-05-06 04:15:53,40.3634,-70.88436,29.65
"EN715","13",14,2024-05-06 04:15:59,40.3634,-70.88436,30.14
"EN715","13",15,2024-05-06 04:18:00,40.36352,-70.88462,19.476
"EN715","13",16,2024-05-06 04:18:06,40.36354,-70.88464,19.934
"EN715","13",17,2024-05-06 04:20:10,40.36364,-70.88492,9.91
"EN715","13",18,2024-05-06 04:22:26,40.36378,-70.8853,4.166
"EN715","13",19,2024-05-06 04:22:38,40.3638,-70.88534,4.468
"EN715","13",20,2024-05-06 04:22:44,40.3638,-70.88536,4.239
"EN715","13",21,2024-05-06 04:22:55,40.36382,-70.8854,4.429
"EN715","13",22,2024-05-06 04:23:03,40.36382,-70.88542,4.157
"EN715","13",23,2024-05-06 04:23:12,40.36382,-70.88544,4.391
"EN715","13",24,2024-05-06 04:23:19,40.36382,-70.88546,4.307
"EN715","14",1,2024-05-06 08:38:10,40.1508,-70.88112,135.066
"EN715","14",2,2024-05-06 08:38:19,40.1508,-70.88111,135.367
"EN715","14",3,2024-05-06 08:41:28,40.15066,-70.88092,87.048
"EN715","14",4,2024-05-06 08:44:00,40.15058,-70.88086,59.924
"EN715","14",5,2024-05-06 08:46:30,40.15052,-70.8808,45.867
"EN715","14",6,2024-05-06 08:46:47,40.15054,-70.8808,46.186
"EN715","14",7,2024-05-06 08:46:55,40.15052,-70.88076,46.016
"EN715","14",8,2024-05-06 08:47:40,40.15052,-70.88076,45.898
"EN715","14",9,2024-05-06 08:47:52,40.15052,-70.88076,46.084
"EN715","14",10,2024-05-06 08:47:58,40.15052,-70.88074,45.953
"EN715","14",11,2024-05-06 08:48:10,40.15052,-70.88076,45.981
"EN715","14",12,2024-05-06 08:50:08,40.1505,-70.88074,37.656
"EN715","14",13,2024-05-06 08:51:38,40.1505,-70.88066,27.846
"EN715","14",14,2024-05-06 08:51:44,40.1505,-70.88066,27.958
"EN715","14",15,2024-05-06 08:51:51,40.1505,-70.88066,27.99
"EN715","14",16,2024-05-06 08:53:34,40.15048,-70.8806,14.727
"EN715","14",17,2024-05-06 08:55:26,40.15048,-70.88056,3.987
"EN715","14",18,2024-05-06 08:55:34,40.15048,-70.88055,4.014
"EN715","14",19,2024-05-06 08:55:40,40.15049,-70.88053,4.173
"EN715","14",20,2024-05-06 08:55:47,40.1505,-70.88053,3.865
"EN715","14",21,2024-05-06 08:55:52,40.15048,-70.88054,3.956
"EN715","14",22,2024-05-06 08:55:58,40.15048,-70.88052,3.81
"EN715","14",23,2024-05-06 08:56:06,40.15048,-70.88054,3.716
"EN715","14",24,2024-05-06 08:56:15,40.1505,-70.88052,3.565
"EN715","15",1,2024-05-06 20:08:01,40.8718,-70.88881,49.178
"EN715","15",2,2024-05-06 20:08:14,40.8718,-70.88877,49.133
"EN715","15",3,2024-05-06 20:10:25,40.87174,-70.88837,38.775
"EN715","15",4,2024-05-06 20:10:32,40.87172,-70.88836,38.59
"EN715","15",5,2024-05-06 20:10:41,40.87172,-70.88832,38.766
"EN715","15",6,2024-05-06 20:13:03,40.87164,-70.8879,34.414
"EN715","15",7,2024-05-06 20:13:15,40.87164,-70.88786,34.395
"EN715","15",8,2024-05-06 20:15:38,40.87158,-70.88746,28.993
"EN715","15",9,2024-05-06 20:15:47,40.87158,-70.88742,28.99
"EN715","15",10,2024-05-06 20:15:57,40.87156,-70.88739,29.001
"EN715","15",11,2024-05-06 20:18:42,40.8715,-70.88682,17.958
"EN715","15",12,2024-05-06 20:18:54,40.87148,-70.88675,17.949
"EN715","15",13,2024-05-06 20:19:04,40.87148,-70.88672,17.928
"EN715","15",14,2024-05-06 20:19:13,40.87148,-70.88668,17.96
"EN715","15",15,2024-05-06 20:19:22,40.87148,-70.88665,18.075
"EN715","15",16,2024-05-06 20:19:31,40.87148,-70.88661,17.985
"EN715","15",17,2024-05-06 20:21:24,40.87146,-70.88624,10.124
"EN715","15",18,2024-05-06 20:21:32,40.87146,-70.88621,10.103
"EN715","15",19,2024-05-06 20:23:31,40.87144,-70.88578,4.573
"EN715","15",20,2024-05-06 20:23:51,40.87144,-70.8857,4.277
"EN715","15",21,2024-05-06 20:23:58,40.87144,-70.88568,4.382
"EN715","15",22,2024-05-06 20:24:07,40.87144,-70.88566,4.631
"EN715","15",23,2024-05-06 20:24:17,40.87144,-70.88563,4.651
"EN715","15",24,2024-05-06 20:24:25,40.87144,-70.8856,4.545
"EN715","16",1,2024-05-07 02:01:07,40.04442,-70.77724,32.991
"EN715","16",2,2024-05-07 02:01:17,40.04437,-70.77726,32.939
"EN715","16",3,2024-05-07 02:03:44,40.0441,-70.7776,12.367
"EN715","16",4,2024-05-07 02:03:54,40.04408,-70.77762,12.319
"EN715","16",5,2024-05-07 02:05:35,40.04392,-70.77786,2.94
"EN715","16",6,2024-05-07 02:05:43,40.04388,-70.77788,3.153
"EN715","17",1,2024-05-07 03:43:36,40.04129,-70.99988,47.412
"EN715","17",2,2024-05-07 03:43:45,40.0413,-70.99994,47.566
"EN715","17",3,2024-05-07 03:45:59,40.04142,-71.00105,25.665
"EN715","17",4,2024-05-07 03:46:07,40.04142,-71.00111,25.89
"EN715","18",1,2024-05-07 05:45:48,40.04382,-70.88684,206.607
"EN715","18",2,2024-05-07 05:45:57,40.04384,-70.88686,206.967
"EN715","18",3,2024-05-07 05:50:22,40.04473,-70.88752,136.481
"EN715","18",4,2024-05-07 05:50:31,40.04476,-70.88753,136.298
"EN715","18",5,2024-05-07 05:54:22,40.0455,-70.88806,103.073
"EN715","18",6,2024-05-07 05:54:31,40.04552,-70.88807,103.811
"EN715","18",7,2024-05-07 05:58:28,40.04632,-70.88858,58.942
"EN715","18",8,2024-05-07 05:58:37,40.04635,-70.88857,58.707
"EN715","18",9,2024-05-07 06:01:41,40.04698,-70.88904,38.165
"EN715","18",10,2024-05-07 06:01:48,40.04702,-70.88906,38.203
"EN715","18",11,2024-05-07 06:01:56,40.04704,-70.88908,38.216
"EN715","18",12,2024-05-07 06:02:04,40.04708,-70.8891,38.781
"EN715","18",13,2024-05-07 06:04:55,40.04766,-70.88946,22.807
"EN715","18",14,2024-05-07 06:05:22,40.04774,-70.88952,22.969
"EN715","18",15,2024-05-07 06:05:35,40.04778,-70.88954,23.535
"EN715","18",16,2024-05-07 06:05:54,40.04786,-70.88958,22.875
"EN715","18",17,2024-05-07 06:06:08,40.0479,-70.88962,23.384
"EN715","18",18,2024-05-07 06:08:49,40.0485,-70.88994,12.279
"EN715","18",19,2024-05-07 06:08:58,40.04852,-70.88994,12.905
"EN715","18",20,2024-05-07 06:09:05,40.04854,-70.88996,13.071
"EN715","18",21,2024-05-07 06:12:10,40.04924,-70.89032,3.343
"EN715","18",22,2024-05-07 06:12:31,40.04933,-70.89036,3.375
"EN715","18",23,2024-05-07 06:12:42,40.04937,-70.89038,3.492
"EN715","18",24,2024-05-07 06:12:52,40.0494,-70.8904,3.557
"EN715","19",1,2024-05-07 09:52:14,40.25816,-70.88486,117.709
"EN715","19",2,2024-05-07 09:52:24,40.25816,-70.88488,117.783
"EN715","19",3,2024-05-07 09:55:04,40.25826,-70.88504,99.798
"EN715","19",4,2024-05-07 09:55:15,40.25826,-70.88506,99.981
"EN715","19",5,2024-05-07 09:57:22,40.25838,-70.88518,80.285
"EN715","19",6,2024-05-07 09:57:26,40.25837,-70.88519,80.531
"EN715","19",7,2024-05-07 09:57:39,40.25838,-70.88522,80.51
"EN715","19",8,2024-05-07 09:59:57,40.25854,-70.88536,50.129
"EN715","19",9,2024-05-07 10:00:05,40.25854,-70.88537,49.92
"EN715","19",10,2024-05-07 10:00:13,40.25854,-70.88539,50.501
"EN715","19",11,2024-05-07 10:02:03,40.25864,-70.88556,38.192
"EN715","19",12,2024-05-07 10:02:12,40.25864,-70.88558,38.264
"EN715","19",13,2024-05-07 10:02:20,40.25866,-70.88558,37.942
"EN715","19",14,2024-05-07 10:04:17,40.25874,-70.88558,22.933
"EN715","19",15,2024-05-07 10:04:24,40.25874,-70.8856,23.024
"EN715","19",16,2024-05-07 10:04:31,40.25874,-70.88559,22.921
"EN715","19",17,2024-05-07 10:04:39,40.25874,-70.88558,23.475
"EN715","19",18,2024-05-07 10:06:28,40.2587,-70.8855,14.708
"EN715","19",19,2024-05-07 10:06:37,40.25868,-70.8855,14.767
"EN715","19",20,2024-05-07 10:08:41,40.25854,-70.88546,3.536
"EN715","19",21,2024-05-07 10:08:52,40.25852,-70.88546,3.48
"EN715","19",22,2024-05-07 10:09:01,40.2585,-70.88546,3.529
"EN715","19",23,2024-05-07 10:09:09,40.2585,-70.88548,3.324
"EN715","19",24,2024-05-07 10:09:18,40.25848,-70.88548,3.463
"EN715","20",1,2024-05-07 23:26:03,41.02978,-70.88024,39.803
"EN715","20",2,2024-05-07 23:26:10,41.0298,-70.88022,40.144
"EN715","20",3,2024-05-07 23:26:19,41.0298,-70.88022,40.058
"EN715","20",4,2024-05-07 23:26:27,41.02982,-70.88018,39.975
"EN715","20",5,2024-05-07 23:26:34,41.02982,-70.88014,40.121
"EN715","20",6,2024-05-07 23:29:36,41.02982,-70.87958,22.54
"EN715","20",7,2024-05-07 23:29:43,41.02981,-70.87955,22.683
"EN715","20",8,2024-05-07 23:29:49,41.0298,-70.87954,22.49
"EN715","20",9,2024-05-07 23:29:56,41.0298,-70.87951,22.379
"EN715","20",10,2024-05-07 23:30:03,41.0298,-70.8795,22.325
"EN715","20",11,2024-05-07 23:32:22,41.0296,-70.87912,16.156
"EN715","20",12,2024-05-07 23:32:29,41.02958,-70.87909,16.158
"EN715","20",13,2024-05-07 23:32:37,41.02958,-70.87908,16.188
"EN715","20",14,2024-05-07 23:32:45,41.02956,-70.87906,16.216
"EN715","20",15,2024-05-07 23:32:53,41.02954,-70.87903,16.037
"EN715","20",16,2024-05-07 23:35:54,41.0292,-70.8785,2.815
"EN715","20",17,2024-05-07 23:36:01,41.02919,-70.87848,2.883
"EN715","20",18,2024-05-07 23:36:09,41.02918,-70.87845,2.835
"EN715","20",19,2024-05-07 23:36:17,41.02916,-70.87844,2.43
"EN715","20",20,2024-05-07 23:36:25,41.02914,-70.87842,2.707
"EN715","21",1,2024-05-08 00:26:40,41.03012,-70.76998,14.732
"EN715","21",2,2024-05-08 00:26:47,41.03014,-70.76996,14.565
"EN715","21",3,2024-05-08 00:29:23,41.0304,-70.76924,2.891
"EN715","21",4,2024-05-08 00:29:31,41.0304,-70.76918,2.905
"EN715","22",1,2024-05-08 02:00:39,41.02856,-70.99046,2.763
"EN715","23",1,2024-05-08 05:38:31,41.317,-70.5851,14.693
"EN715","23",2,2024-05-08 05:38:42,41.31698,-70.5851,14.609
"EN715","23",3,2024-05-08 05:38:50,41.31696,-70.5851,14.675
"EN715","23",4,2024-05-08 05:38:59,41.31694,-70.5851,14.962
"EN715","23",5,2024-05-08 05:39:10,41.31692,-70.5851,14.724
"EN715","23",6,2024-05-08 05:39:18,41.3169,-70.5851,14.69
"EN715","23",7,2024-05-08 05:41:46,41.31656,-70.58514,9.709
"EN715","23",8,2024-05-08 05:41:55,41.31655,-70.58514,9.625
"EN715","23",9,2024-05-08 05:42:04,41.31652,-70.58516,9.473
"EN715","23",10,2024-05-08 05:42:12,41.3165,-70.58516,9.638
"EN715","23",11,2024-05-08 05:42:21,41.31649,-70.58516,9.649
"EN715","23",12,2024-05-08 05:42:29,41.31646,-70.58516,9.481
"EN715","23",13,2024-05-08 05:44:46,41.31616,-70.58524,3.332
"EN715","23",14,2024-05-08 05:44:54,41.31614,-70.58522,3.266
"EN715","23",15,2024-05-08 05:45:02,41.31612,-70.58524,3.405
"EN715","23",16,2024-05-08 05:45:10,41.31609,-70.58522,3.166
"EN715","23",17,2024-05-08 05:45:18,41.31606,-70.58522,3.275
"EN715","23",18,2024-05-08 05:45:26,41.31605,-70.5852,3.211
"EN720","2",1,2024-09-06 18:54:58,41.19538,-70.88002,15.165
"EN720","2",2,2024-09-06 18:55:05,41.1954,-70.88002,15.299
"EN720","2",3,2024-09-06 18:55:11,41.1954,-70.88004,14.98
"EN720","2",4,2024-09-06 18:55:17,41.1954,-70.88004,15.088
"EN720","2",5,2024-09-06 18:55:24,41.19542,-70.88004,15.412
"EN720","2",6,2024-09-06 18:57:46,41.19554,-70.88016,8.71
"EN720","2",7,2024-09-06 18:57:53,41.19554,-70.88018,9.428
"EN720","2",8,2024-09-06 18:57:59,41.19555,-70.88018,9.855
"EN720","2",9,2024-09-06 18:58:06,41.19556,-70.88018,9.108
"EN720","2",10,2024-09-06 18:58:12,41.19556,-70.88018,8.824
"EN720","2",11,2024-09-06 18:58:20,41.19556,-70.8802,8.966
"EN720","2",12,2024-09-06 19:00:25,41.19572,-70.88033,3.91
"EN720","2",13,2024-09-06 19:00:31,41.19574,-70.88034,4.111
"EN720","2",14,2024-09-06 19:00:38,41.19574,-70.88035,4.048
"EN720","2",15,2024-09-06 19:00:46,41.19576,-70.88038,4.106
"EN720","2",16,2024-09-06 19:00:54,41.19576,-70.88038,4.175
"EN720","2",17,2024-09-06 19:01:02,41.19576,-70.88038,3.825
"EN720","2",18,2024-09-06 19:01:11,41.19578,-70.8804,4.218
"EN720","2",19,2024-09-06 19:01:18,41.19579,-70.88041,4.65
"EN720","2",20,2024-09-06 19:01:25,41.1958,-70.88042,4.086
"EN720","2",21,2024-09-06 19:01:33,41.1958,-70.88043,3.797
"EN720","2",22,2024-09-06 19:01:41,41.19582,-70.88044,4.14
"EN720","2",23,2024-09-06 19:01:48,41.19582,-70.88044,4.402
"EN720","2",24,2024-09-06 19:01:57,41.19584,-70.88045,4.502
"EN720","3",1,2024-09-07 02:03:57,41.03174,-70.88366,43.297
"EN720","3",2,2024-09-07 02:04:06,41.03178,-70.88366,42.862
"EN720","3",3,2024-09-07 02:06:15,41.03222,-70.88356,35.297
"EN720","3",4,2024-09-07 02:06:22,41.03224,-70.88356,34.876
"EN720","3",5,2024-09-07 02:08:32,41.0327,-70.8836,27.885
"EN720","3",6,2024-09-07 02:08:42,41.03274,-70.8836,27.816
"EN720","3",7,2024-09-07 02:08:50,41.03276,-70.8836,27.586
"EN720","3",8,2024-09-07 02:08:58,41.03279,-70.8836,27.712
"EN720","3",9,2024-09-07 02:10:52,41.0332,-70.88358,21.53
"EN720","3",10,2024-09-07 02:10:59,41.03324,-70.88358,21.277
"EN720","3",11,2024-09-07 02:11:06,41.03326,-70.88358,20.843
"EN720","3",12,2024-09-07 02:11:15,41.03329,-70.88358,21.122
"EN720","3",13,2024-09-07 02:11:22,41.03332,-70.8836,21.811
"EN720","3",14,2024-09-07 02:11:31,41.03336,-70.88358,21.955
"EN720","3",15,2024-09-07 02:11:39,41.03339,-70.88357,21.574
"EN720","3",16,2024-09-07 02:11:48,41.03343,-70.88356,21.711
"EN720","3",17,2024-09-07 02:14:18,41.03408,-70.88344,5.137
"EN720","3",18,2024-09-07 02:14:24,41.0341,-70.88344,4.921
"EN720","3",19,2024-09-07 02:14:33,41.03415,-70.88343,5.272
"EN720","3",20,2024-09-07 02:14:42,41.0342,-70.88342,5.895
"EN720","3",21,2024-09-07 02:14:50,41.03422,-70.88342,5.579
"EN720","3",22,2024-09-07 02:14:59,41.03426,-70.88342,5.702
"EN720","3",23,2024-09-07 02:15:05,41.0343,-70.88341,5.336
"EN720","3",24,2024-09-07 02:15:12,41.03432,-70.8834,4.755
"EN720","4",1,2024-09-07 06:18:17,40.69708,-70.77257,58.522
"EN720","4",2,2024-09-07 06:21:29,40.69696,-70.77306,25.143
"EN720","4",3,2024-09-07 06:21:35,40.69696,-70.77308,25.421
"EN720","4",4,2024-09-07 06:24:15,40.69677,-70.77355,5.465
"EN720","4",5,2024-09-07 06:24:21,40.69674,-70.77354,4.601
"EN720","5",1,2024-09-07 08:09:56,40.69362,-71.00332,4.103
"EN720","6",1,2024-09-07 09:16:19,40.69642,-70.88868,59.411
"EN720","6",2,2024-09-07 09:16:30,40.6964,-70.88876,59.514
"EN720","6",3,2024-09-07 09:18:54,40.69608,-70.88985,45.453
"EN720","6",4,2024-09-07 09:21:53,40.69568,-70.89122,32.192
"EN720","6",5,2024-09-07 09:22:00,40.69568,-70.89128,33.167
"EN720","6",6,2024-09-07 09:22:09,40.69566,-70.89135,33.086
"EN720","6",7,2024-09-07 09:22:21,40.69562,-70.89144,32.503
"EN720","6",8,2024-09-07 09:22:31,40.6956,-70.89153,32.507
"EN720","6",9,2024-09-07 09:22:40,40.69558,-70.89159,32.973
"EN720","6",10,2024-09-07 09:24:59,40.69532,-70.89271,24.697
"EN720","6",11,2024-09-07 09:25:08,40.69529,-70.8928,25.278
"EN720","6",12,2024-09-07 09:25:15,40.69528,-70.89285,24.222
"EN720","6",13,2024-09-07 09:25:26,40.69526,-70.89293,24.076
"EN720","6",14,2024-09-07 09:28:01,40.695,-70.89418,14.756
"EN720","6",15,2024-09-07 09:28:09,40.69496,-70.89427,14.796
"EN720","6",16,2024-09-07 09:28:17,40.69494,-70.89436,14.689
"EN720","6",17,2024-09-07 09:31:18,40.69464,-70.89586,4.075
"EN720","6",18,2024-09-07 09:31:27,40.69462,-70.89593,4.243
"EN720","6",19,2024-09-07 09:31:33,40.69462,-70.89598,4.092
"EN720","6",20,2024-09-07 09:31:40,40.6946,-70.89604,3.971
"EN720","6",21,2024-09-07 09:31:46,40.6946,-70.89612,4.111
"EN720","6",22,2024-09-07 09:31:52,40.69458,-70.89617,4.288
"EN720","6",23,2024-09-07 09:31:58,40.69458,-70.89622,3.711
"EN720","6",24,2024-09-07 09:32:05,40.69456,-70.89629,4.277
"EN720","7",1,2024-09-07 17:15:31,40.51486,-70.88524,71.284
"EN720","7",2,2024-09-07 17:15:39,40.51485,-70.8852,71.074
"EN720","7",3,2024-09-07 17:17:44,40.5147,-70.88494,57.314
"EN720","7",4,2024-09-07 17:17:52,40.51468,-70.88492,57.356
"EN720","7",5,2024-09-07 17:21:11,40.51442,-70.88447,42.078
"EN720","7",6,2024-09-07 17:21:20,40.51442,-70.88446,42.156
"EN720","7",7,2024-09-07 17:21:29,40.5144,-70.88442,41.627
"EN720","7",8,2024-09-07 17:23:48,40.51422,-70.8841,28.973
"EN720","7",9,2024-09-07 17:24:03,40.5142,-70.88407,29.093
"EN720","7",10,2024-09-07 17:24:11,40.51418,-70.88404,29.091
"EN720","7",11,2024-09-07 17:26:24,40.514,-70.88378,15.288
"EN720","7",12,2024-09-07 17:26:32,40.514,-70.88378,15.586
"EN720","7",13,2024-09-07 17:29:07,40.51388,-70.88352,4.222
"EN720","7",14,2024-09-07 17:29:14,40.51388,-70.88352,4.446
"EN720","7",15,2024-09-07 17:29:27,40.51388,-70.8835,4.414
"EN720","7",16,2024-09-07 17:29:34,40.51388,-70.88348,4.189
"EN720","7",17,2024-09-07 17:29:43,40.51388,-70.88346,4.38
"EN720","7",18,2024-09-07 17:29:54,40.51388,-70.88346,4.37
"EN720","7",19,2024-09-07 17:30:03,40.51386,-70.88344,4.529
"EN720","7",20,2024-09-07 17:30:11,40.51386,-70.88344,4.41
"EN720","8",1,2024-09-08 05:17:51,39.94052,-70.88636,435.726
"EN720","8",2,2024-09-08 05:17:58,39.94052,-70.88639,436.254
"EN720","8",3,2024-09-08 05:25:47,39.94068,-70.88846,282.589
"EN720","8",4,2024-09-08 05:33:31,39.9407,-70.89073,100.763
"EN720","8",5,2024-09-08 05:33:44,39.9407,-70.8908,99.578
"EN720","8",6,2024-09-08 05:37:22,39.9408,-70.89176,72.922
"EN720","8",7,2024-09-08 05:37:30,39.94079,-70.89178,73.972
"EN720","8",8,2024-09-08 05:40:51,39.94103,-70.8928,53.495
"EN720","8",9,2024-09-08 05:40:58,39.94104,-70.89284,53.215
"EN720","8",10,2024-09-08 05:41:05,39.94104,-70.89288,52.919
"EN720","8",11,2024-09-08 05:41:12,39.94106,-70.89291,53.273
"EN720","8",12,2024-09-08 05:41:25,39.94104,-70.89298,52.744
"EN720","8",13,2024-09-08 05:44:26,39.94122,-70.89403,45.871
"EN720","8",14,2024-09-08 05:44:37,39.94122,-70.89407,45.466
"EN720","8",15,2024-09-08 05:44:52,39.94122,-70.89414,44.952
"EN720","8",16,2024-09-08 05:48:20,39.94138,-70.89535,32.621
"EN720","8",17,2024-09-08 05:48:28,39.94138,-70.89541,32.771
"EN720","8",18,2024-09-08 05:48:37,39.94138,-70.89544,32.779
"EN720","8",19,2024-09-08 05:48:47,39.9414,-70.89548,32.231
"EN720","8",20,2024-09-08 05:52:07,39.94146,-70.89645,4.597
"EN720","8",21,2024-09-08 05:52:17,39.94146,-70.89649,4.198
"EN720","8",22,2024-09-08 05:52:25,39.94146,-70.89653,4.414
"EN720","8",23,2024-09-08 05:52:34,39.94146,-70.89656,4.83
"EN720","8",24,2024-09-08 05:52:42,39.94146,-70.8966,5.05
"EN720","9",1,2024-09-08 09:09:49,39.7724,-70.79151,32.14
"EN720","9",2,2024-09-08 09:09:57,39.77238,-70.79157,32.761
"EN720","9",3,2024-09-08 09:12:24,39.77226,-70.79284,3.487
"EN720","9",4,2024-09-08 09:12:32,39.77226,-70.7929,3.993
"EN720","10",1,2024-09-08 10:43:13,39.77494,-70.99814,498.296
"EN720","10",2,2024-09-08 10:43:19,39.77494,-70.9982,497.047
"EN720","11",1,2024-09-08 13:13:59,39.77211,-70.88925,495.805
"EN720","11",2,2024-09-08 13:14:07,39.77212,-70.88932,497.039
"EN720","11",3,2024-09-08 13:19:59,39.77224,-70.89198,286.764
"EN720","11",4,2024-09-08 13:25:23,39.77227,-70.89425,103.527
"EN720","11",5,2024-09-08 13:25:33,39.77228,-70.89433,103.642
"EN720","11",6,2024-09-08 13:25:41,39.7723,-70.89439,103.446
"EN720","11",7,2024-09-08 13:28:16,39.77258,-70.89571,67.913
"EN720","11",8,2024-09-08 13:31:08,39.77286,-70.89704,46.608
"EN720","11",9,2024-09-08 13:31:15,39.77286,-70.89709,46.194
"EN720","11",10,2024-09-08 13:31:21,39.77288,-70.89714,46.456
"EN720","11",11,2024-09-08 13:31:32,39.7729,-70.89724,46.051
"EN720","11",12,2024-09-08 13:31:38,39.7729,-70.89729,46.44
"EN720","11",13,2024-09-08 13:34:07,39.77314,-70.89844,28.666
"EN720","11",14,2024-09-08 13:34:14,39.77314,-70.89851,29.338
"EN720","11",15,2024-09-08 13:34:21,39.77316,-70.89856,28.453
"EN720","11",16,2024-09-08 13:36:17,39.77342,-70.8995,15.282
"EN720","11",17,2024-09-08 13:38:03,39.77348,-70.9002,3.602
"EN720","11",18,2024-09-08 13:38:10,39.77348,-70.90026,3.909
"EN720","11",19,2024-09-08 13:38:16,39.77348,-70.9003,3.807
"EN720","11",20,2024-09-08 13:38:22,39.77348,-70.90036,4.103
"EN720","11",21,2024-09-08 13:38:30,39.77348,-70.90042,4.012
"EN720","11",22,2024-09-08 13:38:38,39.77348,-70.90048,3.961
"EN720","11",23,2024-09-08 13:38:45,39.77348,-70.90056,3.852
"EN720","11",24,2024-09-08 13:38:51,39.77348,-70.9006,3.994
"EN720","12",1,2024-09-09 02:24:17,40.36418,-70.78549,22.81
"EN720","12",2,2024-09-09 02:24:32,40.36412,-70.78563,23.211
"EN720","12",3,2024-09-09 02:27:43,40.36346,-70.78754,3.699
"EN720","12",4,2024-09-09 02:27:51,40.36344,-70.78762,3.62
"EN720","13",1,2024-09-09 04:03:47,40.36288,-70.99044,4.652
"EN720","14",1,2024-09-09 05:32:52,40.35548,-70.90264,89.914
"EN720","14",2,2024-09-09 05:33:00,40.35544,-70.90268,89.876
"EN720","14",3,2024-09-09 05:36:27,40.35459,-70.90413,65.415
"EN720","14",4,2024-09-09 05:39:04,40.3541,-70.90547,52.33
"EN720","14",5,2024-09-09 05:39:10,40.35408,-70.90553,51.945
"EN720","14",6,2024-09-09 05:39:17,40.35406,-70.90559,52.068
"EN720","14",7,2024-09-09 05:42:32,40.35344,-70.90744,34.949
"EN720","14",8,2024-09-09 05:42:42,40.35342,-70.90753,35.088
"EN720","14",9,2024-09-09 05:42:48,40.3534,-70.90759,35.065
"EN720","14",10,2024-09-09 05:42:55,40.35336,-70.90766,35.363
"EN720","14",11,2024-09-09 05:43:01,40.35334,-70.90773,35.309
"EN720","14",12,2024-09-09 05:43:07,40.3533,-70.90778,35.108
"EN720","14",13,2024-09-09 05:46:24,40.35266,-70.90936,28.896
"EN720","14",14,2024-09-09 05:46:31,40.35262,-70.90941,29.033
"EN720","14",15,2024-09-09 05:46:37,40.35261,-70.90946,28.91
"EN720","14",16,2024-09-09 05:49:05,40.35204,-70.91054,14.77
"EN720","14",17,2024-09-09 05:51:23,40.35161,-70.91152,5.931
"EN720","14",18,2024-09-09 05:51:29,40.35159,-70.91157,5.813
"EN720","14",19,2024-09-09 05:51:37,40.35158,-70.91162,5.74
"EN720","14",20,2024-09-09 05:51:43,40.35158,-70.91168,5.773
"EN720","14",21,2024-09-09 05:51:49,40.35157,-70.91174,6
"EN720","14",22,2024-09-09 05:51:55,40.35155,-70.91179,5.91
"EN720","14",23,2024-09-09 05:52:07,40.35153,-70.91189,6.046
"EN720","14",24,2024-09-09 05:52:13,40.35152,-70.91194,5.98
"EN720","15",1,2024-09-09 09:04:19,40.15123,-70.88326,132.373
"EN720","15",2,2024-09-09 09:04:26,40.15123,-70.88326,132.34
"EN720","15",3,2024-09-09 09:08:57,40.15104,-70.88346,99.562
"EN720","15",4,2024-09-09 09:13:29,40.15072,-70.88366,49.53
"EN720","15",5,2024-09-09 09:13:35,40.15073,-70.88366,49.619
"EN720","15",6,2024-09-09 09:13:42,40.15072,-70.88367,50.002
"EN720","15",7,2024-09-09 09:17:02,40.15052,-70.88388,37.602
"EN720","15",8,2024-09-09 09:17:09,40.15051,-70.88388,37.583
"EN720","15",9,2024-09-09 09:17:17,40.1505,-70.88388,37.656
"EN720","15",10,2024-09-09 09:22:26,40.15014,-70.8841,24.335
"EN720","15",11,2024-09-09 09:22:33,40.15014,-70.8841,24.635
"EN720","15",12,2024-09-09 09:22:43,40.15014,-70.8841,24.693
"EN720","15",13,2024-09-09 09:22:50,40.15014,-70.8841,24.542
"EN720","15",14,2024-09-09 09:22:59,40.15012,-70.88412,24.501
"EN720","15",15,2024-09-09 09:23:10,40.15012,-70.88412,24.644
"EN720","15",16,2024-09-09 09:25:03,40.15002,-70.8842,14.647
"EN720","15",17,2024-09-09 09:28:29,40.14988,-70.8843,4.116
"EN720","15",18,2024-09-09 09:28:35,40.14988,-70.88428,3.879
"EN720","15",19,2024-09-09 09:28:41,40.14988,-70.8843,4.199
"EN720","15",20,2024-09-09 09:28:48,40.14988,-70.8843,3.543
"EN720","15",21,2024-09-09 09:28:58,40.14987,-70.8843,4.321
"EN720","15",22,2024-09-09 09:29:04,40.14988,-70.8843,5.348
"EN720","15",23,2024-09-09 09:29:14,40.14986,-70.8843,5.456
"EN720","15",24,2024-09-09 09:29:20,40.14986,-70.8843,5.471
"EN720","16",1,2024-09-09 21:44:43,40.25274,-70.88581,115.721
"EN720","16",2,2024-09-09 21:44:53,40.25267,-70.8858,115.814
"EN720","16",3,2024-09-09 21:49:33,40.25124,-70.88599,66.56
"EN720","16",4,2024-09-09 21:49:42,40.25119,-70.886,66.454
"EN720","16",5,2024-09-09 21:53:44,40.25002,-70.8862,54.696
"EN720","16",6,2024-09-09 21:57:05,40.24892,-70.88668,45.31
"EN720","16",7,2024-09-09 22:02:55,40.24707,-70.88718,30.368
"EN720","16",8,2024-09-09 22:03:03,40.24702,-70.8872,30.199
"EN720","16",9,2024-09-09 22:03:19,40.24694,-70.88722,30.146
"EN720","16",10,2024-09-09 22:03:26,40.24693,-70.88722,30.032
"EN720","16",11,2024-09-09 22:03:34,40.24684,-70.88724,30.12
"EN720","16",12,2024-09-09 22:03:42,40.24681,-70.88725,30.184
"EN720","16",13,2024-09-09 22:03:50,40.2468,-70.88724,30.415
"EN720","16",14,2024-09-09 22:03:58,40.24674,-70.88726,30.274
"EN720","16",15,2024-09-09 22:06:34,40.24588,-70.8874,19.895
"EN720","16",16,2024-09-09 22:06:45,40.24582,-70.88742,19.978
"EN720","16",17,2024-09-09 22:06:54,40.2458,-70.88742,20.079
"EN720","16",18,2024-09-09 22:10:26,40.24473,-70.88785,4.329
"EN720","16",19,2024-09-09 22:10:34,40.24469,-70.88788,4.234
"EN720","16",20,2024-09-09 22:10:42,40.24472,-70.88789,4.365
"EN720","16",21,2024-09-09 22:10:50,40.24465,-70.88794,4.5
"EN720","16",22,2024-09-09 22:11:01,40.24458,-70.88799,4.284
"EN720","16",23,2024-09-09 22:11:08,40.24456,-70.88802,4.375
"EN720","16",24,2024-09-09 22:11:17,40.24452,-70.88805,4.415
"EN720","17",1,2024-09-10 02:27:31,40.04358,-70.7809,34.431
"EN720","17",2,2024-09-10 02:27:39,40.04358,-70.78092,34.718
"EN720","17",3,2024-09-10 02:30:16,40.04356,-70.78102,5.412
"EN720","17",4,2024-09-10 02:30:26,40.04356,-70.781,5.114
"EN720","18",1,2024-09-10 04:06:56,40.0463,-70.9903,6.127
"EN720","18",2,2024-09-10 04:07:06,40.0463,-70.99025,5.776
"EN720","19",1,2024-09-10 06:23:34,40.04656,-70.88558,200.969
"EN720","19",2,2024-09-10 06:23:43,40.04653,-70.88558,200.849
"EN720","19",3,2024-09-10 06:29:44,40.04544,-70.88556,91.978
"EN720","19",4,2024-09-10 06:29:52,40.0454,-70.88556,91.963
"EN720","19",5,2024-09-10 06:33:17,40.04471,-70.88558,79.491
"EN720","19",6,2024-09-10 06:33:26,40.04468,-70.88558,79.482
"EN720","19",7,2024-09-10 06:37:23,40.04398,-70.8852,59.719
"EN720","19",8,2024-09-10 06:37:33,40.04394,-70.8852,60.063
"EN720","19",9,2024-09-10 06:40:46,40.04328,-70.88498,39.934
"EN720","19",10,2024-09-10 06:40:55,40.04328,-70.88498,39.577
"EN720","19",11,2024-09-10 06:41:03,40.04324,-70.88498,39.959
"EN720","19",12,2024-09-10 06:41:11,40.04321,-70.88498,40.074
"EN720","19",13,2024-09-10 06:41:19,40.04318,-70.88498,39.451
"EN720","19",14,2024-09-10 06:43:17,40.04276,-70.885,32.289
"EN720","19",15,2024-09-10 06:43:24,40.04274,-70.88498,31.708
"EN720","19",16,2024-09-10 06:43:32,40.0427,-70.88498,32.176
"EN720","19",17,2024-09-10 06:46:16,40.04216,-70.8849,15.554
"EN720","19",18,2024-09-10 06:46:24,40.04214,-70.8849,15.416
"EN720","19",19,2024-09-10 06:47:56,40.04186,-70.88484,5.967
"EN720","19",20,2024-09-10 06:48:04,40.04184,-70.88484,6.011
"EN720","19",21,2024-09-10 06:48:12,40.04181,-70.88484,6.028
"EN720","19",22,2024-09-10 06:48:20,40.04178,-70.88484,6.184
"EN720","19",23,2024-09-10 06:48:28,40.04176,-70.88482,5.727
"EN720","19",24,2024-09-10 06:48:35,40.04174,-70.88482,6.282
"EN720","20",1,2024-09-10 20:39:32,40.86234,-70.88552,49.836
"EN720","20",2,2024-09-10 20:39:40,40.86234,-70.8855,49.929
"EN720","20",3,2024-09-10 20:39:47,40.86232,-70.8855,49.858
"EN720","20",4,2024-09-10 20:42:21,40.8622,-70.88511,42.084
"EN720","20",5,2024-09-10 20:42:30,40.86218,-70.88509,42.33
"EN720","20",6,2024-09-10 20:42:38,40.86218,-70.88508,42.329
"EN720","20",7,2024-09-10 20:42:47,40.86216,-70.88504,42.238
"EN720","20",8,2024-09-10 20:46:53,40.86192,-70.88448,34.007
"EN720","20",9,2024-09-10 20:47:02,40.86192,-70.88446,34
"EN720","20",10,2024-09-10 20:47:10,40.86192,-70.88444,34.124
"EN720","20",11,2024-09-10 20:47:18,40.86191,-70.88441,34.223
"EN720","20",12,2024-09-10 20:47:26,40.8619,-70.88438,34.022
"EN720","20",13,2024-09-10 20:47:35,40.8619,-70.88436,34.31
"EN720","20",14,2024-09-10 20:50:26,40.8618,-70.88398,30.984
"EN720","20",15,2024-09-10 20:50:34,40.86178,-70.88397,31.352
"EN720","20",16,2024-09-10 20:50:42,40.86178,-70.88394,31.183
"EN720","20",17,2024-09-10 20:54:35,40.86162,-70.88336,15.522
"EN720","20",18,2024-09-10 20:54:43,40.86162,-70.88334,15.19
"EN720","20",19,2024-09-10 20:58:17,40.86142,-70.88284,3.895
"EN720","20",20,2024-09-10 20:58:31,40.86141,-70.88282,3.939
"EN720","20",21,2024-09-10 20:58:40,40.8614,-70.88278,3.983
"EN720","20",22,2024-09-10 20:58:48,40.86138,-70.88278,3.555
"EN720","20",23,2024-09-10 20:58:56,40.86138,-70.88276,3.78
"EN720","20",24,2024-09-10 20:59:05,40.86138,-70.88274,3.941
"EN720","21",1,2024-09-10 22:56:14,41.02836,-70.88304,20.429
"EN720","21",2,2024-09-10 22:56:25,41.02836,-70.88302,20.285
"EN720","21",3,2024-09-10 22:59:34,41.02832,-70.88288,5.985
"EN720","21",4,2024-09-10 22:59:48,41.02832,-70.88286,6.144
"EN720","22",1,2024-09-10 23:58:29,41.02712,-70.77296,25.909
"EN720","22",2,2024-09-10 23:58:40,41.0271,-70.77296,25.779
"EN720","22",3,2024-09-11 00:02:08,41.02672,-70.77287,3.845
"EN720","22",4,2024-09-11 00:02:18,41.02672,-70.77286,3.742
"EN720","23",1,2024-09-11 01:23:19,41.02808,-70.9928,3.805
"EN720","24",1,2024-09-11 05:37:54,41.31796,-70.58048,15.513
"EN720","24",2,2024-09-11 05:38:01,41.31798,-70.58055,15.633
"EN720","24",3,2024-09-11 05:38:12,41.31797,-70.58068,15.587
"EN720","24",4,2024-09-11 05:39:59,41.31786,-70.58156,8.467
"EN720","24",5,2024-09-11 05:40:07,41.31785,-70.58162,8.536
"EN720","24",6,2024-09-11 05:42:06,41.31774,-70.58241,3.45
"EN720","24",7,2024-09-11 05:42:12,41.31774,-70.58245,3.356
"EN720","24",8,2024-09-11 05:42:20,41.31774,-70.58248,3.582
"EN720","24",9,2024-09-11 05:42:28,41.31776,-70.58253,3.554
"AE2426","1",1,2024-11-06 16:28:00,41.19725,-70.88264,16.808
"AE2426","1",2,2024-11-06 16:28:29,41.19714,-70.8827,16.618
"AE2426","1",3,2024-11-06 16:28:50,41.19703,-70.88274,16.557
"AE2426","1",4,2024-11-06 16:29:06,41.19696,-70.8828,16.933
"AE2426","1",5,2024-11-06 16:29:27,41.19686,-70.88287,17.108
"AE2426","1",6,2024-11-06 16:29:46,41.19674,-70.88294,16.646
"AE2426","1",7,2024-11-06 16:31:11,41.19641,-70.88331,10.937
"AE2426","1",8,2024-11-06 16:31:30,41.19637,-70.88338,11.309
"AE2426","1",9,2024-11-06 16:31:50,41.19631,-70.88342,11.148
"AE2426","1",10,2024-11-06 16:32:11,41.19625,-70.88345,10.796
"AE2426","1",11,2024-11-06 16:32:26,41.19622,-70.88347,11.237
"AE2426","1",12,2024-11-06 16:32:51,41.19616,-70.88352,11.317
"AE2426","1",13,2024-11-06 16:34:45,41.1959,-70.88358,2.879
"AE2426","1",14,2024-11-06 16:35:06,41.19586,-70.88359,2.407
"AE2426","1",15,2024-11-06 16:35:21,41.19584,-70.88358,2.955
"AE2426","1",16,2024-11-06 16:35:51,41.19578,-70.88361,2.941
"AE2426","1",17,2024-11-06 16:36:12,41.19572,-70.88361,2.627
"AE2426","1",18,2024-11-06 16:36:27,41.19569,-70.88363,2.767
"AE2426","1",19,2024-11-06 16:36:42,41.19566,-70.88366,3.075
"AE2426","1",20,2024-11-06 16:36:59,41.19562,-70.88366,2.515
"AE2426","1",21,2024-11-06 16:37:19,41.19556,-70.88366,2.481
"AE2426","1",22,2024-11-06 16:37:36,41.19552,-70.88366,3.028
"AE2426","2",1,2024-11-07 05:36:14,41.03138,-70.76684,4.143
"AE2426","3",1,2024-11-07 07:32:42,41.03079,-70.99203,3.376
"AE2426","4",1,2024-11-07 08:36:59,41.03129,-70.8821,41.675
"AE2426","4",2,2024-11-07 08:37:13,41.03132,-70.88206,41.851
"AE2426","4",3,2024-11-07 08:39:01,41.0314,-70.88176,27.415
"AE2426","4",4,2024-11-07 08:39:11,41.03141,-70.88173,27.042
"AE2426","4",5,2024-11-07 08:39:20,41.03142,-70.88172,26.945
"AE2426","4",6,2024-11-07 08:39:32,41.03144,-70.88166,27.378
"AE2426","4",7,2024-11-07 08:39:44,41.03144,-70.88164,27.201
"AE2426","4",8,2024-11-07 08:39:54,41.03146,-70.88162,27.408
"AE2426","4",9,2024-11-07 08:40:04,41.03146,-70.8816,26.888
"AE2426","4",10,2024-11-07 08:42:05,41.03156,-70.88124,14.765
"AE2426","4",11,2024-11-07 08:42:12,41.03156,-70.88122,14.662
"AE2426","4",12,2024-11-07 08:42:21,41.03157,-70.88119,14.919
"AE2426","4",13,2024-11-07 08:42:30,41.03159,-70.88116,15.354
"AE2426","4",14,2024-11-07 08:42:38,41.03158,-70.88112,14.956
"AE2426","4",15,2024-11-07 08:44:32,41.03163,-70.88082,2.153
"AE2426","4",16,2024-11-07 08:44:42,41.03166,-70.88078,2.887
"AE2426","4",17,2024-11-07 08:44:53,41.03167,-70.88075,2.919
"AE2426","4",18,2024-11-07 08:45:00,41.03168,-70.88073,3.11
"AE2426","4",19,2024-11-07 08:45:10,41.03166,-70.88072,2.399
"AE2426","4",20,2024-11-07 08:45:19,41.03168,-70.88068,2.964
"AE2426","4",21,2024-11-07 08:45:28,41.03168,-70.88065,2.55
"AE2426","4",22,2024-11-07 08:45:36,41.03168,-70.88063,2.722
"AE2426","4",23,2024-11-07 08:45:45,41.03168,-70.8806,2.679
"AE2426","4",24,2024-11-07 08:45:53,41.0317,-70.88058,2.699
"AE2426","5",1,2024-11-07 13:12:44,40.51322,-70.88278,71.993
"AE2426","5",2,2024-11-07 13:13:02,40.51324,-70.88277,72.155
"AE2426","5",3,2024-11-07 13:15:01,40.51342,-70.8826,54.599
"AE2426","5",4,2024-11-07 13:15:10,40.51344,-70.8826,54.697
"AE2426","5",5,2024-11-07 13:15:18,40.51344,-70.8826,54.859
"AE2426","5",6,2024-11-07 13:15:34,40.51347,-70.88257,55.038
"AE2426","5",7,2024-11-07 13:17:20,40.51366,-70.8824,36.793
"AE2426","5",8,2024-11-07 13:17:30,40.51368,-70.8824,36.942
"AE2426","5",9,2024-11-07 13:17:39,40.51372,-70.88242,37.36
"AE2426","5",10,2024-11-07 13:17:51,40.51374,-70.88237,37.182
"AE2426","5",11,2024-11-07 13:19:31,40.51399,-70.88226,20.115
"AE2426","5",12,2024-11-07 13:19:38,40.514,-70.88224,20.237
"AE2426","5",13,2024-11-07 13:21:43,40.51402,-70.8821,3.651
"AE2426","5",14,2024-11-07 13:21:50,40.51402,-70.88209,3.444
"AE2426","5",15,2024-11-07 13:21:58,40.51404,-70.88208,3.481
"AE2426","5",16,2024-11-07 13:22:05,40.51404,-70.88206,3.777
"AE2426","6",1,2024-11-08 04:44:13,39.77325,-70.8841,50.511
"AE2426","6",2,2024-11-08 04:44:34,39.77318,-70.88414,50.531
"AE2426","6",3,2024-11-08 04:45:01,39.7731,-70.8842,50.228
"AE2426","6",4,2024-11-08 04:45:17,39.77304,-70.88424,50.395
"AE2426","6",5,2024-11-08 04:46:33,39.77277,-70.88438,25.048
"AE2426","6",6,2024-11-08 04:46:51,39.77272,-70.88442,25.264
"AE2426","6",7,2024-11-08 04:47:06,39.77266,-70.88442,25.302
"AE2426","6",8,2024-11-08 04:47:18,39.77262,-70.88446,25.172
"AE2426","6",9,2024-11-08 04:47:33,39.77256,-70.8845,25.204
"AE2426","6",10,2024-11-08 04:47:45,39.77252,-70.8845,25.255
"AE2426","6",11,2024-11-08 04:49:28,39.77214,-70.8847,2.926
"AE2426","6",12,2024-11-08 04:49:40,39.7721,-70.88474,2.937
"AE2426","6",13,2024-11-08 04:49:53,39.77206,-70.88474,3.083
"AE2426","6",14,2024-11-08 04:50:12,39.772,-70.88477,2.915
"AE2426","6",15,2024-11-08 04:50:26,39.77194,-70.88479,2.955
"AE2426","6",16,2024-11-08 04:50:36,39.7719,-70.88481,2.825
"AE2426","6",17,2024-11-08 04:50:47,39.77187,-70.88482,2.843
"AE2426","6",18,2024-11-08 04:50:57,39.77184,-70.88484,2.817
"AE2426","7",1,2024-11-08 06:46:48,39.77176,-70.78014,59.956
"AE2426","7",2,2024-11-08 06:47:06,39.77174,-70.78018,59.869
"AE2426","8",1,2024-11-08 08:27:13,39.76992,-71.00091,60.161
"AE2426","10",1,2024-11-08 10:50:34,39.7713,-70.8858,499.705
"AE2426","10",2,2024-11-08 10:50:43,39.77128,-70.88584,499.896
"AE2426","10",3,2024-11-08 10:55:59,39.77088,-70.88626,300.28
"AE2426","10",4,2024-11-08 10:56:12,39.77087,-70.88628,300.47
"AE2426","10",5,2024-11-08 11:00:59,39.77048,-70.88672,119.51
"AE2426","10",6,2024-11-08 11:04:14,39.77024,-70.88708,92.404
"AE2426","10",7,2024-11-08 11:06:57,39.77002,-70.88742,57.29
"AE2426","10",8,2024-11-08 11:07:05,39.77,-70.88741,57.095
"AE2426","10",9,2024-11-08 11:07:15,39.76998,-70.88742,57.111
"AE2426","10",10,2024-11-08 11:07:27,39.76996,-70.88744,56.814
"AE2426","10",11,2024-11-08 11:07:36,39.76996,-70.88748,57.072
"AE2426","10",12,2024-11-08 11:07:48,39.76994,-70.8875,57.146
"AE2426","10",13,2024-11-08 11:10:32,39.76972,-70.8877,41.646
"AE2426","10",14,2024-11-08 11:10:52,39.7697,-70.88773,41.994
"AE2426","10",15,2024-11-08 11:11:03,39.76968,-70.88772,41.725
"AE2426","10",16,2024-11-08 11:12:41,39.76958,-70.88789,19.782
"AE2426","10",17,2024-11-08 11:12:51,39.76956,-70.88791,19.788
"AE2426","10",18,2024-11-08 11:14:58,39.76941,-70.88813,2.525
"AE2426","10",19,2024-11-08 11:15:05,39.7694,-70.88813,2.797
"AE2426","10",20,2024-11-08 11:15:13,39.7694,-70.88814,2.916
"AE2426","10",21,2024-11-08 11:15:21,39.76938,-70.88816,2.608
"AE2426","10",22,2024-11-08 11:15:30,39.76938,-70.88818,2.826
"AE2426","10",23,2024-11-08 11:15:38,39.76937,-70.8882,2.7
"AE2426","10",24,2024-11-08 11:15:46,39.76935,-70.88822,2.929
"AE2426","11",1,2024-11-08 18:05:52,39.93517,-70.87363,445.733
"AE2426","11",2,2024-11-08 18:06:02,39.93513,-70.87351,444.826
"AE2426","11",3,2024-11-08 18:10:52,39.93371,-70.87126,310.168
"AE2426","11",4,2024-11-08 18:14:42,39.93241,-70.86966,205.551
"AE2426","11",5,2024-11-08 18:19:39,39.93067,-70.86781,70.095
"AE2426","11",6,2024-11-08 18:21:15,39.93008,-70.86716,52.983
"AE2426","11",7,2024-11-08 18:21:23,39.93004,-70.86712,53.504
"AE2426","11",8,2024-11-08 18:21:30,39.93,-70.86706,53.259
"AE2426","11",9,2024-11-08 18:21:38,39.92996,-70.86699,53.222
"AE2426","11",10,2024-11-08 18:23:11,39.92943,-70.86633,30.608
"AE2426","11",11,2024-11-08 18:23:20,39.92938,-70.86625,30.848
"AE2426","11",12,2024-11-08 18:23:28,39.92934,-70.86621,30.922
"AE2426","11",13,2024-11-08 18:23:38,39.92928,-70.86612,31.067
"AE2426","11",14,2024-11-08 18:23:50,39.92921,-70.86604,31.086
"AE2426","11",15,2024-11-08 18:23:58,39.92916,-70.86599,31.25
"AE2426","11",16,2024-11-08 18:25:44,39.92857,-70.86507,14.469
"AE2426","11",17,2024-11-08 18:25:52,39.92852,-70.86501,14.015
"AE2426","11",18,2024-11-08 18:26:00,39.92848,-70.86492,14.225
"AE2426","11",19,2024-11-08 18:26:09,39.92843,-70.86486,14.278
"AE2426","11",20,2024-11-08 18:27:26,39.92804,-70.86436,2.826
"AE2426","11",21,2024-11-08 18:27:33,39.92801,-70.8643,3.145
"AE2426","11",22,2024-11-08 18:27:41,39.92797,-70.86426,2.712
"AE2426","11",23,2024-11-08 18:27:48,39.92794,-70.86421,2.973
"AE2426","11",24,2024-11-08 18:27:56,39.9279,-70.86418,2.947
"AE2426","12",1,2024-11-09 01:05:03,40.049,-70.88328,197.557
"AE2426","12",2,2024-11-09 01:05:18,40.04895,-70.88332,197.515
"AE2426","12",3,2024-11-09 01:07:42,40.04857,-70.88368,140.919
"AE2426","12",4,2024-11-09 01:07:50,40.04854,-70.88371,140.371
"AE2426","12",5,2024-11-09 01:09:45,40.04836,-70.88391,100.214
"AE2426","12",6,2024-11-09 01:09:54,40.04834,-70.88394,99.879
"AE2426","12",7,2024-11-09 01:10:03,40.04834,-70.88393,100.396
"AE2426","12",8,2024-11-09 01:11:48,40.04821,-70.88413,60.472
"AE2426","12",9,2024-11-09 01:12:00,40.04822,-70.88414,60.876
"AE2426","12",10,2024-11-09 01:12:10,40.0482,-70.88418,60.677
"AE2426","12",11,2024-11-09 01:13:19,40.04818,-70.88415,44.716
"AE2426","12",12,2024-11-09 01:13:27,40.04819,-70.88416,45.216
"AE2426","12",13,2024-11-09 01:13:35,40.04817,-70.88416,44.893
"AE2426","12",14,2024-11-09 01:14:58,40.04799,-70.88413,25.007
"AE2426","12",15,2024-11-09 01:15:08,40.04802,-70.88406,25.486
"AE2426","12",16,2024-11-09 01:15:17,40.04798,-70.88406,24.609
"AE2426","12",17,2024-11-09 01:16:17,40.04803,-70.88406,15.46
"AE2426","12",18,2024-11-09 01:16:27,40.04805,-70.88408,15.597
"AE2426","12",19,2024-11-09 01:16:43,40.04804,-70.8841,15.396
"AE2426","12",20,2024-11-09 01:17:53,40.04809,-70.88417,3.345
"AE2426","12",21,2024-11-09 01:18:04,40.04808,-70.88418,3.006
"AE2426","12",22,2024-11-09 01:18:11,40.04809,-70.8842,3.164
"AE2426","12",23,2024-11-09 01:18:19,40.04811,-70.8842,3.613
"AE2426","12",24,2024-11-09 01:18:29,40.04811,-70.88423,3.176
"AE2426","15",1,2024-11-10 03:44:44,40.25658,-70.88389,117.705
"AE2426","15",2,2024-11-10 03:45:23,40.25658,-70.88384,117.191
"AE2426","15",3,2024-11-10 03:47:18,40.25664,-70.88376,100.151
"AE2426","15",4,2024-11-10 03:47:34,40.25666,-70.88375,100.142
"AE2426","15",5,2024-11-10 03:48:31,40.25668,-70.88374,80.249
"AE2426","15",6,2024-11-10 03:48:42,40.25668,-70.88371,80.552
"AE2426","15",7,2024-11-10 03:49:48,40.25669,-70.88369,59.73
"AE2426","15",8,2024-11-10 03:49:58,40.2567,-70.88368,59.697
"AE2426","15",9,2024-11-10 03:50:23,40.2567,-70.88366,59.87
"AE2426","15",10,2024-11-10 03:51:36,40.25676,-70.88358,45.426
"AE2426","15",11,2024-11-10 03:51:47,40.25678,-70.88357,44.939
"AE2426","15",12,2024-11-10 03:52:00,40.25678,-70.88355,45.352
"AE2426","15",13,2024-11-10 03:53:40,40.25688,-70.88348,20.505
"AE2426","15",14,2024-11-10 03:53:50,40.25688,-70.88349,20.039
"AE2426","15",15,2024-11-10 03:54:00,40.25688,-70.88348,20.485
"AE2426","15",16,2024-11-10 03:55:11,40.25688,-70.88346,3.422
"AE2426","15",17,2024-11-10 03:55:23,40.25688,-70.88347,3.079
"AE2426","15",18,2024-11-10 03:55:32,40.25688,-70.88345,3.755
"AE2426","15",19,2024-11-10 03:55:41,40.2569,-70.88348,3.215
"AE2426","15",20,2024-11-10 03:55:50,40.2569,-70.88348,3.222
"AE2426","16",1,2024-11-10 06:41:28,40.14918,-70.88804,134.098
"AE2426","16",2,2024-11-10 06:41:56,40.14912,-70.88819,134.996
"AE2426","16",3,2024-11-10 06:44:33,40.1487,-70.88913,102.39
"AE2426","16",4,2024-11-10 06:47:32,40.14877,-70.89,86.608
"AE2426","16",5,2024-11-10 06:49:55,40.14854,-70.89072,65.122
"AE2426","16",6,2024-11-10 06:50:07,40.14852,-70.89076,65.109
"AE2426","16",7,2024-11-10 06:51:24,40.14864,-70.89128,52.632
"AE2426","16",8,2024-11-10 06:51:33,40.14867,-70.89133,52.828
"AE2426","16",9,2024-11-10 06:51:42,40.14869,-70.8914,52.695
"AE2426","16",10,2024-11-10 06:53:25,40.1488,-70.89215,35.703
"AE2426","16",11,2024-11-10 06:53:35,40.1488,-70.89223,35.296
"AE2426","16",12,2024-11-10 06:55:22,40.14877,-70.89305,19.932
"AE2426","16",13,2024-11-10 06:55:30,40.14876,-70.89313,19.973
"AE2426","16",14,2024-11-10 06:55:38,40.14876,-70.89318,20.096
"AE2426","16",15,2024-11-10 06:55:51,40.14874,-70.89326,20.091
"AE2426","16",16,2024-11-10 06:56:02,40.14871,-70.89336,19.968
"AE2426","16",17,2024-11-10 06:56:12,40.1487,-70.89341,20.33
"AE2426","16",18,2024-11-10 06:57:48,40.14847,-70.89406,3.597
"AE2426","16",19,2024-11-10 06:57:57,40.14844,-70.89411,3.325
"AE2426","16",20,2024-11-10 06:58:08,40.14842,-70.8942,3.563
"AE2426","16",21,2024-11-10 06:58:22,40.14838,-70.89428,3.571
"AE2426","16",22,2024-11-10 06:58:31,40.14836,-70.89432,3.15
"AE2426","16",23,2024-11-10 06:58:44,40.14834,-70.89441,2.963
"AE2426","16",24,2024-11-10 06:58:53,40.1483,-70.89445,3.67
"AE2426","17",1,2024-11-10 09:40:56,40.36363,-70.88107,88.211
"AE2426","17",2,2024-11-10 09:41:10,40.36364,-70.88109,87.779
"AE2426","17",3,2024-11-10 09:43:59,40.3636,-70.8813,64.693
"AE2426","17",4,2024-11-10 09:45:57,40.36349,-70.88151,52.422
"AE2426","17",5,2024-11-10 09:46:09,40.36348,-70.88154,52.495
"AE2426","17",6,2024-11-10 09:46:23,40.36344,-70.88156,52.301
"AE2426","17",7,2024-11-10 09:46:35,40.36344,-70.8816,52.241
"AE2426","17",8,2024-11-10 09:48:53,40.3634,-70.88156,35.017
"AE2426","17",9,2024-11-10 09:49:02,40.36338,-70.88155,35.208
"AE2426","17",10,2024-11-10 09:49:12,40.36338,-70.88156,34.982
"AE2426","17",11,2024-11-10 09:49:19,40.36338,-70.88156,34.9
"AE2426","17",12,2024-11-10 09:49:33,40.36336,-70.88156,34.933
"AE2426","17",13,2024-11-10 09:49:52,40.36336,-70.8816,34.964
"AE2426","17",14,2024-11-10 09:51:53,40.36324,-70.88176,20.659
"AE2426","17",15,2024-11-10 09:52:02,40.36324,-70.88179,20.36
"AE2426","17",16,2024-11-10 09:52:12,40.36322,-70.88179,20.742
"AE2426","17",17,2024-11-10 09:54:08,40.36307,-70.88206,2.399
"AE2426","17",18,2024-11-10 09:54:18,40.36306,-70.8821,2.732
"AE2426","17",19,2024-11-10 09:54:28,40.36304,-70.88213,2.761
"AE2426","17",20,2024-11-10 09:54:36,40.36302,-70.88214,2.653
"AE2426","17",21,2024-11-10 09:54:44,40.36302,-70.88216,2.518
"AE2426","17",22,2024-11-10 09:54:54,40.363,-70.88219,2.545
"AE2426","17",23,2024-11-10 09:55:03,40.36298,-70.8822,2.664
"AE2426","17",24,2024-11-10 09:55:12,40.36296,-70.88224,2.657
"AE2426","18",1,2024-11-10 12:51:42,40.70006,-70.88452,59.893
"AE2426","18",2,2024-11-10 12:51:56,40.70007,-70.8845,60.22
"AE2426","18",3,2024-11-10 12:54:22,40.70018,-70.88441,51.907
"AE2426","18",4,2024-11-10 12:54:40,40.70018,-70.88443,51.191
"AE2426","18",5,2024-11-10 12:56:39,40.70024,-70.88437,43.578
"AE2426","18",6,2024-11-10 12:57:04,40.70024,-70.88437,43.811
"AE2426","18",7,2024-11-10 12:57:18,40.70024,-70.88437,43.566
"AE2426","18",8,2024-11-10 12:58:28,40.7003,-70.88436,44.168
"AE2426","18",9,2024-11-10 13:00:27,40.70042,-70.88438,33.918
"AE2426","18",10,2024-11-10 13:01:46,40.70052,-70.88441,27.763
"AE2426","18",11,2024-11-10 13:01:56,40.70052,-70.8844,28.128
"AE2426","18",12,2024-11-10 13:02:09,40.70053,-70.88443,27.918
"AE2426","18",13,2024-11-10 13:02:18,40.70054,-70.88442,27.951
"AE2426","18",14,2024-11-10 13:02:39,40.70056,-70.88441,27.775
"AE2426","18",15,2024-11-10 13:04:23,40.70068,-70.88442,15.428
"AE2426","18",16,2024-11-10 13:04:34,40.70068,-70.88444,15.109
"AE2426","18",17,2024-11-10 13:04:44,40.7007,-70.88445,15.371
"AE2426","18",18,2024-11-10 13:06:01,40.70078,-70.88446,2.608
"AE2426","18",19,2024-11-10 13:06:09,40.70079,-70.88446,2.468
"AE2426","18",20,2024-11-10 13:06:17,40.7008,-70.88446,2.565
"AE2426","18",21,2024-11-10 13:06:25,40.70082,-70.88446,2.734
"AE2426","18",22,2024-11-10 13:06:37,40.70084,-70.88444,2.988
"AE2426","18",23,2024-11-10 13:06:44,40.70086,-70.88444,3.032
"AE2426","18",24,2024-11-10 13:06:53,40.70086,-70.88444,2.655
"AE2426","19",1,2024-11-11 02:57:33,41.03136,-70.88326,39.592
"AE2426","19",2,2024-11-11 02:57:45,41.03133,-70.88325,39.89
"AE2426","19",3,2024-11-11 02:57:54,41.0313,-70.88326,39.664
"AE2426","19",4,2024-11-11 02:58:57,41.03116,-70.88322,19.115
"AE2426","19",5,2024-11-11 02:59:05,41.03114,-70.88321,19.442
"AE2426","19",6,2024-11-11 02:59:14,41.03114,-70.88321,19.526
"AE2426","19",7,2024-11-11 03:00:02,41.03102,-70.88318,4.262
"AE2426","19",8,2024-11-11 03:00:11,41.031,-70.88318,3.875
"AE2426","19",9,2024-11-11 03:00:20,41.03096,-70.8832,3.815
"AE2426","19",10,2024-11-11 03:00:28,41.03094,-70.88318,3.921
"AE2426","20",1,2024-11-11 06:41:38,41.32296,-70.55111,11.208
"AE2426","20",2,2024-11-11 06:41:51,41.32296,-70.55098,12.17
"AE2426","20",3,2024-11-11 06:43:00,41.323,-70.55024,7.764
"AE2426","20",4,2024-11-11 06:43:10,41.323,-70.55015,8.594
"AE2426","20",5,2024-11-11 06:43:59,41.32302,-70.54957,3.316
"AE2426","20",6,2024-11-11 06:44:12,41.323,-70.54943,4.268
"EN727","1",1,2025-01-24 19:04:16,41.19635,-70.88874,16.095
"EN727","1",2,2025-01-24 19:04:27,41.19634,-70.88876,16.096
"EN727","1",3,2025-01-24 19:04:45,41.19634,-70.88885,16.302
"EN727","1",4,2025-01-24 19:05:02,41.19634,-70.88896,16.189
"EN727","1",5,2025-01-24 19:05:10,41.19634,-70.88898,16.187
"EN727","1",6,2025-01-24 19:05:27,41.19634,-70.88904,16.225
"EN727","1",7,2025-01-24 19:07:07,41.19628,-70.88942,10.02
"EN727","1",8,2025-01-24 19:07:19,41.19628,-70.88946,9.943
"EN727","1",9,2025-01-24 19:07:29,41.19626,-70.8895,10.001
"EN727","1",10,2025-01-24 19:07:42,41.19626,-70.88954,10.067
"EN727","1",11,2025-01-24 19:07:56,41.19624,-70.88958,10.29
"EN727","1",12,2025-01-24 19:08:03,41.19624,-70.8896,10.012
"EN727","1",13,2025-01-24 19:08:14,41.19623,-70.88964,10.041
"EN727","1",14,2025-01-24 19:10:19,41.19612,-70.88996,3.054
"EN727","1",15,2025-01-24 19:10:30,41.19612,-70.88998,3.07
"EN727","1",16,2025-01-24 19:10:40,41.19611,-70.89,3.065
"EN727","1",17,2025-01-24 19:10:52,41.1961,-70.89004,3.22
"EN727","1",18,2025-01-24 19:11:06,41.19608,-70.89006,3.294
"EN727","1",19,2025-01-24 19:11:15,41.19608,-70.8901,3.26
"EN727","1",20,2025-01-24 19:11:27,41.19608,-70.89012,3.022
"EN727","1",21,2025-01-24 19:11:36,41.19607,-70.89013,3.033
"EN727","1",22,2025-01-24 19:11:49,41.19606,-70.89016,2.949
"EN727","1",23,2025-01-24 19:12:00,41.19604,-70.8902,3.181
"EN727","1",24,2025-01-24 19:12:26,41.196,-70.89024,3.164
"EN727","2",1,2025-01-25 04:18:14,41.0285,-70.88576,40.805
"EN727","2",2,2025-01-25 04:18:27,41.02848,-70.88578,40.732
"EN727","2",3,2025-01-25 04:18:36,41.02848,-70.88582,40.58
"EN727","2",4,2025-01-25 04:20:49,41.02824,-70.88619,21.452
"EN727","2",5,2025-01-25 04:20:55,41.02824,-70.8862,21.677
"EN727","2",6,2025-01-25 04:21:03,41.02822,-70.88622,21.238
"EN727","2",7,2025-01-25 04:21:10,41.02822,-70.88626,21.562
"EN727","2",8,2025-01-25 04:21:19,41.0282,-70.88626,21.576
"EN727","2",9,2025-01-25 04:21:26,41.0282,-70.88628,21.436
"EN727","2",10,2025-01-25 04:23:41,41.02808,-70.88662,9.853
"EN727","2",11,2025-01-25 04:23:47,41.02808,-70.88664,10.011
"EN727","2",12,2025-01-25 04:23:53,41.02806,-70.88664,9.882
"EN727","2",13,2025-01-25 04:24:00,41.02804,-70.88664,10.014
"EN727","2",14,2025-01-25 04:24:06,41.02804,-70.88668,9.948
"EN727","2",15,2025-01-25 04:25:43,41.02798,-70.88686,4.699
"EN727","2",16,2025-01-25 04:25:49,41.02798,-70.88688,4.866
"EN727","2",17,2025-01-25 04:25:56,41.02798,-70.88688,4.925
"EN727","2",18,2025-01-25 04:26:02,41.02798,-70.88688,4.822
"EN727","2",19,2025-01-25 04:26:08,41.02798,-70.88688,4.659
"EN727","2",20,2025-01-25 04:26:14,41.02798,-70.8869,4.82
"EN727","2",21,2025-01-25 04:26:20,41.02796,-70.8869,4.635
"EN727","2",22,2025-01-25 04:26:26,41.02796,-70.88689,4.751
"EN727","2",23,2025-01-25 04:26:32,41.02796,-70.88692,5.096
"EN727","2",24,2025-01-25 04:26:39,41.02796,-70.88694,4.74
"EN727","3",1,2025-01-25 07:50:58,40.69854,-70.77378,48.223
"EN727","3",2,2025-01-25 07:51:05,40.69856,-70.77381,48.231
"EN727","3",3,2025-01-25 07:54:08,40.69872,-70.77478,3.51
"EN727","3",4,2025-01-25 07:54:15,40.6987,-70.77482,3.327
"EN727","4",1,2025-01-25 09:16:45,40.69666,-70.99326,3.719
"EN727","5",1,2025-01-25 10:21:27,40.69558,-70.88554,61.043
"EN727","5",2,2025-01-25 10:21:46,40.6956,-70.88554,60.886
"EN727","5",3,2025-01-25 10:22:06,40.69562,-70.88556,61.04
"EN727","5",4,2025-01-25 10:23:51,40.69568,-70.88572,37.975
"EN727","5",5,2025-01-25 10:24:08,40.6957,-70.88574,38.159
"EN727","5",6,2025-01-25 10:24:20,40.69572,-70.88576,38.099
"EN727","5",7,2025-01-25 10:24:37,40.69574,-70.88578,38.15
"EN727","5",8,2025-01-25 10:24:49,40.69576,-70.8858,38.262
"EN727","5",9,2025-01-25 10:26:33,40.69582,-70.886,25.122
"EN727","5",10,2025-01-25 10:26:46,40.69584,-70.88604,25.196
"EN727","5",11,2025-01-25 10:26:58,40.69584,-70.88604,25.053
"EN727","5",12,2025-01-25 10:27:12,40.69586,-70.88608,25.061
"EN727","5",13,2025-01-25 10:27:23,40.69586,-70.8861,25.06
"EN727","5",14,2025-01-25 10:29:33,40.69592,-70.88628,8.739
"EN727","5",15,2025-01-25 10:29:55,40.69594,-70.88632,8.775
"EN727","5",16,2025-01-25 10:30:09,40.69596,-70.88634,8.766
"EN727","5",17,2025-01-25 10:31:33,40.69606,-70.88648,3.68
"EN727","5",18,2025-01-25 10:31:46,40.69608,-70.88649,3.633
"EN727","5",19,2025-01-25 10:31:58,40.69608,-70.8865,3.532
"EN727","5",20,2025-01-25 10:32:14,40.6961,-70.88654,3.588
"EN727","5",21,2025-01-25 10:32:28,40.69612,-70.88656,3.548
"EN727","5",22,2025-01-25 10:32:41,40.69612,-70.88657,3.54
"EN727","5",23,2025-01-25 10:32:52,40.69614,-70.88658,3.626
"EN727","5",24,2025-01-25 10:33:04,40.69614,-70.8866,3.427
"EN727","6",1,2025-01-26 04:03:51,39.77146,-70.88682,502.125
"EN727","6",2,2025-01-26 04:12:43,39.77042,-70.8877,201.729
"EN727","6",3,2025-01-26 04:18:26,39.76976,-70.88832,100.469
"EN727","6",4,2025-01-26 04:21:16,39.76967,-70.88893,74.4
"EN727","6",5,2025-01-26 04:23:56,39.76933,-70.8894,41.673
"EN727","6",6,2025-01-26 04:24:09,39.76932,-70.88942,41.869
"EN727","6",7,2025-01-26 04:24:18,39.76932,-70.88944,41.778
"EN727","6",8,2025-01-26 04:24:25,39.7693,-70.88946,41.764
"EN727","6",9,2025-01-26 04:26:19,39.76912,-70.88954,31.1
"EN727","6",10,2025-01-26 04:26:28,39.76911,-70.88954,31.308
"EN727","6",11,2025-01-26 04:26:44,39.76908,-70.88956,31.147
"EN727","6",12,2025-01-26 04:27:08,39.76906,-70.88958,30.956
"EN727","6",13,2025-01-26 04:27:25,39.76902,-70.88962,30.963
"EN727","6",14,2025-01-26 04:29:38,39.76879,-70.88998,20.23
"EN727","6",15,2025-01-26 04:29:50,39.76877,-70.88998,19.994
"EN727","6",16,2025-01-26 04:29:57,39.76875,-70.88998,19.826
"EN727","6",17,2025-01-26 04:30:05,39.76874,-70.88998,20.418
"EN727","6",18,2025-01-26 04:32:21,39.76836,-70.88978,7.091
"EN727","6",19,2025-01-26 04:32:29,39.76832,-70.88978,7.093
"EN727","6",20,2025-01-26 04:32:36,39.7683,-70.88979,7.067
"EN727","6",21,2025-01-26 04:32:44,39.76828,-70.88978,6.749
"EN727","6",22,2025-01-26 04:32:52,39.76824,-70.88978,6.942
"EN727","6",23,2025-01-26 04:32:58,39.76822,-70.88978,6.979
"EN727","6",24,2025-01-26 04:33:06,39.76818,-70.8898,6.654
"EN727","7",1,2025-01-26 07:12:26,39.7709,-70.7788,38.838
"EN727","7",2,2025-01-26 07:12:39,39.77086,-70.77884,38.687
"EN727","7",3,2025-01-26 07:15:32,39.77032,-70.77906,7.005
"EN727","7",4,2025-01-26 07:15:42,39.7703,-70.77908,6.877
"EN727","8",1,2025-01-26 09:13:37,39.76504,-70.99654,4.656
"EN727","9",1,2025-01-26 11:26:01,39.93588,-70.8842,442.186
"EN727","9",2,2025-01-26 11:26:09,39.93588,-70.88418,442.807
"EN727","9",3,2025-01-26 11:31:01,39.93501,-70.8845,210.703
"EN727","9",4,2025-01-26 11:31:08,39.93498,-70.8845,210.787
"EN727","9",5,2025-01-26 11:33:57,39.93446,-70.88476,100.797
"EN727","9",6,2025-01-26 11:34:04,39.93441,-70.88476,100.968
"EN727","9",7,2025-01-26 11:36:37,39.93398,-70.88494,74.85
"EN727","9",8,2025-01-26 11:36:45,39.93396,-70.88494,75.308
"EN727","9",9,2025-01-26 11:38:20,39.93364,-70.88504,55.043
"EN727","9",10,2025-01-26 11:38:26,39.93362,-70.88504,55.39
"EN727","9",11,2025-01-26 11:38:31,39.9336,-70.88507,55.233
"EN727","9",12,2025-01-26 11:38:47,39.93356,-70.8851,55.2
"EN727","9",13,2025-01-26 11:40:12,39.93325,-70.88524,42.65
"EN727","9",14,2025-01-26 11:40:20,39.93322,-70.88525,42.413
"EN727","9",15,2025-01-26 11:40:28,39.93321,-70.88528,42.41
"EN727","9",16,2025-01-26 11:42:02,39.93287,-70.88548,24.803
"EN727","9",17,2025-01-26 11:42:10,39.93285,-70.88552,25.11
"EN727","9",18,2025-01-26 11:42:18,39.93283,-70.88554,24.663
"EN727","9",19,2025-01-26 11:42:25,39.93277,-70.88554,25.154
"EN727","9",20,2025-01-26 11:44:00,39.93242,-70.88577,4.708
"EN727","9",21,2025-01-26 11:44:07,39.93244,-70.8858,5.08
"EN727","9",22,2025-01-26 11:44:14,39.93242,-70.88581,5.106
"EN727","9",23,2025-01-26 11:44:19,39.93238,-70.88581,5.108
"EN727","9",24,2025-01-26 11:44:28,39.93234,-70.88582,5.544
"EN727","10",1,2025-01-26 18:45:45,40.14996,-70.88766,133.85
"EN727","10",2,2025-01-26 18:45:52,40.14994,-70.88768,133.904
"EN727","10",3,2025-01-26 18:48:31,40.1493,-70.8887,101.3
"EN727","10",4,2025-01-26 18:52:40,40.14802,-70.89002,85.457
"EN727","10",5,2025-01-26 18:56:05,40.147,-70.891,70.387
"EN727","10",6,2025-01-26 18:56:12,40.14697,-70.89102,70.731
"EN727","10",7,2025-01-26 18:58:48,40.14617,-70.89187,53.279
"EN727","10",8,2025-01-26 18:58:55,40.14613,-70.8919,53.653
"EN727","10",9,2025-01-26 18:59:05,40.14609,-70.89196,52.958
"EN727","10",10,2025-01-26 19:01:24,40.14548,-70.89268,33.979
"EN727","10",11,2025-01-26 19:01:34,40.14543,-70.89272,33.809
"EN727","10",12,2025-01-26 19:01:41,40.14539,-70.89276,33.786
"EN727","10",13,2025-01-26 19:01:48,40.14535,-70.89278,33.854
"EN727","10",14,2025-01-26 19:01:56,40.1453,-70.89282,34.101
"EN727","10",15,2025-01-26 19:02:03,40.14526,-70.89286,33.7
"EN727","10",16,2025-01-26 19:03:56,40.14473,-70.89336,12.669
"EN727","10",17,2025-01-26 19:04:04,40.1447,-70.89338,12.387
"EN727","10",18,2025-01-26 19:05:36,40.14426,-70.8939,7.003
"EN727","10",19,2025-01-26 19:05:43,40.14423,-70.89393,6.674
"EN727","10",20,2025-01-26 19:05:51,40.1442,-70.89398,6.785
"EN727","10",21,2025-01-26 19:06:01,40.14416,-70.89402,6.621
"EN727","10",22,2025-01-26 19:06:08,40.14412,-70.89406,7.031
"EN727","10",23,2025-01-26 19:06:15,40.14408,-70.89408,6.924
"EN727","10",24,2025-01-26 19:06:23,40.14405,-70.89412,6.939
"EN727","11",1,2025-01-26 21:16:23,40.04334,-70.89313,205.546
"EN727","11",2,2025-01-26 21:16:31,40.04334,-70.89318,205.533
"EN727","11",3,2025-01-26 21:19:55,40.0426,-70.89404,159.827
"EN727","11",4,2025-01-26 21:20:02,40.04258,-70.89408,160.09
"EN727","11",5,2025-01-26 21:23:16,40.04187,-70.89518,100.576
"EN727","11",6,2025-01-26 21:23:24,40.04184,-70.89522,100.235
"EN727","11",7,2025-01-26 21:25:16,40.04146,-70.89575,75.765
"EN727","11",8,2025-01-26 21:25:24,40.04141,-70.8958,76.181
"EN727","11",9,2025-01-26 21:25:30,40.04139,-70.89582,75.781
"EN727","11",10,2025-01-26 21:25:39,40.04136,-70.89586,75.404
"EN727","11",11,2025-01-26 21:27:36,40.04102,-70.89666,57.601
"EN727","11",12,2025-01-26 21:27:43,40.04101,-70.8967,57.389
"EN727","11",13,2025-01-26 21:27:50,40.04102,-70.89675,56.869
"EN727","11",14,2025-01-26 21:30:01,40.04058,-70.8974,40.285
"EN727","11",15,2025-01-26 21:30:08,40.04056,-70.89744,40.375
"EN727","11",16,2025-01-26 21:30:15,40.04053,-70.89747,40.445
"EN727","11",17,2025-01-26 21:30:22,40.0405,-70.89751,40.471
"EN727","11",18,2025-01-26 21:32:40,40.04022,-70.89844,6.004
"EN727","11",19,2025-01-26 21:32:47,40.04023,-70.89846,5.607
"EN727","11",20,2025-01-26 21:32:53,40.04024,-70.8985,5.847
"EN727","11",21,2025-01-26 21:32:59,40.04024,-70.89855,5.803
"EN727","11",22,2025-01-26 21:33:05,40.04025,-70.89858,5.822
"EN727","11",23,2025-01-26 21:33:12,40.04026,-70.8986,6.085
"EN727","11",24,2025-01-26 21:33:18,40.04028,-70.89864,6.064
"EN727","12",1,2025-01-27 00:06:28,40.04231,-70.78967,62.541
"EN727","12",2,2025-01-27 00:06:38,40.04228,-70.78974,62.986
"EN727","12",3,2025-01-27 00:09:45,40.0418,-70.79085,5.624
"EN727","12",4,2025-01-27 00:09:56,40.04176,-70.79094,5.55
"EN727","13",1,2025-01-27 01:44:53,40.04328,-71.00341,5.509
"EN727","14",1,2025-01-27 04:03:24,40.25526,-70.88974,114.738
"EN727","14",2,2025-01-27 04:03:33,40.25528,-70.88976,114.792
"EN727","14",3,2025-01-27 04:03:42,40.25524,-70.88981,114.9
"EN727","14",4,2025-01-27 04:05:59,40.25489,-70.89055,99.637
"EN727","14",5,2025-01-27 04:06:12,40.25488,-70.89061,99.802
"EN727","14",6,2025-01-27 04:06:27,40.25483,-70.8907,99.375
"EN727","14",7,2025-01-27 04:09:08,40.2544,-70.89155,76.994
"EN727","14",8,2025-01-27 04:09:16,40.2544,-70.89158,77.1
"EN727","14",9,2025-01-27 04:09:31,40.25434,-70.89164,76.641
"EN727","14",10,2025-01-27 04:12:27,40.25396,-70.89242,60.177
"EN727","14",11,2025-01-27 04:13:22,40.2538,-70.89262,59.572
"EN727","14",12,2025-01-27 04:13:28,40.25378,-70.89266,59.287
"EN727","14",13,2025-01-27 04:13:35,40.25378,-70.89266,59.815
"EN727","14",14,2025-01-27 04:16:02,40.25338,-70.89332,30.036
"EN727","14",15,2025-01-27 04:16:12,40.25336,-70.89336,30.065
"EN727","14",16,2025-01-27 04:16:22,40.25334,-70.8934,30.163
"EN727","14",17,2025-01-27 04:16:30,40.25331,-70.89342,29.522
"EN727","14",18,2025-01-27 04:19:39,40.25286,-70.89429,4.98
"EN727","14",19,2025-01-27 04:19:46,40.25284,-70.89432,4.803
"EN727","14",20,2025-01-27 04:19:52,40.25282,-70.89436,4.782
"EN727","14",21,2025-01-27 04:19:58,40.25278,-70.8944,5.035
"EN727","14",22,2025-01-27 04:20:04,40.25278,-70.89442,5.221
"EN727","14",23,2025-01-27 04:20:10,40.25278,-70.89444,5.425
"EN727","14",24,2025-01-27 04:20:16,40.25276,-70.89444,5.125
"EN727","15",1,2025-01-27 07:04:27,40.365,-70.77318,56.517
"EN727","15",2,2025-01-27 07:04:34,40.365,-70.7732,56.54
"EN727","15",3,2025-01-27 07:07:33,40.36486,-70.77346,4.273
"EN727","15",4,2025-01-27 07:07:41,40.36486,-70.77348,4.248
"EN727","16",1,2025-01-27 08:37:14,40.36315,-70.9918,4.482
"EN727","18",1,2025-01-27 10:28:00,40.36086,-70.88186,88.837
"EN727","18",2,2025-01-27 10:28:07,40.36083,-70.88185,88.664
"EN727","18",3,2025-01-27 10:30:23,40.36041,-70.88139,75.787
"EN727","18",4,2025-01-27 10:30:30,40.36038,-70.88136,75.748
"EN727","18",5,2025-01-27 10:32:49,40.35999,-70.88098,49.48
"EN727","18",6,2025-01-27 10:32:56,40.35997,-70.88096,49.443
"EN727","18",7,2025-01-27 10:33:03,40.35994,-70.88094,49.4
"EN727","18",8,2025-01-27 10:35:50,40.35942,-70.8806,34.748
"EN727","18",9,2025-01-27 10:35:58,40.35938,-70.88058,34.705
"EN727","18",10,2025-01-27 10:36:06,40.35936,-70.88056,34.498
"EN727","18",11,2025-01-27 10:36:14,40.35934,-70.88054,34.627
"EN727","18",12,2025-01-27 10:36:23,40.35932,-70.88053,34.678
"EN727","18",13,2025-01-27 10:36:30,40.3593,-70.88052,34.443
"EN727","18",14,2025-01-27 10:36:37,40.35928,-70.8805,34.769
"EN727","18",15,2025-01-27 10:38:30,40.35891,-70.88022,20.003
"EN727","18",16,2025-01-27 10:38:37,40.3589,-70.88018,20.177
"EN727","18",17,2025-01-27 10:38:47,40.35886,-70.88015,20.039
"EN727","18",18,2025-01-27 10:40:14,40.35856,-70.87986,4.641
"EN727","18",19,2025-01-27 10:40:20,40.35854,-70.87984,4.732
"EN727","18",20,2025-01-27 10:40:28,40.35852,-70.87981,4.668
"EN727","18",21,2025-01-27 10:40:36,40.35848,-70.87978,4.445
"EN727","18",22,2025-01-27 10:40:43,40.35846,-70.87976,4.744
"EN727","18",23,2025-01-27 10:40:52,40.35844,-70.87972,4.605
"EN727","18",24,2025-01-27 10:40:59,40.35842,-70.8797,4.581
"EN727","19",1,2025-01-27 20:05:05,40.51114,-70.88387,71.313
"EN727","19",2,2025-01-27 20:05:33,40.51106,-70.88396,71.246
"EN727","19",3,2025-01-27 20:05:44,40.51104,-70.88398,71.326
"EN727","19",4,2025-01-27 20:08:01,40.51055,-70.88468,50.275
"EN727","19",5,2025-01-27 20:08:10,40.51056,-70.88472,50.659
"EN727","19",6,2025-01-27 20:08:20,40.51051,-70.88479,50.405
"EN727","19",7,2025-01-27 20:08:39,40.51048,-70.88488,50.749
"EN727","19",8,2025-01-27 20:08:47,40.51044,-70.88492,50.695
"EN727","19",9,2025-01-27 20:10:57,40.51,-70.8854,30.454
"EN727","19",10,2025-01-27 20:11:07,40.50998,-70.88542,30.531
"EN727","19",11,2025-01-27 20:11:19,40.50994,-70.88544,30.301
"EN727","19",12,2025-01-27 20:11:30,40.50992,-70.88546,30.48
"EN727","19",13,2025-01-27 20:11:41,40.50988,-70.88548,30.063
"EN727","19",14,2025-01-27 20:14:14,40.50932,-70.8861,5.547
"EN727","19",15,2025-01-27 20:14:27,40.50932,-70.88616,5.166
"EN727","19",16,2025-01-27 20:14:38,40.5093,-70.88624,5.343
"EN727","19",17,2025-01-27 20:14:47,40.50928,-70.8863,5.277
"EN727","19",18,2025-01-27 20:15:01,40.50926,-70.88636,5.356
"EN727","19",19,2025-01-27 20:15:14,40.50926,-70.8864,5.663
"EN727","19",20,2025-01-27 20:15:24,40.50928,-70.88646,5.257
"EN727","19",21,2025-01-27 20:15:36,40.50928,-70.88653,5.279
"EN727","20",1,2025-01-28 02:34:36,40.85954,-70.87795,48.421
"EN727","20",2,2025-01-28 02:34:43,40.85949,-70.87793,47.965
"EN727","20",3,2025-01-28 02:34:52,40.85941,-70.87792,48.384
"EN727","20",4,2025-01-28 02:36:44,40.85869,-70.87774,29.715
"EN727","20",5,2025-01-28 02:36:50,40.85864,-70.87772,29.784
"EN727","20",6,2025-01-28 02:36:56,40.85861,-70.87771,30.131
"EN727","20",7,2025-01-28 02:37:03,40.85856,-70.87769,30.342
"EN727","20",8,2025-01-28 02:38:35,40.85804,-70.87734,15.095
"EN727","20",9,2025-01-28 02:38:42,40.858,-70.87733,15.193
"EN727","20",10,2025-01-28 02:39:13,40.85786,-70.87724,15.226
"EN727","20",11,2025-01-28 02:41:44,40.85701,-70.87674,5.592
"EN727","20",12,2025-01-28 02:41:51,40.85696,-70.87674,5.605
"EN727","20",13,2025-01-28 02:41:58,40.85692,-70.87674,5.484
"EN727","20",14,2025-01-28 02:42:04,40.85688,-70.87672,5.697
"EN727","20",15,2025-01-28 02:42:11,40.85684,-70.87671,5.629
"EN727","20",16,2025-01-28 02:42:18,40.8568,-70.8767,5.492
"EN727","21",1,2025-01-28 09:53:35,41.29715,-70.57084,18.108
"EN727","21",2,2025-01-28 09:53:42,41.29712,-70.57083,18.23
"EN727","21",3,2025-01-28 09:54:58,41.29684,-70.5708,5.376
"EN727","21",4,2025-01-28 09:55:05,41.29681,-70.5708,5.3
"EN727","21",5,2025-01-28 09:55:11,41.29678,-70.57082,5.28
"EN727","21",6,2025-01-28 09:55:18,41.29677,-70.57082,4.768
"AR87A","1",1,2025-03-28 22:09:50,40.363167,-70.883167,32.0846703618195
"AR87A","1",2,2025-03-28 22:11:34,40.363167,-70.883167,1.89628678024218
"AR87A","2",1,2025-03-28 23:48:22,40.151167,-70.8825,41.6962040055102
"AR87A","2",2,2025-03-28 23:51:00,40.151167,-70.8825,2.38751886188453
"AR87A","3",1,2025-03-29 01:36:44,39.94,-70.884167,67.0634954223445
"AR87A","3",2,2025-03-29 01:39:39,39.94,-70.884167,2.66244046317405
"AR87A","4",1,2025-03-30 19:05:48,35.849667,-74.808,501.207640739604
"AR87A","4",2,2025-03-30 19:06:13,35.849667,-74.808,500.872922608395
"AR87A","4",3,2025-03-30 19:14:57,35.849667,-74.808,236.246011486811
"AR87A","4",4,2025-03-30 19:15:11,35.849667,-74.808,236.027867412778
"AR87A","4",5,2025-03-30 19:21:29,35.849667,-74.808,91.848409884573
"AR87A","4",6,2025-03-30 19:21:45,35.849667,-74.808,91.7849051568563
"AR87A","4",7,2025-03-30 19:26:55,35.849667,-74.808,57.1520516440959
"AR87A","4",8,2025-03-30 19:27:10,35.849667,-74.808,57.1014377460915
"AR87A","4",9,2025-03-30 19:31:09,35.849667,-74.808,37.1307978111083
"AR87A","4",10,2025-03-30 19:31:29,35.849667,-74.808,37.2092073720258
"AR87A","4",11,2025-03-30 19:35:33,35.849667,-74.808,9.54464892663176
"AR87A","4",12,2025-03-30 19:35:51,35.849667,-74.808,9.28060118435245
"AR87A","4",13,2025-03-30 19:38:47,35.849667,-74.808,2.35964938437713
"AR87A","4",14,2025-03-30 19:39:05,35.849667,-74.808,2.33086123024146
"AR87A","5",1,2025-03-31 00:54:29,35.7205,-74.847667,97.2602383181434
"AR87A","5",2,2025-03-31 00:54:53,35.7205,-74.847667,97.674004583525
"AR87A","5",3,2025-03-31 00:58:50,35.7205,-74.847667,70.2187522101307
"AR87A","5",4,2025-03-31 00:59:14,35.7205,-74.847667,70.0550099111178
"AR87A","5",5,2025-03-31 01:02:47,35.7205,-74.847667,50.1826697008651
"AR87A","5",6,2025-03-31 01:03:21,35.7205,-74.847667,50.0605953327817
"AR87A","5",7,2025-03-31 01:07:27,35.7205,-74.847667,31.749608510408
"AR87A","5",8,2025-03-31 01:07:54,35.7205,-74.847667,32.0573029908408
"AR87A","5",9,2025-03-31 01:12:03,35.7205,-74.847667,6.92408789876059
"AR87A","5",10,2025-03-31 01:12:25,35.7205,-74.847667,7.25862212611922
"AR87A","5",11,2025-03-31 01:13:52,35.7205,-74.847667,1.85835885268643
"AR87A","7",1,2025-03-31 15:43:24,35.843167,-74.843833,293.619950852815
"AR87A","7",2,2025-03-31 15:43:50,35.843167,-74.843833,293.728992443865
"AR87A","7",3,2025-03-31 15:49:16,35.843167,-74.843833,201.579135982587
"AR87A","7",4,2025-03-31 15:49:32,35.843167,-74.843833,201.521615558822
"AR87A","7",5,2025-03-31 15:56:57,35.843167,-74.843833,69.3635690714225
"AR87A","7",6,2025-03-31 15:57:20,35.843167,-74.843833,69.8299827501761
"AR87A","7",7,2025-03-31 16:00:40,35.843167,-74.843833,42.3663311090513
"AR87A","7",8,2025-03-31 16:01:03,35.843167,-74.843833,42.1380556447511
"AR87A","7",9,2025-03-31 16:04:10,35.843167,-74.843833,7.05603907893051
"AR87A","7",10,2025-03-31 16:04:32,35.843167,-74.843833,7.18607915893758
"AR87A","8",1,2025-04-01 22:41:02,36.162833,-74.766833,202.151644971824
"AR87A","8",2,2025-04-01 22:41:28,36.162833,-74.766833,201.350349242209
"AR87A","8",3,2025-04-01 22:46:30,36.162833,-74.766833,87.0930304836033
"AR87A","8",4,2025-04-01 22:46:53,36.162833,-74.766833,87.4194827643791
"AR87A","8",5,2025-04-01 22:49:52,36.162833,-74.766833,52.928759770748
"AR87A","8",6,2025-04-01 22:50:14,36.162833,-74.766833,52.3342978681613
"AR87A","8",7,2025-04-01 22:53:12,36.162833,-74.766833,32.5146051901002
"AR87A","8",8,2025-04-01 22:53:35,36.162833,-74.766833,32.9056582401533
"AR87A","8",9,2025-04-01 22:56:13,36.162833,-74.766833,7.2752155787561
"AR87A","8",10,2025-04-01 22:56:29,36.162833,-74.766833,6.55455492735888
"AR87A","8",11,2025-04-01 22:57:33,36.162833,-74.766833,2.13226353692215
"AR87A","9",1,2025-04-02 00:57:43,36.012667,-74.745167,501.039064342905
"AR87A","9",2,2025-04-02 00:58:11,36.012667,-74.745167,501.146014139612
"AR87A","9",3,2025-04-02 01:05:29,36.012667,-74.745167,262.010395172845
"AR87A","9",4,2025-04-02 01:05:44,36.012667,-74.745167,262.187860175389
"AR87A","9",5,2025-04-02 01:12:01,36.012667,-74.745167,101.908235514563
"AR87A","9",6,2025-04-02 01:12:21,36.012667,-74.745167,101.412135744448
"AR87A","9",7,2025-04-02 01:16:54,36.012667,-74.745167,78.2617930148848
"AR87A","9",8,2025-04-02 01:17:16,36.012667,-74.745167,77.8847137984296
"AR87A","9",9,2025-04-02 01:21:28,36.012667,-74.745167,33.3428060578179
"AR87A","9",10,2025-04-02 01:21:59,36.012667,-74.745167,32.4286834674611
"AR87A","9",11,2025-04-02 01:25:38,36.012667,-74.745167,2.02905272160289
"AR87A","9",12,2025-04-02 01:26:01,36.012667,-74.745167,2.47575927766861
"AR87A","10",1,2025-04-02 14:40:40,35.949167,-75.125667,27.7608932999664
"AR87A","10",2,2025-04-02 14:41:02,35.949167,-75.125667,28.917225983974
"AR87A","10",3,2025-04-02 14:45:25,35.949167,-75.125667,6.95273651195164
"AR87A","10",4,2025-04-02 14:45:49,35.949167,-75.125667,6.42364593613164
"AR87A","10",5,2025-04-02 14:48:41,35.949167,-75.125667,2.49463409442954
"AR87A","10",6,2025-04-02 14:49:07,35.949167,-75.125667,1.9307879025905
"AR87A","11",1,2025-04-02 22:07:37,36.179833,-74.819667,97.7276186724322
"AR87A","11",2,2025-04-02 22:08:06,36.179833,-74.819667,98.0123810224537
"AR87A","11",3,2025-04-02 22:10:26,36.179833,-74.819667,85.2959177844536
"AR87A","11",4,2025-04-02 22:10:48,36.179833,-74.819667,85.1827996366859
"AR87A","11",5,2025-04-02 22:14:08,36.179833,-74.819667,44.390705239265
"AR87A","11",6,2025-04-02 22:14:28,36.179833,-74.819667,44.5197253014628
"AR87A","11",7,2025-04-02 22:17:21,36.179833,-74.819667,29.8664963925695
"AR87A","11",8,2025-04-02 22:17:40,36.179833,-74.819667,30.5761560676993
"AR87A","11",9,2025-04-02 22:19:56,36.179833,-74.819667,7.13424945269908
"AR87A","11",10,2025-04-02 22:20:17,36.179833,-74.819667,6.9049487963554
"AR87A","11",11,2025-04-02 22:21:39,36.179833,-74.819667,1.66074286637716
"AR87A","12",1,2025-04-03 19:20:30,35.936,-75.305833,17.3685144469218
"AR87A","12",2,2025-04-03 19:20:50,35.936,-75.305833,17.2742160393996
"AR87A","12",3,2025-04-03 19:23:43,35.936,-75.305833,8.93806512384521
"AR87A","12",4,2025-04-03 19:24:06,35.936,-75.305833,8.77427690451675
"AR87A","12",5,2025-04-03 19:26:33,35.936,-75.305833,1.79479162879373
"AR87A","12",6,2025-04-03 19:27:03,35.936,-75.305833,2.01417603014206
"AR87A","13",1,2025-04-04 00:09:45,36.175333,-74.964167,31.0764025142144
"AR87A","13",2,2025-04-04 00:10:01,36.175333,-74.964167,31.120073709053
"AR87A","13",3,2025-04-04 00:12:26,36.175333,-74.964167,22.2586004172739
"AR87A","13",4,2025-04-04 00:12:54,36.175333,-74.964167,21.8556165941322
"AR87A","13",5,2025-04-04 00:15:26,36.175333,-74.964167,2.05384043574485
"AR87A","13",6,2025-04-04 00:15:46,36.175333,-74.964167,1.95556627845081
"AR87A","21",1,2025-04-04 19:11:08,36.039833,-75.305667,28.3988844608332
"AR87A","21",2,2025-04-04 19:11:35,36.039833,-75.305667,28.3184877283536
"AR87A","21",3,2025-04-04 19:15:05,36.039833,-75.305667,18.0691345649065
"AR87A","21",4,2025-04-04 19:15:30,36.039833,-75.305667,18.0661567584417
"AR87A","21",5,2025-04-04 19:18:22,36.039833,-75.305667,7.17404339359941
"AR87A","21",6,2025-04-04 19:18:48,36.039833,-75.305667,7.11249877479493
"AR87A","22",1,2025-04-04 23:20:37,36.178833,-74.843667,84.0377303294626
"AR87A","22",2,2025-04-04 23:21:04,36.178833,-74.843667,83.9077428711641
"AR87A","22",3,2025-04-04 23:23:46,36.178833,-74.843667,41.9938983782172
"AR87A","22",4,2025-04-04 23:24:05,36.178833,-74.843667,41.7626517978568
"AR87A","22",5,2025-04-04 23:26:23,36.178833,-74.843667,26.8303186013317
"AR87A","22",6,2025-04-04 23:26:51,36.178833,-74.843667,26.5285839260188
"AR87A","22",7,2025-04-04 23:29:05,36.178833,-74.843667,6.71039105211574
"AR87A","22",8,2025-04-04 23:29:32,36.178833,-74.843667,6.78285413313291
"AR87A","23",1,2025-04-05 01:31:58,36.1585,-74.769333,321.608063635911
"AR87A","23",2,2025-04-05 01:32:26,36.1585,-74.769333,321.582294378457
"AR87A","23",3,2025-04-05 01:40:08,36.1585,-74.769333,181.095837089674
"AR87A","23",4,2025-04-05 01:40:32,36.1585,-74.769333,181.226755011958
"AR87A","23",5,2025-04-05 01:48:24,36.1585,-74.769333,66.3468893018714
"AR87A","23",6,2025-04-05 01:48:52,36.1585,-74.769333,66.6783365416303
"AR87A","23",7,2025-04-05 01:52:34,36.1585,-74.769333,31.5191158298109
"AR87A","23",8,2025-04-05 01:53:02,36.1585,-74.769333,31.5230859361073
"AR87A","23",9,2025-04-05 01:56:04,36.1585,-74.769333,1.82255135368471
"AR87A","23",10,2025-04-05 01:56:38,36.1585,-74.769333,1.82751470666451
"AR87B","1",1,2025-04-10 19:30:31,40.696833,-70.883167,59.4375802398672
"AR87B","1",2,2025-04-10 19:32:41,40.696833,-70.883167,31.4417921549346
"AR87B","1",3,2025-04-10 19:34:51,40.696833,-70.883167,1.78013395204518
"AR87B","2",1,2025-04-10 21:44:43,40.363833,-70.883167,87.729759203444
"AR87B","2",2,2025-04-10 21:46:54,40.363833,-70.883167,62.12475720667
"AR87B","2",3,2025-04-10 21:49:10,40.363833,-70.883167,32.0320844745525
"AR87B","2",4,2025-04-10 21:51:45,40.363833,-70.883167,1.98162411326474
"AR87B","3",1,2025-04-10 23:25:10,40.151833,-70.881833,131.02824055443
"AR87B","3",2,2025-04-10 23:28:02,40.151833,-70.881833,76.9303760505154
"AR87B","3",3,2025-04-10 23:30:23,40.151833,-70.881833,35.16098780141
"AR87B","3",4,2025-04-10 23:32:26,40.151833,-70.881833,2.09875546614779
"AR87B","4",1,2025-04-11 01:12:06,39.94,-70.883833,436.878099848655
"AR87B","4",2,2025-04-11 01:17:44,39.94,-70.883833,251.505872153786
"AR87B","4",3,2025-04-11 01:24:08,39.94,-70.883833,52.047753524235
"AR87B","4",4,2025-04-11 01:27:06,39.94,-70.883833,2.48183620506621
"AR87B","5",1,2025-04-12 17:02:53,35.943833,-75.128,30.3068158587524
"AR87B","5",2,2025-04-12 17:03:14,35.943833,-75.128,29.9852290278498
"AR87B","5",3,2025-04-12 17:05:41,35.943833,-75.128,20.1418469822707
"AR87B","5",4,2025-04-12 17:06:02,35.943833,-75.128,19.6892206738632
"AR87B","5",5,2025-04-12 17:08:45,35.943833,-75.128,6.71052950025687
"AR87B","5",6,2025-04-12 17:09:05,35.943833,-75.128,6.50703295079578
"AR87B","5",7,2025-04-12 17:10:51,35.943833,-75.128,2.96814596097146
"AR87B","5",8,2025-04-12 17:11:08,35.943833,-75.128,2.77556522154365
"AR87B","6",1,2025-04-12 20:51:32,35.944333,-75.335833,22.7225909023625
"AR87B","6",2,2025-04-12 20:51:45,35.944333,-75.335833,23.1484106675689
"AR87B","6",3,2025-04-12 20:54:29,35.944333,-75.335833,7.43021046994202
"AR87B","6",4,2025-04-12 20:55:00,35.944333,-75.335833,6.56262198450534
"AR87B","6",5,2025-04-12 20:56:41,35.944333,-75.335833,1.98240852922715
"AR87B","6",6,2025-04-12 20:57:01,35.944333,-75.335833,1.41260453937375
"AR87B","7",1,2025-04-13 12:14:07,35.950667,-75.335333,2.59489497313032
"AR87B","8",1,2025-04-13 13:56:38,35.9495,-75.229333,2.00523945488866
"AR87B","9",1,2025-04-13 14:44:59,35.9485,-75.1365,2.58893935512925
"AR87B","10",1,2025-04-13 15:58:50,35.949,-75.031833,35.8531004137887
"AR87B","10",2,2025-04-13 16:00:56,35.949,-75.031833,2.01814448611545
"AR87B","11",1,2025-04-13 16:47:34,35.949333,-74.938,32.6928791952297
"AR87B","11",2,2025-04-13 16:49:28,35.949333,-74.938,2.96318111316343
"AR87B","12",1,2025-04-13 19:13:44,35.949333,-74.845333,29.5613943191626
"AR87B","12",2,2025-04-13 19:15:29,35.949333,-74.845333,2.44599245915082
"AR87B","13",1,2025-04-13 20:23:06,35.949667,-74.752333,600.484774441174
"AR87B","13",2,2025-04-13 20:23:26,35.949667,-74.752333,599.259391415467
"AR87B","13",3,2025-04-13 20:31:15,35.949667,-74.752333,375.726253814748
"AR87B","13",4,2025-04-13 20:31:40,35.949667,-74.752333,376.06414467375
"AR87B","13",5,2025-04-13 20:37:16,35.949667,-74.752333,231.65596619818
"AR87B","13",6,2025-04-13 20:37:37,35.949667,-74.752333,231.355518180892
"AR87B","13",7,2025-04-13 20:42:50,35.949667,-74.752333,146.916178067162
"AR87B","13",8,2025-04-13 20:43:16,35.949667,-74.752333,147.007440770057
"AR87B","13",9,2025-04-13 20:49:39,35.949667,-74.752333,37.9354026020641
"AR87B","13",10,2025-04-13 20:50:05,35.949667,-74.752333,37.5522919638848
"AR87B","13",11,2025-04-13 20:52:58,35.949667,-74.752333,2.55022436809515
"AR87B","14",1,2025-04-14 14:04:18,35.725,-74.8525,96.2471145255008
"AR87B","14",2,2025-04-14 14:04:40,35.725,-74.8525,95.5505533118672
"AR87B","14",3,2025-04-14 14:08:52,35.725,-74.8525,72.0556057676702
"AR87B","14",4,2025-04-14 14:09:20,35.725,-74.8525,71.998048422197
"AR87B","14",5,2025-04-14 14:12:43,35.725,-74.8525,41.7156805065278
"AR87B","14",6,2025-04-14 14:13:08,35.725,-74.8525,42.0253449165124
"AR87B","14",7,2025-04-14 14:15:48,35.725,-74.8525,27.9152884865474
"AR87B","14",8,2025-04-14 14:16:15,35.725,-74.8525,27.7058536227334
"AR87B","14",9,2025-04-14 14:19:49,35.725,-74.8525,6.74440936558586
"AR87B","14",10,2025-04-14 14:20:17,35.725,-74.8525,6.80595579282643
"AR87B","23",1,2025-04-15 14:29:56,36.174167,-74.822667,98.7625340238844
"AR87B","23",2,2025-04-15 14:30:18,36.174167,-74.822667,98.7416978336479
"AR87B","23",3,2025-04-15 14:34:15,36.174167,-74.822667,79.6538656642506
"AR87B","23",4,2025-04-15 14:34:37,36.174167,-74.822667,79.6806575463247
"AR87B","23",5,2025-04-15 14:38:57,36.174167,-74.822667,46.7676620181619
"AR87B","23",6,2025-04-15 14:39:25,36.174167,-74.822667,46.7507903452939
"AR87B","23",7,2025-04-15 14:42:23,36.174167,-74.822667,32.5701539313826
"AR87B","23",8,2025-04-15 14:43:03,36.174167,-74.822667,32.6733759979707
"AR87B","23",9,2025-04-15 14:46:02,36.174167,-74.822667,6.70344528577253
"AR87B","23",10,2025-04-15 14:46:25,36.174167,-74.822667,6.90594488023724
"AR87B","24",1,2025-04-16 16:51:44,35.950333,-74.845833,95.6846040052557
"AR87B","24",2,2025-04-16 16:52:08,35.950333,-74.845833,95.8443535993073
"AR87B","24",3,2025-04-16 16:56:20,35.950333,-74.845833,71.6185426004724
"AR87B","24",4,2025-04-16 16:56:53,35.950333,-74.845833,71.3635083851582
"AR87B","24",5,2025-04-16 17:01:25,35.950333,-74.845833,38.5418253106635
"AR87B","24",6,2025-04-16 17:01:50,35.950333,-74.845833,38.5795407130555
"AR87B","24",7,2025-04-16 17:05:39,35.950333,-74.845833,27.4551808462462
"AR87B","24",8,2025-04-16 17:06:02,35.950333,-74.845833,27.2358239901785
"AR87B","24",9,2025-04-16 17:09:54,35.950333,-74.845833,6.59835449600644
"AR87B","24",10,2025-04-16 17:10:20,35.950333,-74.845833,6.56758186072028
"AR87B","26",1,2025-04-17 14:32:18,36.053,-74.7795,275.606364343866
"AR87B","26",2,2025-04-17 14:32:58,36.053,-74.7795,275.480462095971
"AR87B","26",3,2025-04-17 14:41:19,36.053,-74.7795,151.800275369053
"AR87B","26",4,2025-04-17 14:41:46,36.053,-74.7795,151.714967349254
"AR87B","26",5,2025-04-17 14:47:43,36.053,-74.7795,76.5229827084276
"AR87B","26",6,2025-04-17 14:48:06,36.053,-74.7795,76.719461522978
"AR87B","26",7,2025-04-17 14:51:18,36.053,-74.7795,49.8120177458682
"AR87B","26",8,2025-04-17 14:51:48,36.053,-74.7795,49.7693425153834
"AR87B","26",9,2025-04-17 14:55:33,36.053,-74.7795,29.0588969291699
"AR87B","26",10,2025-04-17 14:55:52,36.053,-74.7795,28.9606346822408
"AR87B","26",11,2025-04-17 14:59:46,36.053,-74.7795,7.03506351631577
"AR87B","26",12,2025-04-17 15:00:03,36.053,-74.7795,6.88517262896172
"AR87B","32",1,2025-04-19 20:55:09,39.940333,-70.883,29.9169699965418
"AR87B","32",2,2025-04-19 20:56:35,39.940333,-70.883,2.26650008188575
"AR87B","33",1,2025-04-19 22:32:05,40.151,-70.881,27.0430253023992
"AR87B","33",2,2025-04-19 22:33:36,40.151,-70.881,2.4093497819373
"AR87B","34",1,2025-04-20 00:09:31,40.363333,-70.881667,28.5119074271291
"AR87B","34",2,2025-04-20 00:11:07,40.363333,-70.881667,3.58913699424383
"AR87B","35",1,2025-04-20 02:25:35,40.6965,-70.8835,2.60172909092862
"AR88","1",1,2025-04-24 15:06:34,41.197833,-70.883333,15.1686463984789
"AR88","1",2,2025-04-24 15:06:42,41.197833,-70.883333,14.9156464109769
"AR88","1",3,2025-04-24 15:06:49,41.197833,-70.883333,14.9811287906952
"AR88","1",4,2025-04-24 15:06:57,41.197833,-70.883333,15.1646777736395
"AR88","1",5,2025-04-24 15:07:10,41.197833,-70.883333,14.9444189743438
"AR88","1",6,2025-04-24 15:10:33,41.197833,-70.883333,7.68765185670602
"AR88","1",7,2025-04-24 15:10:40,41.197833,-70.883333,8.01110635137282
"AR88","1",8,2025-04-24 15:10:48,41.197833,-70.883333,7.89005902369033
"AR88","1",9,2025-04-24 15:10:58,41.197833,-70.883333,7.35427490974641
"AR88","1",10,2025-04-24 15:11:06,41.197833,-70.883333,7.49417423044065
"AR88","1",11,2025-04-24 15:11:12,41.197833,-70.883333,8.09345818089944
"AR88","1",12,2025-04-24 15:11:19,41.197833,-70.883333,7.75512093462253
"AR88","1",13,2025-04-24 15:12:58,41.197833,-70.883333,2.08764080399554
"AR88","1",14,2025-04-24 15:13:07,41.197833,-70.883333,2.27219357610152
"AR88","1",15,2025-04-24 15:13:15,41.197833,-70.883333,2.08962524329101
"AR88","1",16,2025-04-24 15:13:23,41.197833,-70.883333,2.24044257340671
"AR88","1",17,2025-04-24 15:13:32,41.197833,-70.883333,1.78600580718563
"AR88","1",18,2025-04-24 15:13:39,41.197833,-70.883333,1.62228925752775
"AR88","1",19,2025-04-24 15:13:45,41.197833,-70.883333,1.87530568812424
"AR88","1",20,2025-04-24 15:13:53,41.197833,-70.883333,2.0033021161391
"AR88","1",21,2025-04-24 15:14:00,41.197833,-70.883333,2.02314651641074
"AR88","1",22,2025-04-24 15:14:09,41.197833,-70.883333,2.03902203524169
"AR88","1",23,2025-04-24 15:14:15,41.197833,-70.883333,1.6461025819866
"AR88","1",24,2025-04-24 15:14:21,41.197833,-70.883333,1.86439126032334
"AR88","2",1,2025-04-25 03:58:45,40.695833,-70.881333,59.6022554582326
"AR88","2",2,2025-04-25 03:58:53,40.695833,-70.881333,59.5486881898727
"AR88","2",3,2025-04-25 03:59:04,40.695833,-70.881333,59.5496801764512
"AR88","2",4,2025-04-25 04:04:22,40.695833,-70.881333,33.44785748492
"AR88","2",5,2025-04-25 04:04:28,40.695833,-70.881333,33.2920956735156
"AR88","2",6,2025-04-25 04:04:36,40.695833,-70.881333,33.4270231093708
"AR88","2",7,2025-04-25 04:04:42,40.695833,-70.881333,33.4796051007258
"AR88","2",8,2025-04-25 04:04:49,40.695833,-70.881333,33.2950720149719
"AR88","2",9,2025-04-25 04:04:56,40.695833,-70.881333,33.2613401425991
"AR88","2",10,2025-04-25 04:07:15,40.695833,-70.881333,18.4068705716028
"AR88","2",11,2025-04-25 04:07:24,40.695833,-70.881333,18.3403940988301
"AR88","2",12,2025-04-25 04:07:33,40.695833,-70.881333,18.3076519475849
"AR88","2",13,2025-04-25 04:09:12,40.695833,-70.881333,10.3660372156123
"AR88","2",14,2025-04-25 04:09:20,40.695833,-70.881333,10.3610760905621
"AR88","2",15,2025-04-25 04:10:54,40.695833,-70.881333,1.63030179564433
"AR88","2",16,2025-04-25 04:11:12,40.695833,-70.881333,1.80196397956034
"AR88","2",17,2025-04-25 04:11:19,40.695833,-70.881333,1.78013411445732
"AR88","2",18,2025-04-25 04:11:28,40.695833,-70.881333,1.67693835697416
"AR88","2",19,2025-04-25 04:11:36,40.695833,-70.881333,1.80692531221335
"AR88","2",20,2025-04-25 04:11:46,40.695833,-70.881333,1.86844582711199
"AR88","2",21,2025-04-25 04:11:54,40.695833,-70.881333,1.88134528756648
"AR88","3",1,2025-04-25 06:01:51,40.696167,-70.773167,13.5431165748641
"AR88","3",2,2025-04-25 06:02:03,40.696167,-70.773167,13.2543833897687
"AR88","3",3,2025-04-25 06:04:10,40.696167,-70.773167,1.1381365505604
"AR88","3",4,2025-04-25 06:04:21,40.696167,-70.773167,1.67991510720851
"AR88","4",1,2025-04-25 07:33:34,40.696333,-70.993,16.8015065594171
"AR88","4",2,2025-04-25 07:33:42,40.696333,-70.993,16.6348179432251
"AR88","4",3,2025-04-25 07:35:37,40.696333,-70.993,2.36755501882614
"AR88","4",4,2025-04-25 07:35:45,40.696333,-70.993,2.24848333375784
"AR88","5",1,2025-04-25 09:59:54,40.513,-70.882667,71.3561617992293
"AR88","5",2,2025-04-25 10:00:03,40.513,-70.882667,71.2510155036753
"AR88","5",3,2025-04-25 10:00:11,40.513,-70.882667,71.2262168411966
"AR88","5",4,2025-04-25 10:00:19,40.513,-70.882667,71.5585186689518
"AR88","5",5,2025-04-25 10:04:02,40.513,-70.882667,40.4299121545772
"AR88","5",6,2025-04-25 10:04:09,40.513,-70.882667,40.4636434079864
"AR88","5",7,2025-04-25 10:04:25,40.513,-70.882667,40.0906151199322
"AR88","5",8,2025-04-25 10:08:19,40.513,-70.882667,27.2991034289559
"AR88","5",9,2025-04-25 10:08:29,40.513,-70.882667,27.017329958332
"AR88","5",10,2025-04-25 10:08:36,40.513,-70.882667,27.1016636081826
"AR88","5",11,2025-04-25 10:08:48,40.513,-70.882667,27.2197306595832
"AR88","5",12,2025-04-25 10:08:54,40.513,-70.882667,27.1979031426083
"AR88","5",13,2025-04-25 10:09:01,40.513,-70.882667,27.1473029806664
"AR88","5",14,2025-04-25 10:11:20,40.513,-70.882667,15.0673964486193
"AR88","5",15,2025-04-25 10:11:29,40.513,-70.882667,15.1189918165502
"AR88","5",16,2025-04-25 10:11:36,40.513,-70.882667,15.1051007572335
"AR88","5",17,2025-04-25 10:13:59,40.513,-70.882667,2.40331668971806
"AR88","5",18,2025-04-25 10:14:06,40.513,-70.882667,2.12944717968066
"AR88","5",19,2025-04-25 10:14:13,40.513,-70.882667,2.24157495819763
"AR88","5",20,2025-04-25 10:14:20,40.513,-70.882667,2.42911597248833
"AR88","5",21,2025-04-25 10:14:26,40.513,-70.882667,2.42316229213788
"AR88","5",22,2025-04-25 10:14:33,40.513,-70.882667,2.28622759624529
"AR88","5",23,2025-04-25 10:14:40,40.513,-70.882667,2.31004233255134
"AR88","5",24,2025-04-25 10:14:49,40.513,-70.882667,2.46880717039576
"AR88","6",1,2025-04-26 02:19:07,39.940667,-70.881833,439.329881296942
"AR88","6",2,2025-04-26 02:19:20,39.940667,-70.881833,439.124904933798
"AR88","6",3,2025-04-26 02:19:35,39.940667,-70.881833,439.243731835791
"AR88","6",4,2025-04-26 02:29:08,39.940667,-70.881833,100.998621814272
"AR88","6",5,2025-04-26 02:32:36,39.940667,-70.881833,50.4018645455565
"AR88","6",6,2025-04-26 02:32:45,39.940667,-70.881833,50.2857889155529
"AR88","6",7,2025-04-26 02:34:53,39.940667,-70.881833,35.3670423890714
"AR88","6",8,2025-04-26 02:35:02,39.940667,-70.881833,35.2549269235977
"AR88","6",9,2025-04-26 02:35:09,39.940667,-70.881833,35.2479817157519
"AR88","6",10,2025-04-26 02:35:20,39.940667,-70.881833,35.2876686145538
"AR88","6",11,2025-04-26 02:37:21,39.940667,-70.881833,28.3453207720037
"AR88","6",12,2025-04-26 02:39:23,39.940667,-70.881833,21.3441952615987
"AR88","6",13,2025-04-26 02:39:31,39.940667,-70.881833,21.3541176611314
"AR88","6",14,2025-04-26 02:39:40,39.940667,-70.881833,21.4841010505718
"AR88","6",15,2025-04-26 02:39:49,39.940667,-70.881833,21.4176210067466
"AR88","6",16,2025-04-26 02:40:02,39.940667,-70.881833,21.1903980073141
"AR88","6",17,2025-04-26 02:42:55,39.940667,-70.881833,13.6095384459939
"AR88","6",18,2025-04-26 02:45:23,39.940667,-70.881833,1.28607314232091
"AR88","6",19,2025-04-26 02:45:43,39.940667,-70.881833,1.24042562290887
"AR88","6",20,2025-04-26 02:45:53,39.940667,-70.881833,1.31981260664303
"AR88","6",21,2025-04-26 02:46:03,39.940667,-70.881833,1.34065168476753
"AR88","6",22,2025-04-26 02:46:12,39.940667,-70.881833,1.42797732238965
"AR88","6",23,2025-04-26 02:46:22,39.940667,-70.881833,1.31584325818812
"AR88","6",24,2025-04-26 02:46:31,39.940667,-70.881833,1.3495827175995
"AR88","7",1,2025-04-26 05:45:03,39.772333,-70.7735,22.3913479533215
"AR88","7",2,2025-04-26 05:45:18,39.772333,-70.7735,22.4201232031857
"AR88","7",3,2025-04-26 05:47:53,39.772333,-70.7735,1.58578301225821
"AR88","7",4,2025-04-26 05:48:05,39.772333,-70.7735,1.71379624853694
"AR88","8",1,2025-04-26 07:30:06,39.772667,-70.992,28.7763766354849
"AR88","8",2,2025-04-26 07:30:18,39.772667,-70.992,28.9232250060112
"AR88","8",3,2025-04-26 07:33:07,39.772667,-70.992,1.5887600170249
"AR88","8",4,2025-04-26 07:33:21,39.772667,-70.992,1.82990115204688
"AR88","9",1,2025-04-26 09:19:30,39.772333,-70.883667,500.887580937706
"AR88","9",2,2025-04-26 09:19:39,39.772333,-70.883667,501.025183028579
"AR88","9",3,2025-04-26 09:24:35,39.772333,-70.883667,388.976813935731
"AR88","9",4,2025-04-26 09:31:37,39.772333,-70.883667,101.744065913315
"AR88","9",5,2025-04-26 09:31:45,39.772333,-70.883667,101.669675975957
"AR88","9",6,2025-04-26 09:34:53,39.772333,-70.883667,50.1258347440431
"AR88","9",7,2025-04-26 09:35:02,39.772333,-70.883667,50.1883380187866
"AR88","9",8,2025-04-26 09:38:47,39.772333,-70.883667,32.0179316545889
"AR88","9",9,2025-04-26 09:38:55,39.772333,-70.883667,31.6785978138018
"AR88","9",10,2025-04-26 09:39:04,39.772333,-70.883667,31.9722902935465
"AR88","9",11,2025-04-26 09:39:15,39.772333,-70.883667,31.9514540166432
"AR88","9",12,2025-04-26 09:39:24,39.772333,-70.883667,32.0347991115287
"AR88","9",13,2025-04-26 09:41:59,39.772333,-70.883667,20.0526011845212
"AR88","9",14,2025-04-26 09:42:08,39.772333,-70.883667,20.0674851050735
"AR88","9",15,2025-04-26 09:42:15,39.772333,-70.883667,20.3056276866676
"AR88","9",16,2025-04-26 09:42:22,39.772333,-70.883667,20.2976896050798
"AR88","9",17,2025-04-26 09:42:32,39.772333,-70.883667,20.2927283039311
"AR88","9",18,2025-04-26 09:42:40,39.772333,-70.883667,20.2232700752178
"AR88","9",19,2025-04-26 09:44:53,39.772333,-70.883667,2.53248365571967
"AR88","9",20,2025-04-26 09:45:01,39.772333,-70.883667,2.31813672394627
"AR88","9",21,2025-04-26 09:45:09,39.772333,-70.883667,2.23180247963724
"AR88","9",22,2025-04-26 09:45:19,39.772333,-70.883667,2.29828977445719
"AR88","9",23,2025-04-26 09:45:26,39.772333,-70.883667,2.27844282304235
"AR88","9",24,2025-04-26 09:45:36,39.772333,-70.883667,2.4213408302464
"AR88","10",1,2025-04-26 22:59:02,40.362833,-70.881333,87.1723297506851
"AR88","10",2,2025-04-26 22:59:10,40.362833,-70.881333,87.5214722405925
"AR88","10",3,2025-04-26 22:59:16,40.362833,-70.881333,87.5839607484549
"AR88","10",4,2025-04-26 23:03:02,40.362833,-70.881333,60.3560117003365
"AR88","10",5,2025-04-26 23:03:12,40.362833,-70.881333,60.1834014022948
"AR88","10",6,2025-04-26 23:03:20,40.362833,-70.881333,60.408588371405
"AR88","10",7,2025-04-26 23:05:55,40.362833,-70.881333,40.5366209547114
"AR88","10",8,2025-04-26 23:06:04,40.362833,-70.881333,40.4889997253953
"AR88","10",9,2025-04-26 23:08:27,40.362833,-70.881333,31.4209220458753
"AR88","10",10,2025-04-26 23:08:36,40.362833,-70.881333,31.075652504788
"AR88","10",11,2025-04-26 23:08:44,40.362833,-70.881333,31.7165834312983
"AR88","10",12,2025-04-26 23:11:15,40.362833,-70.881333,23.1888628926133
"AR88","10",13,2025-04-26 23:11:24,40.362833,-70.881333,23.2087067502503
"AR88","10",14,2025-04-26 23:11:32,40.362833,-70.881333,23.0211822187444
"AR88","10",15,2025-04-26 23:11:41,40.362833,-70.881333,23.2087067502503
"AR88","10",16,2025-04-26 23:11:50,40.362833,-70.881333,23.1987848216723
"AR88","10",17,2025-04-26 23:11:59,40.362833,-70.881333,23.2950275085777
"AR88","10",18,2025-04-26 23:14:31,40.362833,-70.881333,16.4577153376398
"AR88","10",19,2025-04-26 23:17:05,40.362833,-70.881333,2.59883134430508
"AR88","10",20,2025-04-26 23:17:14,40.362833,-70.881333,2.68615309174388
"AR88","10",21,2025-04-26 23:17:22,40.362833,-70.881333,2.26938987060275
"AR88","10",22,2025-04-26 23:17:32,40.362833,-70.881333,2.40037268875334
"AR88","10",23,2025-04-26 23:17:41,40.362833,-70.881333,2.37258846160953
"AR88","10",24,2025-04-26 23:17:50,40.362833,-70.881333,2.54524752628322
"AR88","11",1,2025-04-27 01:03:15,40.364167,-70.774833,15.1955986710414
"AR88","11",2,2025-04-27 01:03:25,40.364167,-70.774833,15.6192811138187
"AR88","11",3,2025-04-27 01:05:35,40.364167,-70.774833,1.81690290541078
"AR88","11",4,2025-04-27 01:05:45,40.364167,-70.774833,2.20588275150783
"AR88","12",1,2025-04-27 03:04:25,40.361333,-70.988167,22.8237386863299
"AR88","12",2,2025-04-27 03:04:38,40.361333,-70.988167,22.7046752713688
"AR88","12",3,2025-04-27 03:06:53,40.361333,-70.988167,1.28304703932166
"AR88","12",4,2025-04-27 03:07:07,40.361333,-70.988167,1.37830775142361
"AR88","13",1,2025-04-27 06:56:58,40.045833,-70.774,36.479907732609
"AR88","13",2,2025-04-27 06:57:07,40.045833,-70.774,37.0285698800667
"AR88","13",3,2025-04-27 06:59:14,40.045833,-70.774,1.41010178823924
"AR88","13",4,2025-04-27 06:59:23,40.045833,-70.774,0.89409100201462
"AR88","14",1,2025-04-27 08:48:16,40.047,-70.994167,26.682118904731
"AR88","14",2,2025-04-27 08:48:30,40.047,-70.994167,27.0035929122511
"AR88","14",3,2025-04-27 08:51:31,40.047,-70.994167,2.64157583528496
"AR88","14",4,2025-04-27 08:51:40,40.047,-70.994167,2.30914799547475
"AR88","15",1,2025-04-27 10:53:11,40.046,-70.883667,200.792610262326
"AR88","15",2,2025-04-27 10:53:20,40.046,-70.883667,200.748990320184
"AR88","15",3,2025-04-27 10:53:28,40.046,-70.883667,200.852091986677
"AR88","15",4,2025-04-27 10:57:27,40.046,-70.883667,162.018755293523
"AR88","15",5,2025-04-27 10:57:35,40.046,-70.883667,162.06238346682
"AR88","15",6,2025-04-27 11:02:24,40.046,-70.883667,99.9948978128977
"AR88","15",7,2025-04-27 11:02:32,40.046,-70.883667,99.8312425876355
"AR88","15",8,2025-04-27 11:06:37,40.046,-70.883667,52.9470682987718
"AR88","15",9,2025-04-27 11:06:44,40.046,-70.883667,53.2605644823272
"AR88","15",10,2025-04-27 11:09:22,40.046,-70.883667,33.4597586938926
"AR88","15",11,2025-04-27 11:09:31,40.046,-70.883667,32.8386582439603
"AR88","15",12,2025-04-27 11:09:41,40.046,-70.883667,32.8723921826189
"AR88","15",13,2025-04-27 11:12:24,40.046,-70.883667,21.1931718861078
"AR88","15",14,2025-04-27 11:12:30,40.046,-70.883667,20.5392904726704
"AR88","15",15,2025-04-27 11:12:37,40.046,-70.883667,20.5839410150227
"AR88","15",16,2025-04-27 11:12:44,40.046,-70.883667,20.8111625129265
"AR88","15",17,2025-04-27 11:12:52,40.046,-70.883667,20.9262615160205
"AR88","15",18,2025-04-27 11:15:16,40.046,-70.883667,3.48008576534706
"AR88","15",19,2025-04-27 11:15:24,40.046,-70.883667,3.63587949475709
"AR88","15",20,2025-04-27 11:15:33,40.046,-70.883667,3.90876631445632
"AR88","15",21,2025-04-27 11:15:39,40.046,-70.883667,2.57707518763207
"AR88","15",22,2025-04-27 11:15:48,40.046,-70.883667,2.95018773381502
"AR88","15",23,2025-04-27 11:15:54,40.046,-70.883667,2.91744118120973
"AR88","15",24,2025-04-27 11:16:01,40.046,-70.883667,3.07422765826491
"AR88","16",1,2025-04-28 02:13:59,40.256333,-70.8835,116.388278777233
"AR88","16",2,2025-04-28 02:14:08,40.256333,-70.8835,116.419023060446
"AR88","16",3,2025-04-28 02:14:18,40.256333,-70.8835,116.189928452125
"AR88","16",4,2025-04-28 02:14:40,40.256333,-70.8835,116.231582036318
"AR88","16",5,2025-04-28 02:18:52,40.256333,-70.8835,45.0917791020984
"AR88","16",6,2025-04-28 02:19:00,40.256333,-70.8835,45.0282849244183
"AR88","16",7,2025-04-28 02:19:07,40.256333,-70.8835,45.4429809166619
"AR88","16",8,2025-04-28 02:21:25,40.256333,-70.8835,31.6256120934261
"AR88","16",9,2025-04-28 02:21:33,40.256333,-70.8835,31.6018002125502
"AR88","16",10,2025-04-28 02:21:42,40.256333,-70.8835,31.2525589747297
"AR88","16",11,2025-04-28 02:24:46,40.256333,-70.8835,16.0153375319319
"AR88","16",12,2025-04-28 02:24:53,40.256333,-70.8835,16.078840711741
"AR88","16",13,2025-04-28 02:25:01,40.256333,-70.8835,16.0768562376704
"AR88","16",14,2025-04-28 02:25:09,40.256333,-70.8835,16.606710131001
"AR88","16",15,2025-04-28 02:25:20,40.256333,-70.8835,15.9895393595041
"AR88","16",16,2025-04-28 02:25:32,40.256333,-70.8835,16.1502817654658
"AR88","16",17,2025-04-28 02:27:55,40.256333,-70.8835,2.32101167620682
"AR88","16",18,2025-04-28 02:28:02,40.256333,-70.8835,2.1463661389575
"AR88","16",19,2025-04-28 02:28:09,40.256333,-70.8835,2.19002753725019
"AR88","16",20,2025-04-28 02:28:17,40.256333,-70.8835,2.44802651872384
"AR88","16",21,2025-04-28 02:28:24,40.256333,-70.8835,2.24857348851478
"AR88","16",22,2025-04-28 02:28:32,40.256333,-70.8835,2.31108863831341
"AR88","16",23,2025-04-28 02:28:42,40.256333,-70.8835,2.37757298300661
"AR88","16",24,2025-04-28 02:28:51,40.256333,-70.8835,2.2426196637279
"AR88","17",1,2025-04-28 06:42:36,40.151,-70.883167,131.259314084509
"AR88","17",2,2025-04-28 06:42:44,40.151,-70.883167,131.128411131117
"AR88","17",3,2025-04-28 06:42:54,40.151,-70.883167,131.060976243727
"AR88","17",4,2025-04-28 06:45:20,40.151,-70.883167,100.186360036991
"AR88","17",5,2025-04-28 06:45:29,40.151,-70.883167,100.539454435954
"AR88","17",6,2025-04-28 06:47:35,40.151,-70.883167,69.9498992408639
"AR88","17",7,2025-04-28 06:50:03,40.151,-70.883167,49.6687445042169
"AR88","17",8,2025-04-28 06:50:11,40.151,-70.883167,50.4286792092604
"AR88","17",9,2025-04-28 06:50:20,40.151,-70.883167,49.4544543125178
"AR88","17",10,2025-04-28 06:52:15,40.151,-70.883167,42.2567529929015
"AR88","17",11,2025-04-28 06:52:29,40.151,-70.883167,42.1208325595314
"AR88","17",12,2025-04-28 06:54:30,40.151,-70.883167,26.8356567824152
"AR88","17",13,2025-04-28 06:54:40,40.151,-70.883167,27.5768246407579
"AR88","17",14,2025-04-28 06:54:49,40.151,-70.883167,27.1888776762242
"AR88","17",15,2025-04-28 06:54:58,40.151,-70.883167,27.2007839878654
"AR88","17",16,2025-04-28 06:55:06,40.151,-70.883167,27.2315419563989
"AR88","17",17,2025-04-28 06:55:26,40.151,-70.883167,27.0807286470924
"AR88","17",18,2025-04-28 06:58:02,40.151,-70.883167,2.24264115578594
"AR88","17",19,2025-04-28 06:58:08,40.151,-70.883167,2.17417150211037
"AR88","17",20,2025-04-28 06:58:19,40.151,-70.883167,1.90426191942855
"AR88","17",21,2025-04-28 06:58:28,40.151,-70.883167,2.33889555770105
"AR88","17",22,2025-04-28 06:58:37,40.151,-70.883167,1.8467076241078
"AR88","17",23,2025-04-28 06:58:45,40.151,-70.883167,2.32698779909464
"AR88","17",24,2025-04-28 06:58:55,40.151,-70.883167,2.43118066339545
"AR88","18",1,2025-04-28 22:37:44,40.863333,-70.884667,49.3768422362379
"AR88","18",2,2025-04-28 22:37:52,40.863333,-70.884667,49.2201029063125
"AR88","18",3,2025-04-28 22:38:00,40.863333,-70.884667,49.3054167336866
"AR88","18",4,2025-04-28 22:40:24,40.863333,-70.884667,30.1485940014155
"AR88","18",5,2025-04-28 22:40:33,40.863333,-70.884667,30.1714126197324
"AR88","18",6,2025-04-28 22:42:24,40.863333,-70.884667,19.8571377686369
"AR88","18",7,2025-04-28 22:42:34,40.863333,-70.884667,19.9791738791628
"AR88","18",8,2025-04-28 22:42:43,40.863333,-70.884667,20.008938773127
"AR88","18",9,2025-04-28 22:42:53,40.863333,-70.884667,20.0287820333641
"AR88","18",10,2025-04-28 22:43:02,40.863333,-70.884667,19.9881033478067
"AR88","18",11,2025-04-28 22:43:11,40.863333,-70.884667,19.9642914305568
"AR88","18",12,2025-04-28 22:45:12,40.863333,-70.884667,11.9702757339731
"AR88","18",13,2025-04-28 22:45:21,40.863333,-70.884667,11.8750243153545
"AR88","18",14,2025-04-28 22:47:10,40.863333,-70.884667,2.00634011057508
"AR88","18",15,2025-04-28 22:47:18,40.863333,-70.884667,1.96962684319809
"AR88","18",16,2025-04-28 22:47:27,40.863333,-70.884667,1.99641760652848
"AR88","18",17,2025-04-28 22:47:34,40.863333,-70.884667,1.9299368169987
"AR88","18",18,2025-04-28 22:47:42,40.863333,-70.884667,1.86544050799714
"AR88","18",19,2025-04-28 22:47:51,40.863333,-70.884667,1.92894456624503
"AR88","18",20,2025-04-28 22:47:57,40.863333,-70.884667,1.84857223921064
"AR88","19",1,2025-04-29 03:45:46,41.029667,-70.882833,38.9409188322265
"AR88","19",2,2025-04-29 03:45:57,41.029667,-70.882833,39.0143309775465
"AR88","19",3,2025-04-29 03:46:09,41.029667,-70.882833,38.9627440673694
"AR88","19",4,2025-04-29 03:46:18,41.029667,-70.882833,38.9280221012753
"AR88","19",5,2025-04-29 03:46:28,41.029667,-70.882833,38.8675066605746
"AR88","19",6,2025-04-29 03:46:38,41.029667,-70.882833,38.9081809751482
"AR88","19",7,2025-04-29 03:46:48,41.029667,-70.882833,38.9627440673694
"AR88","19",8,2025-04-29 03:50:04,41.029667,-70.882833,26.7908459412008
"AR88","19",9,2025-04-29 03:50:20,41.029667,-70.882833,26.7749720990294
"AR88","19",10,2025-04-29 03:50:33,41.029667,-70.882833,26.8682309041518
"AR88","19",11,2025-04-29 03:50:43,41.029667,-70.882833,26.7620746013584
"AR88","19",12,2025-04-29 03:50:56,41.029667,-70.882833,26.8612861009797
"AR88","19",13,2025-04-29 03:54:20,41.029667,-70.882833,13.7540382359158
"AR88","19",14,2025-04-29 03:54:32,41.029667,-70.882833,13.8165454603414
"AR88","19",15,2025-04-29 03:54:46,41.029667,-70.882833,13.925685012757
"AR88","19",16,2025-04-29 03:55:07,41.029667,-70.882833,13.6945075282298
"AR88","19",17,2025-04-29 03:55:17,41.029667,-70.882833,13.7937253647488
"AR88","19",18,2025-04-29 03:58:00,41.029667,-70.882833,1.80488575808395
"AR88","19",19,2025-04-29 03:58:09,41.029667,-70.882833,1.89220253211556
"AR88","19",20,2025-04-29 03:58:19,41.029667,-70.882833,1.66299592077415
"AR88","19",21,2025-04-29 03:58:28,41.029667,-70.882833,1.74535157259788
"AR88","19",22,2025-04-29 03:58:41,41.029667,-70.882833,1.9695969142968
"AR88","19",23,2025-04-29 03:59:03,41.029667,-70.882833,1.71062328972792
"AR88","19",24,2025-04-29 03:59:13,41.029667,-70.882833,1.75130499192633
"AR88","20",1,2025-04-29 05:23:30,41.030667,-70.772333,10.3557983276446
"AR88","20",2,2025-04-29 05:23:40,41.030667,-70.772333,10.3667124691516
"AR88","20",3,2025-04-29 05:25:45,41.030667,-70.772333,1.69375510969533
"AR88","20",4,2025-04-29 05:25:54,41.030667,-70.772333,1.68780168923574
"AR88","21",1,2025-04-29 06:47:17,41.0275,-70.994,11.5771897187981
"AR88","21",2,2025-04-29 06:47:31,41.0275,-70.994,11.3668455274249
"AR88","21",3,2025-04-29 06:49:29,41.0275,-70.994,1.79694822356563
"AR88","21",4,2025-04-29 06:49:40,41.0275,-70.994,1.89617185103336
"AR88","22",1,2025-04-29 10:21:26,41.322333,-70.566,11.4032490730116
"AR88","22",2,2025-04-29 10:21:35,41.322333,-70.566,11.3883666250594
"AR88","22",3,2025-04-29 10:21:43,41.322333,-70.566,11.3645547060836
"AR88","22",4,2025-04-29 10:23:45,41.322333,-70.566,2.41107669045578
"AR88","22",5,2025-04-29 10:23:54,41.322333,-70.566,2.38131048485702
"AR88","22",6,2025-04-29 10:24:01,41.322333,-70.566,2.34955986077653
"AR88","22",7,2025-04-29 10:24:07,41.322333,-70.566,2.26125341163348
"AR92","1",1,2025-08-14 14:01:45,41.196667,-70.883333,16.86622041247
"AR92","1",2,2025-08-14 14:02:01,41.196667,-70.883333,16.8920162607436
"AR92","1",3,2025-08-14 14:02:10,41.196667,-70.883333,16.8741575969006
"AR92","1",4,2025-08-14 14:02:23,41.196667,-70.883333,17.0497677236493
"AR92","1",5,2025-08-14 14:02:31,41.196667,-70.883333,16.9535294242698
"AR92","1",6,2025-08-14 14:02:37,41.196667,-70.883333,16.9267414359754
"AR92","1",7,2025-08-14 14:05:11,41.196667,-70.883333,9.8397070869176
"AR92","1",8,2025-08-14 14:05:21,41.196667,-70.883333,9.86947254933513
"AR92","1",9,2025-08-14 14:05:31,41.196667,-70.883333,9.83077744734772
"AR92","1",10,2025-08-14 14:05:43,41.196667,-70.883333,9.77819178419567
"AR92","1",11,2025-08-14 14:05:50,41.196667,-70.883333,9.93297218801607
"AR92","1",12,2025-08-14 14:05:59,41.196667,-70.883333,9.93793309645784
"AR92","1",13,2025-08-14 14:06:19,41.196667,-70.883333,9.87046473134112
"AR92","1",14,2025-08-14 14:08:32,41.196667,-70.883333,1.89713474430746
"AR92","1",15,2025-08-14 14:08:45,41.196667,-70.883333,1.81974151642003
"AR92","1",16,2025-08-14 14:08:52,41.196667,-70.883333,1.91400249521631
"AR92","1",17,2025-08-14 14:09:00,41.196667,-70.883333,1.77806822773449
"AR92","1",18,2025-08-14 14:09:07,41.196667,-70.883333,1.50619942171968
"AR92","1",19,2025-08-14 14:09:14,41.196667,-70.883333,2.0548977719945
"AR92","1",20,2025-08-14 14:09:22,41.196667,-70.883333,1.76120046561432
"AR92","1",21,2025-08-14 14:09:28,41.196667,-70.883333,1.8931658615385
"AR92","1",22,2025-08-14 14:09:34,41.196667,-70.883333,1.68479940800178
"AR92","1",23,2025-08-14 14:09:41,41.196667,-70.883333,1.82271817957264
"AR92","1",24,2025-08-14 14:09:48,41.196667,-70.883333,1.66693941639213
"AR92","2",1,2025-08-15 00:56:18,41.038833,-70.884333,37.6184721373883
"AR92","2",2,2025-08-15 00:56:38,41.038833,-70.884333,37.5758134766314
"AR92","2",3,2025-08-15 00:58:30,41.038833,-70.884333,32.4894484923277
"AR92","2",4,2025-08-15 00:58:40,41.038833,-70.884333,32.4289311984638
"AR92","2",5,2025-08-15 00:58:48,41.038833,-70.884333,32.3942081529208
"AR92","2",6,2025-08-15 01:00:46,41.038833,-70.884333,30.2681544543306
"AR92","2",7,2025-08-15 01:00:54,41.038833,-70.884333,30.258233480022
"AR92","2",8,2025-08-15 01:01:01,41.038833,-70.884333,30.3415696492654
"AR92","2",9,2025-08-15 01:03:02,41.038833,-70.884333,18.165200257368
"AR92","2",10,2025-08-15 01:03:11,41.038833,-70.884333,18.2832667982924
"AR92","2",11,2025-08-15 01:03:19,41.038833,-70.884333,18.16123163296
"AR92","2",12,2025-08-15 01:03:28,41.038833,-70.884333,18.140396353555
"AR92","2",13,2025-08-15 01:03:38,41.038833,-70.884333,18.1850433782532
"AR92","2",14,2025-08-15 01:03:49,41.038833,-70.884333,18.2207609909965
"AR92","2",15,2025-08-15 01:03:56,41.038833,-70.884333,18.237627639291
"AR92","2",16,2025-08-15 01:07:05,41.038833,-70.884333,1.20358867999952
"AR92","2",17,2025-08-15 01:07:15,41.038833,-70.884333,1.11527944632714
"AR92","2",18,2025-08-15 01:07:26,41.038833,-70.884333,1.37326137026597
"AR92","2",19,2025-08-15 01:07:36,41.038833,-70.884333,1.17779048084685
"AR92","2",20,2025-08-15 01:07:44,41.038833,-70.884333,0.953544458821804
"AR92","2",21,2025-08-15 01:07:52,41.038833,-70.884333,1.21351106342249
"AR92","2",22,2025-08-15 01:08:01,41.038833,-70.884333,1.11428720752992
"AR92","2",23,2025-08-15 01:08:09,41.038833,-70.884333,1.10337258044281
"AR92","2",24,2025-08-15 01:08:18,41.038833,-70.884333,1.00216419243757
"AR92","3",1,2025-08-15 04:50:52,40.6955,-70.772667,30.706631644083
"AR92","3",2,2025-08-15 04:51:05,40.6955,-70.772667,30.4863794669091
"AR92","3",3,2025-08-15 04:53:03,40.6955,-70.772667,21.5262802280173
"AR92","3",4,2025-08-15 04:53:11,40.6955,-70.772667,21.5808496203804
"AR92","3",5,2025-08-15 04:55:41,40.6955,-70.772667,1.47253126683054
"AR92","3",6,2025-08-15 04:55:52,40.6955,-70.772667,1.29888426318108
"AR92","4",1,2025-08-15 06:19:26,40.695833,-70.994167,23.9154130862327
"AR92","4",2,2025-08-15 06:19:40,40.695833,-70.994167,24.0136368321075
"AR92","4",3,2025-08-15 06:22:18,40.695833,-70.994167,14.6077551053084
"AR92","4",4,2025-08-15 06:22:33,40.695833,-70.994167,14.7456714738273
"AR92","4",5,2025-08-15 06:24:56,40.695833,-70.994167,1.53206730188179
"AR92","4",6,2025-08-15 06:25:03,40.695833,-70.994167,1.82577837519721
"AR92","6",1,2025-08-15 07:32:41,40.696333,-70.8825,58.9296849395402
"AR92","6",2,2025-08-15 07:32:56,40.696333,-70.8825,59.0427717152416
"AR92","6",3,2025-08-15 07:37:13,40.696333,-70.8825,48.5462671919482
"AR92","6",4,2025-08-15 07:37:22,40.696333,-70.8825,48.5829726629478
"AR92","6",5,2025-08-15 07:37:30,40.696333,-70.8825,48.7079696229307
"AR92","6",6,2025-08-15 07:40:08,40.696333,-70.8825,35.3169883639351
"AR92","6",7,2025-08-15 07:40:16,40.696333,-70.8825,35.4538986652727
"AR92","6",8,2025-08-15 07:40:23,40.696333,-70.8825,35.3209567797555
"AR92","6",9,2025-08-15 07:40:33,40.696333,-70.8825,35.4380250118404
"AR92","6",10,2025-08-15 07:40:43,40.696333,-70.8825,35.4687802142473
"AR92","6",11,2025-08-15 07:40:53,40.696333,-70.8825,35.3814751114823
"AR92","6",12,2025-08-15 07:43:37,40.696333,-70.8825,23.3191234218976
"AR92","6",13,2025-08-15 07:43:49,40.696333,-70.8825,23.2298288103993
"AR92","6",14,2025-08-15 07:43:59,40.696333,-70.8825,23.3379745015655
"AR92","6",15,2025-08-15 07:44:08,40.696333,-70.8825,23.2953115293084
"AR92","6",16,2025-08-15 07:46:16,40.696333,-70.8825,17.3968219371606
"AR92","6",17,2025-08-15 07:46:25,40.696333,-70.8825,17.2321181893173
"AR92","6",18,2025-08-15 07:49:14,40.696333,-70.8825,1.15599738746708
"AR92","6",19,2025-08-15 07:49:33,40.696333,-70.8825,1.28598466786459
"AR92","6",20,2025-08-15 07:49:49,40.696333,-70.8825,1.50130692766833
"AR92","6",21,2025-08-15 07:50:02,40.696333,-70.8825,1.34055945562107
"AR92","6",22,2025-08-15 07:50:13,40.696333,-70.8825,1.34948987404931
"AR92","6",23,2025-08-15 07:50:24,40.696333,-70.8825,1.29491508867581
"AR92","6",24,2025-08-15 07:50:34,40.696333,-70.8825,1.68983775242023
"AR92","7",1,2025-08-15 11:02:32,40.513667,-70.8835,70.1787143295719
"AR92","7",2,2025-08-15 11:03:06,40.513667,-70.8835,70.1638350554474
"AR92","7",3,2025-08-15 11:06:32,40.513667,-70.8835,49.4994477517447
"AR92","7",4,2025-08-15 11:06:58,40.513667,-70.8835,49.5252410957599
"AR92","7",5,2025-08-15 11:07:08,40.513667,-70.8835,49.7643253990784
"AR92","7",6,2025-08-15 11:10:33,40.513667,-70.8835,39.7493309082236
"AR92","7",7,2025-08-15 11:10:59,40.513667,-70.8835,39.6243263949572
"AR92","7",8,2025-08-15 11:11:10,40.513667,-70.8835,39.9318770444204
"AR92","7",9,2025-08-15 11:14:22,40.513667,-70.8835,28.3299527524998
"AR92","7",10,2025-08-15 11:14:36,40.513667,-70.8835,28.4390897037013
"AR92","7",11,2025-08-15 11:14:48,40.513667,-70.8835,28.466870009259
"AR92","7",12,2025-08-15 11:17:31,40.513667,-70.8835,19.6126988090515
"AR92","7",13,2025-08-15 11:17:44,40.513667,-70.8835,19.5938470721082
"AR92","7",14,2025-08-15 11:20:52,40.513667,-70.8835,2.58093460596529
"AR92","7",15,2025-08-15 11:21:10,40.513667,-70.8835,2.80816642732545
"AR92","7",16,2025-08-15 11:21:22,40.513667,-70.8835,2.63352539930022
"AR92","7",17,2025-08-15 11:21:33,40.513667,-70.8835,2.72878416034513
"AR92","7",18,2025-08-15 11:21:45,40.513667,-70.8835,2.66825516107011
"AR92","7",19,2025-08-15 11:21:58,40.513667,-70.8835,2.70794631015757
"AR92","8",1,2025-08-16 04:33:16,39.941833,-70.884,430.479028347817
"AR92","8",2,2025-08-16 04:33:33,39.941833,-70.884,430.383962803017
"AR92","8",3,2025-08-16 04:43:45,39.941833,-70.884,100.188264806222
"AR92","8",4,2025-08-16 04:48:12,39.941833,-70.884,56.151984355117
"AR92","8",5,2025-08-16 04:48:24,39.941833,-70.884,56.2144848282611
"AR92","8",6,2025-08-16 04:48:36,39.941833,-70.884,56.3345253660304
"AR92","8",7,2025-08-16 04:48:48,39.941833,-70.884,56.3662716121863
"AR92","8",8,2025-08-16 04:54:32,39.941833,-70.884,42.3627230469102
"AR92","8",9,2025-08-16 04:54:55,39.941833,-70.884,42.4282041427856
"AR92","8",10,2025-08-16 04:55:08,39.941833,-70.884,42.528410021678
"AR92","8",11,2025-08-16 04:55:22,39.941833,-70.884,42.5432920787161
"AR92","8",12,2025-08-16 04:55:43,39.941833,-70.884,42.335935319833
"AR92","8",13,2025-08-16 04:55:57,39.941833,-70.884,42.4936852177147
"AR92","8",14,2025-08-16 04:59:21,39.941833,-70.884,33.6178321370379
"AR92","8",15,2025-08-16 04:59:35,39.941833,-70.884,33.8807597644943
"AR92","8",16,2025-08-16 05:01:54,39.941833,-70.884,20.4680433179667
"AR92","8",17,2025-08-16 05:04:18,39.941833,-70.884,1.80605701839212
"AR92","8",18,2025-08-16 05:04:47,39.941833,-70.884,1.74750926625652
"AR92","8",19,2025-08-16 05:05:00,39.941833,-70.884,1.69392317334204
"AR92","8",20,2025-08-16 05:05:14,39.941833,-70.884,1.87948976856557
"AR92","8",21,2025-08-16 05:05:27,39.941833,-70.884,1.71674688129972
"AR92","8",22,2025-08-16 05:05:39,39.941833,-70.884,1.62247502761798
"AR92","8",23,2025-08-16 05:05:50,39.941833,-70.884,1.82292670657534
"AR92","8",24,2025-08-16 05:06:02,39.941833,-70.884,1.67606113925082
"AR92","9",1,2025-08-16 08:28:43,39.773667,-70.775,38.5643802606865
"AR92","9",2,2025-08-16 08:28:51,39.773667,-70.775,38.4859986943484
"AR92","9",3,2025-08-16 08:29:01,39.773667,-70.775,38.7975404388129
"AR92","9",4,2025-08-16 08:29:10,39.773667,-70.775,38.5465211722624
"AR92","9",5,2025-08-16 08:29:17,39.773667,-70.775,38.6427617970101
"AR92","9",6,2025-08-16 08:29:25,39.773667,-70.775,39.0098647955053
"AR92","9",7,2025-08-16 08:29:35,39.773667,-70.775,38.7161824493795
"AR92","9",8,2025-08-16 08:29:49,39.773667,-70.775,38.9215617019497
"AR92","9",9,2025-08-16 08:30:01,39.773667,-70.775,38.8124229943569
"AR92","9",10,2025-08-16 08:30:08,39.773667,-70.775,38.7181667909699
"AR92","9",11,2025-08-16 08:33:09,39.773667,-70.775,23.9283346354349
"AR92","9",12,2025-08-16 08:33:18,39.773667,-70.775,23.7943818551595
"AR92","9",13,2025-08-16 08:36:13,39.773667,-70.775,2.79247790570569
"AR92","9",14,2025-08-16 08:36:20,39.773667,-70.775,2.93438319218747
"AR92","9",15,2025-08-16 08:36:26,39.773667,-70.775,2.87781955832675
"AR92","9",16,2025-08-16 08:36:35,39.773667,-70.775,3.01674775387327
"AR92","9",17,2025-08-16 08:36:41,39.773667,-70.775,2.71904436215894
"AR92","9",18,2025-08-16 08:36:49,39.773667,-70.775,3.13781367590769
"AR92","9",19,2025-08-16 08:36:55,39.773667,-70.775,2.85797266554581
"AR92","9",20,2025-08-16 08:37:02,39.773667,-70.775,3.03361759976497
"AR92","9",21,2025-08-16 08:37:08,39.773667,-70.775,3.19933895308755
"AR92","9",22,2025-08-16 08:37:16,39.773667,-70.775,3.18743083636799
"AR92","9",23,2025-08-16 08:37:22,39.773667,-70.775,3.23208627049178
"AR92","9",24,2025-08-16 08:37:31,39.773667,-70.775,3.18147677774823
"AR92","10",1,2025-08-16 10:20:23,39.774333,-70.9925,50.3063905785068
"AR92","10",2,2025-08-16 10:22:43,39.774333,-70.9925,35.4062717593837
"AR92","10",3,2025-08-16 10:25:04,39.774333,-70.9925,24.5474915303494
"AR92","10",4,2025-08-16 10:25:15,39.774333,-70.9925,24.3162996125843
"AR92","10",5,2025-08-16 10:28:35,39.774333,-70.9925,2.62675606400801
"AR92","10",6,2025-08-16 10:28:44,39.774333,-70.9925,2.70217432702496
"AR92","11",1,2025-08-16 12:17:50,39.7725,-70.8835,501.833957084516
"AR92","11",2,2025-08-16 12:18:06,39.7725,-70.8835,502.160636656397
"AR92","11",3,2025-08-16 12:28:20,39.7725,-70.8835,99.5748427447706
"AR92","11",4,2025-08-16 12:30:48,39.7725,-70.8835,74.7595748918594
"AR92","11",5,2025-08-16 12:33:07,39.7725,-70.8835,49.6883105336252
"AR92","11",6,2025-08-16 12:33:19,39.7725,-70.8835,49.9244344168901
"AR92","11",7,2025-08-16 12:33:31,39.7725,-70.8835,49.6516021743731
"AR92","11",8,2025-08-16 12:35:22,39.7725,-70.8835,39.8055873038971
"AR92","11",9,2025-08-16 12:35:34,39.7725,-70.8835,40.0377539284058
"AR92","11",10,2025-08-16 12:35:53,39.7725,-70.8835,39.9851692031862
"AR92","11",11,2025-08-16 12:36:11,39.7725,-70.8835,39.7907048189861
"AR92","11",12,2025-08-16 12:36:30,39.7725,-70.8835,40.1974923504734
"AR92","11",13,2025-08-16 12:38:32,39.7725,-70.8835,28.913303260262
"AR92","11",14,2025-08-16 12:38:49,39.7725,-70.8835,29.0472527040609
"AR92","11",15,2025-08-16 12:40:41,39.7725,-70.8835,22.91723946477
"AR92","11",16,2025-08-16 12:40:58,39.7725,-70.8835,23.2307894345309
"AR92","11",17,2025-08-16 12:41:13,39.7725,-70.8835,23.1424795232958
"AR92","11",18,2025-08-16 12:43:30,39.7725,-70.8835,3.07132698724911
"AR92","11",19,2025-08-16 12:43:43,39.7725,-70.8835,3.22712489779598
"AR92","11",20,2025-08-16 12:43:55,39.7725,-70.8835,3.21223975223397
"AR92","11",21,2025-08-16 12:44:07,39.7725,-70.8835,3.15170681578904
"AR92","11",22,2025-08-16 12:44:20,39.7725,-70.8835,3.17651539846567
"AR92","11",23,2025-08-16 12:44:31,39.7725,-70.8835,3.10010495418348
"AR92","11",24,2025-08-16 12:44:43,39.7725,-70.8835,3.30055826671522
"AR92","12",1,2025-08-17 01:09:37,40.363833,-70.884333,86.676379797734
"AR92","12",2,2025-08-17 01:09:57,40.363833,-70.884333,86.5583454214244
"AR92","12",3,2025-08-17 01:18:57,40.363833,-70.884333,63.1594149004553
"AR92","12",4,2025-08-17 01:19:19,40.363833,-70.884333,63.2486948016024
"AR92","12",5,2025-08-17 01:19:27,40.363833,-70.884333,63.0532709673333
"AR92","12",6,2025-08-17 01:19:35,40.363833,-70.884333,63.141558915555
"AR92","12",7,2025-08-17 01:21:30,40.363833,-70.884333,47.1885982688295
"AR92","12",8,2025-08-17 01:21:41,40.363833,-70.884333,47.3076474141316
"AR92","12",9,2025-08-17 01:21:50,40.363833,-70.884333,47.1637963548443
"AR92","12",10,2025-08-17 01:21:57,40.363833,-70.884333,47.0903826718371
"AR92","12",11,2025-08-17 01:22:06,40.363833,-70.884333,47.2005031864752
"AR92","12",12,2025-08-17 01:23:36,40.363833,-70.884333,39.2984618129171
"AR92","12",13,2025-08-17 01:25:32,40.363833,-70.884333,30.1321084748327
"AR92","12",14,2025-08-17 01:25:40,40.363833,-70.884333,30.1975909698852
"AR92","12",15,2025-08-17 01:25:47,40.363833,-70.884333,30.1737791559268
"AR92","12",16,2025-08-17 01:25:54,40.363833,-70.884333,30.358320641635
"AR92","12",17,2025-08-17 01:28:08,40.363833,-70.884333,1.22648569128779
"AR92","12",18,2025-08-17 01:28:15,40.363833,-70.884333,1.25030087463676
"AR92","12",19,2025-08-17 01:28:23,40.363833,-70.884333,1.27014685864263
"AR92","12",20,2025-08-17 01:28:30,40.363833,-70.884333,1.20465510411522
"AR92","12",21,2025-08-17 01:28:38,40.363833,-70.884333,1.12626343097081
"AR92","12",22,2025-08-17 01:28:45,40.363833,-70.884333,1.24434707905949
"AR92","12",23,2025-08-17 01:28:53,40.363833,-70.884333,1.23045488870519
"AR92","12",24,2025-08-17 01:29:01,40.363833,-70.884333,1.18877831198072
"AR92","13",1,2025-08-17 03:54:56,40.358667,-70.664,44.7094051178791
"AR92","13",2,2025-08-17 03:55:06,40.358667,-70.664,44.6786503571578
"AR92","13",3,2025-08-17 03:57:26,40.358667,-70.664,32.5400799337865
"AR92","13",4,2025-08-17 03:57:38,40.358667,-70.664,32.5430563776677
"AR92","13",5,2025-08-17 03:59:43,40.358667,-70.664,27.5703504217882
"AR92","13",6,2025-08-17 03:59:51,40.358667,-70.664,27.4651801562185
"AR92","13",7,2025-08-17 04:01:28,40.358667,-70.664,20.4146803990181
"AR92","13",8,2025-08-17 04:01:36,40.358667,-70.664,20.3531635707191
"AR92","13",9,2025-08-17 04:04:03,40.358667,-70.664,1.66012083466121
"AR92","13",10,2025-08-17 04:04:09,40.358667,-70.664,1.60951364432422
"AR92","14",1,2025-08-17 04:58:55,40.3625,-70.7745,43.7272194073045
"AR92","14",2,2025-08-17 04:59:03,40.3625,-70.7745,43.6448756389755
"AR92","14",3,2025-08-17 05:01:45,40.3625,-70.7745,27.7161899884255
"AR92","14",4,2025-08-17 05:01:55,40.3625,-70.7745,27.6288789210714
"AR92","14",5,2025-08-17 05:03:35,40.3625,-70.7745,22.6808601696668
"AR92","14",6,2025-08-17 05:03:45,40.3625,-70.7745,22.5985079329546
"AR92","14",7,2025-08-17 05:06:07,40.3625,-70.7745,1.66012025518695
"AR92","14",8,2025-08-17 05:06:16,40.3625,-70.7745,1.69584295776951
"AR92","14",9,2025-08-17 05:06:22,40.3625,-70.7745,1.64325119902083
"AR92","14",10,2025-08-17 05:06:29,40.3625,-70.7745,1.66905093141752
"AR92","14",11,2025-08-17 05:06:35,40.3625,-70.7745,1.59562091527692
"AR92","14",12,2025-08-17 05:06:44,40.3625,-70.7745,1.63134362912472
"AR92","15",1,2025-08-17 06:29:02,40.3625,-70.9935,41.8362806629384
"AR92","15",2,2025-08-17 06:29:12,40.3625,-70.9935,41.8293359449039
"AR92","15",3,2025-08-17 06:31:06,40.3625,-70.9935,29.6628202479561
"AR92","15",4,2025-08-17 06:31:16,40.3625,-70.9935,29.732271546095
"AR92","15",5,2025-08-17 06:33:42,40.3625,-70.9935,22.6957431004761
"AR92","15",6,2025-08-17 06:33:53,40.3625,-70.9935,22.7592435930998
"AR92","15",7,2025-08-17 06:36:17,40.3625,-70.9935,1.51127559393473
"AR92","15",8,2025-08-17 06:36:24,40.3625,-70.9935,1.66905093141752
"AR92","16",1,2025-08-17 07:55:54,40.362333,-71.100667,40.6021019756772
"AR92","16",2,2025-08-17 07:56:03,40.362333,-71.100667,40.6556758307161
"AR92","16",3,2025-08-17 07:58:54,40.362333,-71.100667,31.432829312971
"AR92","16",4,2025-08-17 07:59:02,40.362333,-71.100667,31.3861981164602
"AR92","16",5,2025-08-17 08:01:57,40.362333,-71.100667,25.3558019321963
"AR92","16",6,2025-08-17 08:02:04,40.362333,-71.100667,25.4312077858658
"AR92","16",7,2025-08-17 08:05:29,40.362333,-71.100667,1.60355932105837
"AR92","16",8,2025-08-17 08:05:39,40.362333,-71.100667,1.25129334481045
"AR92","17",1,2025-08-17 11:30:59,40.152167,-70.884667,131.666883769825
"AR92","17",2,2025-08-17 11:31:20,40.152167,-70.884667,131.56672339392
"AR92","17",3,2025-08-17 11:36:37,40.152167,-70.884667,102.526084126297
"AR92","17",4,2025-08-17 11:42:17,40.152167,-70.884667,55.3691722180784
"AR92","17",5,2025-08-17 11:42:30,40.152167,-70.884667,55.2352446176691
"AR92","17",6,2025-08-17 11:42:46,40.152167,-70.884667,54.9822700223274
"AR92","17",7,2025-08-17 11:43:04,40.152167,-70.884667,55.3532993218651
"AR92","17",8,2025-08-17 11:45:27,40.152167,-70.884667,42.2914726878102
"AR92","17",9,2025-08-17 11:45:40,40.152167,-70.884667,42.2369061163633
"AR92","17",10,2025-08-17 11:45:53,40.152167,-70.884667,42.2170637231399
"AR92","17",11,2025-08-17 11:46:06,40.152167,-70.884667,41.9432385002369
"AR92","17",12,2025-08-17 11:46:19,40.152167,-70.884667,42.5742265068805
"AR92","17",13,2025-08-17 11:48:19,40.152167,-70.884667,34.5845444991449
"AR92","17",14,2025-08-17 11:48:33,40.152167,-70.884667,34.3573404874758
"AR92","17",15,2025-08-17 11:48:47,40.152167,-70.884667,34.3255914351924
"AR92","17",16,2025-08-17 11:57:31,40.152167,-70.884667,26.2671258258649
"AR92","17",17,2025-08-17 11:57:47,40.152167,-70.884667,26.2274379408365
"AR92","17",18,2025-08-17 11:58:00,40.152167,-70.884667,26.6203476635147
"AR92","17",19,2025-08-17 12:00:50,40.152167,-70.884667,2.902528363997
"AR92","17",20,2025-08-17 12:01:03,40.152167,-70.884667,2.9184053289575
"AR92","17",21,2025-08-17 12:01:13,40.152167,-70.884667,2.63063514778282
"AR92","17",22,2025-08-17 12:01:25,40.152167,-70.884667,2.45102665708519
"AR92","17",23,2025-08-17 12:01:39,40.152167,-70.884667,2.69612770736046
"AR92","17",24,2025-08-17 12:01:51,40.152167,-70.884667,2.82016658848556
"AR92","18",1,2025-08-18 03:17:31,40.045667,-70.774833,36.8817315249549
"AR92","18",2,2025-08-18 03:17:39,40.045667,-70.774833,36.8618884204133
"AR92","18",3,2025-08-18 03:18:59,40.045667,-70.774833,27.8350606657564
"AR92","18",4,2025-08-18 03:19:06,40.045667,-70.774833,27.9035223878186
"AR92","18",5,2025-08-18 03:20:26,40.045667,-70.774833,18.7562380854957
"AR92","18",6,2025-08-18 03:20:34,40.045667,-70.774833,18.9050744902988
"AR92","18",7,2025-08-18 03:22:32,40.045667,-70.774833,1.65123717655429
"AR92","18",8,2025-08-18 03:22:40,40.045667,-70.774833,1.75245440640511
"AR92","19",1,2025-08-18 04:54:58,40.0435,-70.991,35.3061899908345
"AR92","19",2,2025-08-18 04:55:15,40.0435,-70.991,35.344884344638
"AR92","19",3,2025-08-18 04:57:02,40.0435,-70.991,26.2475412196815
"AR92","19",4,2025-08-18 04:57:10,40.0435,-70.991,26.2733385982107
"AR92","19",5,2025-08-18 04:59:00,40.0435,-70.991,19.2920524360094
"AR92","19",6,2025-08-18 04:59:07,40.0435,-70.991,19.248393842461
"AR92","19",7,2025-08-18 05:02:04,40.0435,-70.991,1.60459816395773
"AR92","19",8,2025-08-18 05:02:11,40.0435,-70.991,1.39025553842352
"AR92","20",1,2025-08-18 06:38:22,40.0455,-70.883167,201.554975551338
"AR92","20",2,2025-08-18 06:38:42,40.0455,-70.883167,201.60454347439
"AR92","20",3,2025-08-18 06:38:56,40.0455,-70.883167,201.570837288016
"AR92","20",4,2025-08-18 06:45:04,40.0455,-70.883167,99.5604718162927
"AR92","20",5,2025-08-18 06:45:19,40.0455,-70.883167,99.4979851558592
"AR92","20",6,2025-08-18 06:48:23,40.0455,-70.883167,59.3577740838489
"AR92","20",7,2025-08-18 06:48:40,40.0455,-70.883167,59.4599548246336
"AR92","20",8,2025-08-18 06:48:54,40.0455,-70.883167,59.2754342265062
"AR92","20",9,2025-08-18 06:51:28,40.0455,-70.883167,44.3773273320715
"AR92","20",10,2025-08-18 06:51:41,40.0455,-70.883167,44.3564928348781
"AR92","20",11,2025-08-18 06:51:55,40.0455,-70.883167,44.313831714961
"AR92","20",12,2025-08-18 06:55:40,40.0455,-70.883167,36.3062812633137
"AR92","20",13,2025-08-18 06:55:54,40.0455,-70.883167,36.3122342111281
"AR92","20",14,2025-08-18 06:58:41,40.0455,-70.883167,23.3363811401981
"AR92","20",15,2025-08-18 06:58:55,40.0455,-70.883167,23.3334044775835
"AR92","20",16,2025-08-18 06:59:12,40.0455,-70.883167,23.3244744894797
"AR92","20",17,2025-08-18 07:01:45,40.0455,-70.883167,1.52521175527621
"AR92","20",18,2025-08-18 07:02:01,40.0455,-70.883167,1.40315554030896
"AR92","20",19,2025-08-18 07:02:15,40.0455,-70.883167,1.64528324527186
"AR92","20",20,2025-08-18 07:02:36,40.0455,-70.883167,1.40613252202841
"AR92","20",21,2025-08-18 07:02:50,40.0455,-70.883167,1.26720666228415
"AR92","21",1,2025-08-18 10:34:22,40.2585,-70.8935,114.218293259379
"AR92","21",2,2025-08-18 10:34:41,40.2585,-70.8935,114.073496036768
"AR92","21",3,2025-08-18 10:34:57,40.2585,-70.8935,114.147878184446
"AR92","21",4,2025-08-18 10:35:14,40.2585,-70.8935,114.231186157803
"AR92","21",5,2025-08-18 10:39:25,40.2585,-70.8935,85.7527629917856
"AR92","21",6,2025-08-18 10:39:59,40.2585,-70.8935,86.1554736779726
"AR92","21",7,2025-08-18 10:43:37,40.2585,-70.8935,54.27341442531
"AR92","21",8,2025-08-18 10:43:50,40.2585,-70.8935,54.3051600767369
"AR92","21",9,2025-08-18 10:44:09,40.2585,-70.8935,53.8676648845127
"AR92","21",10,2025-08-18 10:44:26,40.2585,-70.8935,53.7783800365468
"AR92","21",11,2025-08-18 10:47:42,40.2585,-70.8935,43.8238673686992
"AR92","21",12,2025-08-18 10:47:55,40.2585,-70.8935,43.9458959178806
"AR92","21",13,2025-08-18 10:48:10,40.2585,-70.8935,44.0580033826902
"AR92","21",14,2025-08-18 10:48:22,40.2585,-70.8935,44.4915511422247
"AR92","21",15,2025-08-18 10:48:38,40.2585,-70.8935,43.813946345243
"AR92","21",16,2025-08-18 10:52:27,40.2585,-70.8935,26.8830191734409
"AR92","21",17,2025-08-18 10:52:40,40.2585,-70.8935,27.0020812719809
"AR92","21",18,2025-08-18 10:56:40,40.2585,-70.8935,3.04340694139495
"AR92","21",19,2025-08-18 10:56:51,40.2585,-70.8935,3.3291891604376
"AR92","21",20,2025-08-18 10:57:04,40.2585,-70.8935,3.13172162810481
"AR92","21",21,2025-08-18 10:57:16,40.2585,-70.8935,3.26865893209531
"AR92","21",22,2025-08-18 10:57:29,40.2585,-70.8935,3.42147291671582
"AR92","21",23,2025-08-18 10:57:47,40.2585,-70.8935,3.1555368179931
"AR92","21",24,2025-08-18 10:57:59,40.2585,-70.8935,3.25476674601398
"AR92","22",1,2025-08-19 00:41:58,40.861667,-70.884167,48.7072345813537
"AR92","22",2,2025-08-19 00:42:15,40.861667,-70.884167,48.8768706307174
"AR92","22",3,2025-08-19 00:42:25,40.861667,-70.884167,48.7558437560666
"AR92","22",4,2025-08-19 00:46:03,40.861667,-70.884167,40.29271329426
"AR92","22",5,2025-08-19 00:46:12,40.861667,-70.884167,40.2282290674219
"AR92","22",6,2025-08-19 00:46:20,40.861667,-70.884167,40.1290225249242
"AR92","22",7,2025-08-19 00:46:27,40.861667,-70.884167,40.4564039326848
"AR92","22",8,2025-08-19 00:46:37,40.861667,-70.884167,40.5189039600944
"AR92","22",9,2025-08-19 00:48:11,40.861667,-70.884167,33.4711615556904
"AR92","22",10,2025-08-19 00:48:28,40.861667,-70.884167,33.417588260001
"AR92","22",11,2025-08-19 00:48:38,40.861667,-70.884167,33.7469645967376
"AR92","22",12,2025-08-19 00:50:39,40.861667,-70.884167,25.286189878463
"AR92","22",13,2025-08-19 00:50:48,40.861667,-70.884167,25.4994993558463
"AR92","22",14,2025-08-19 00:50:56,40.861667,-70.884167,25.6899894918759
"AR92","22",15,2025-08-19 00:51:05,40.861667,-70.884167,25.1949131969496
"AR92","22",16,2025-08-19 00:53:12,40.861667,-70.884167,2.10060419457641
"AR92","22",17,2025-08-19 00:53:20,40.861667,-70.884167,2.25440289825364
"AR92","22",18,2025-08-19 00:53:28,40.861667,-70.884167,2.08572044292153
"AR92","22",19,2025-08-19 00:53:35,40.861667,-70.884167,2.02122417323419
"AR92","22",20,2025-08-19 00:53:43,40.861667,-70.884167,1.9745883963285
"AR92","22",21,2025-08-19 00:53:52,40.861667,-70.884167,2.07579794121653
"AR92","22",22,2025-08-19 00:54:09,40.861667,-70.884167,2.38240302152029
"AR92","23",1,2025-08-19 02:41:23,41.037167,-70.886833,2.35954346932059
"AR92","23",2,2025-08-19 02:41:36,41.037167,-70.886833,2.69888684277686
"AR92","24",1,2025-08-19 03:35:59,41.038667,-70.773,34.300991195683
"AR92","24",2,2025-08-19 03:36:08,41.038667,-70.773,34.1293616520171
"AR92","24",3,2025-08-19 03:38:08,41.038667,-70.773,2.37839556766425
"AR92","24",4,2025-08-19 03:38:15,41.038667,-70.773,2.68400300532985
"AR92","25",1,2025-08-19 04:52:00,41.040167,-70.994333,27.3999774100037
"AR92","25",2,2025-08-19 04:52:10,41.040167,-70.994333,27.3612850698712
"AR92","25",3,2025-08-19 04:55:10,41.040167,-70.994333,16.7890730820552
"AR92","25",4,2025-08-19 04:55:18,41.040167,-70.994333,16.5648442013671
"AR92","25",5,2025-08-19 04:57:16,41.040167,-70.994333,2.82093047824096
"AR92","25",6,2025-08-19 04:57:24,41.040167,-70.994333,2.54211354612147
"AR92","26",1,2025-08-19 08:37:21,41.321333,-70.565833,11.4885761384622
"AR92","26",2,2025-08-19 08:37:41,41.321333,-70.565833,11.4111874224855
"AR92","26",3,2025-08-19 08:38:02,41.321333,-70.565833,11.7514991214683
"AR92","26",4,2025-08-19 08:40:58,41.321333,-70.565833,2.64622980456553
"AR92","26",5,2025-08-19 08:41:17,41.321333,-70.565833,2.84070203539351
"AR92","26",6,2025-08-19 08:41:29,41.321333,-70.565833,3.02326763482628
"AR92","26",7,2025-08-19 08:41:42,41.321333,-70.565833,2.44679635538459
"AR95","1",1,2025-10-18 15:52:04,41.198167,-70.883167,13.9671412849084
"AR95","1",2,2025-10-18 15:52:35,41.198167,-70.883167,14.2915780007244
"AR95","1",3,2025-10-18 15:52:49,41.198167,-70.883167,14.0742947525439
"AR95","1",4,2025-10-18 15:53:02,41.198167,-70.883167,14.7420183371589
"AR95","1",5,2025-10-18 15:53:18,41.198167,-70.883167,13.9889688476826
"AR95","1",6,2025-10-18 15:53:28,41.198167,-70.883167,13.7875598845878
"AR95","1",7,2025-10-18 15:53:41,41.198167,-70.883167,14.6358573780362
"AR95","1",8,2025-10-18 15:57:22,41.198167,-70.883167,7.58446358043544
"AR95","1",9,2025-10-18 15:57:33,41.198167,-70.883167,7.41579070833723
"AR95","1",10,2025-10-18 15:57:42,41.198167,-70.883167,7.30764155833727
"AR95","1",11,2025-10-18 15:58:03,41.198167,-70.883167,7.39098586247346
"AR95","1",12,2025-10-18 15:58:15,41.198167,-70.883167,6.99410791954637
"AR95","1",13,2025-10-18 15:58:27,41.198167,-70.883167,7.49814277503306
"AR95","1",14,2025-10-18 15:58:37,41.198167,-70.883167,7.30764155833727
"AR95","1",15,2025-10-18 16:01:18,41.198167,-70.883167,2.4746060268061
"AR95","1",16,2025-10-18 16:01:31,41.198167,-70.883167,2.29303009888943
"AR95","1",17,2025-10-18 16:01:40,41.198167,-70.883167,2.42896400544861
"AR95","1",18,2025-10-18 16:01:50,41.198167,-70.883167,2.42201847956648
"AR95","1",19,2025-10-18 16:02:01,41.198167,-70.883167,2.69487824755095
"AR95","1",20,2025-10-18 16:02:09,41.198167,-70.883167,2.3773686646922
"AR95","1",21,2025-10-18 16:02:24,41.198167,-70.883167,2.8050142689594
"AR95","1",22,2025-10-18 16:02:36,41.198167,-70.883167,2.12832174068421
"AR95","1",23,2025-10-18 16:02:44,41.198167,-70.883167,2.34760211602725
"AR95","1",24,2025-10-18 16:02:54,41.198167,-70.883167,2.50834142734978
"AR95","2",1,2025-10-19 02:48:29,41.039,-70.884333,37.4934717433381
"AR95","2",2,2025-10-19 02:48:38,41.039,-70.884333,37.5956541414706
"AR95","2",3,2025-10-19 02:51:49,41.039,-70.884333,22.5435378995546
"AR95","2",4,2025-10-19 02:52:00,41.039,-70.884333,22.3669378208853
"AR95","2",5,2025-10-19 02:52:10,41.039,-70.884333,22.3659456851813
"AR95","2",6,2025-10-19 02:52:18,41.039,-70.884333,22.5375850903965
"AR95","2",7,2025-10-19 02:52:29,41.039,-70.884333,22.967179039893
"AR95","2",8,2025-10-19 02:52:56,41.039,-70.884333,22.386780533955
"AR95","2",9,2025-10-19 02:53:05,41.039,-70.884333,22.5356008206387
"AR95","2",10,2025-10-19 02:57:04,41.039,-70.884333,9.80909084194179
"AR95","2",11,2025-10-19 02:57:15,41.039,-70.884333,9.65033932352676
"AR95","2",12,2025-10-19 02:57:23,41.039,-70.884333,9.56004934246416
"AR95","2",13,2025-10-19 02:57:33,41.039,-70.884333,9.82992696958715
"AR95","2",14,2025-10-19 02:57:42,41.039,-70.884333,9.34970329793941
"AR95","2",15,2025-10-19 02:57:57,41.039,-70.884333,9.59080747235696
"AR95","2",16,2025-10-19 03:01:25,41.039,-70.884333,2.95785854292822
"AR95","2",17,2025-10-19 03:01:34,41.039,-70.884333,2.84077538825195
"AR95","2",18,2025-10-19 03:01:45,41.039,-70.884333,2.75246686284095
"AR95","2",19,2025-10-19 03:01:54,41.039,-70.884333,2.63538359058449
"AR95","2",20,2025-10-19 03:02:01,41.039,-70.884333,2.81993854861445
"AR95","2",21,2025-10-19 03:02:12,41.039,-70.884333,2.46868864664147
"AR95","2",22,2025-10-19 03:02:20,41.039,-70.884333,2.63637582198691
"AR95","2",23,2025-10-19 03:02:29,41.039,-70.884333,2.82093077912151
"AR95","2",24,2025-10-19 03:02:39,41.039,-70.884333,3.39741588986972
"AR95","3",1,2025-10-19 07:21:47,40.697167,-70.774,35.4876274744525
"AR95","3",2,2025-10-19 07:25:26,40.697167,-70.774,2.62256644491819
"AR95","4",1,2025-10-19 09:07:14,40.696833,-70.993667,2.19589321727745
"AR95","4",2,2025-10-19 09:07:23,40.696833,-70.993667,2.13437280648616
"AR95","4",3,2025-10-19 09:07:32,40.696833,-70.993667,2.02224684889732
"AR95","5",1,2025-10-19 10:39:28,40.697833,-70.885667,60.103196970618
"AR95","5",2,2025-10-19 10:39:40,40.697833,-70.885667,60.3263931844931
"AR95","5",3,2025-10-19 10:43:12,40.697833,-70.885667,40.323078227515
"AR95","5",4,2025-10-19 10:43:20,40.697833,-70.885667,39.8429111557135
"AR95","5",5,2025-10-19 10:43:28,40.697833,-70.885667,40.4193099225223
"AR95","5",6,2025-10-19 10:43:39,40.697833,-70.885667,40.6405434415376
"AR95","5",7,2025-10-19 10:46:25,40.697833,-70.885667,27.4236532474301
"AR95","5",8,2025-10-19 10:46:33,40.697833,-70.885667,27.1934761517175
"AR95","5",9,2025-10-19 10:46:42,40.697833,-70.885667,27.0287803122572
"AR95","5",10,2025-10-19 10:46:51,40.697833,-70.885667,26.8898801036486
"AR95","5",11,2025-10-19 10:46:59,40.697833,-70.885667,27.1379161243061
"AR95","5",12,2025-10-19 10:47:12,40.697833,-70.885667,27.2410990203491
"AR95","5",13,2025-10-19 10:49:44,40.697833,-70.885667,15.5314925049674
"AR95","5",14,2025-10-19 10:49:53,40.697833,-70.885667,15.7348933553422
"AR95","5",15,2025-10-19 10:50:01,40.697833,-70.885667,15.1901755016504
"AR95","5",16,2025-10-19 10:50:10,40.697833,-70.885667,15.3122162397518
"AR95","5",17,2025-10-19 10:52:37,40.697833,-70.885667,2.37549280360262
"AR95","5",18,2025-10-19 10:52:46,40.697833,-70.885667,2.25046755442396
"AR95","5",19,2025-10-19 10:52:54,40.697833,-70.885667,2.61264366151699
"AR95","5",20,2025-10-19 10:53:01,40.697833,-70.885667,2.10758146177912
"AR95","5",21,2025-10-19 10:53:06,40.697833,-70.885667,2.01827760318485
"AR95","5",22,2025-10-19 10:53:13,40.697833,-70.885667,2.74957583082049
"AR95","6",1,2025-10-19 12:52:44,40.514,-70.882333,71.374010319864
"AR95","6",2,2025-10-19 12:52:54,40.514,-70.882333,71.3015982670969
"AR95","6",3,2025-10-19 12:56:06,40.514,-70.882333,56.5190839146498
"AR95","6",4,2025-10-19 12:56:13,40.514,-70.882333,56.0964839331773
"AR95","6",5,2025-10-19 12:58:14,40.514,-70.882333,45.7534246615496
"AR95","6",6,2025-10-19 12:58:42,40.514,-70.882333,45.0748477397607
"AR95","6",7,2025-10-19 12:58:56,40.514,-70.882333,44.8903220474568
"AR95","6",8,2025-10-19 13:02:58,40.514,-70.882333,33.3283643951452
"AR95","6",9,2025-10-19 13:03:07,40.514,-70.882333,33.0515599090558
"AR95","6",10,2025-10-19 13:03:18,40.514,-70.882333,32.8948030806385
"AR95","6",11,2025-10-19 13:03:29,40.514,-70.882333,33.3224116144372
"AR95","6",12,2025-10-19 13:03:38,40.514,-70.882333,32.922582780504
"AR95","6",13,2025-10-19 13:06:11,40.514,-70.882333,15.0683872939519
"AR95","6",14,2025-10-19 13:06:24,40.514,-70.882333,16.0794555937219
"AR95","6",15,2025-10-19 13:06:38,40.514,-70.882333,15.6478421613894
"AR95","6",16,2025-10-19 13:09:25,40.514,-70.882333,2.89548679753716
"AR95","6",17,2025-10-19 13:09:37,40.514,-70.882333,2.38644770863474
"AR95","6",18,2025-10-19 13:09:53,40.514,-70.882333,2.90838640711272
"AR95","6",19,2025-10-19 13:10:03,40.514,-70.882333,3.14157151685407
"AR95","6",20,2025-10-19 13:10:13,40.514,-70.882333,2.93021651377183
"AR95","6",21,2025-10-19 13:10:24,40.514,-70.882333,2.71985357083077
"AR95","7",1,2025-10-20 04:18:44,39.939333,-70.883667,434.392620559764
"AR95","7",2,2025-10-20 04:18:55,39.939333,-70.883667,434.695636011793
"AR95","7",3,2025-10-20 04:27:29,39.939333,-70.883667,100.381699802862
"AR95","7",4,2025-10-20 04:30:41,39.939333,-70.883667,64.3215419434
"AR95","7",5,2025-10-20 04:30:49,39.939333,-70.883667,64.259043930403
"AR95","7",6,2025-10-20 04:30:58,39.939333,-70.883667,64.0507170826631
"AR95","7",7,2025-10-20 04:31:09,39.939333,-70.883667,64.0417887844527
"AR95","7",8,2025-10-20 04:34:38,39.939333,-70.883667,42.9838102381671
"AR95","7",9,2025-10-20 04:34:46,39.939333,-70.883667,42.7357762903713
"AR95","7",10,2025-10-20 04:34:54,39.939333,-70.883667,43.0344091266095
"AR95","7",11,2025-10-20 04:35:03,39.939333,-70.883667,42.8240764102374
"AR95","7",12,2025-10-20 04:37:46,39.939333,-70.883667,31.0897480169119
"AR95","7",13,2025-10-20 04:37:55,39.939333,-70.883667,30.7801836152002
"AR95","7",14,2025-10-20 04:38:03,39.939333,-70.883667,31.0619666153709
"AR95","7",15,2025-10-20 04:38:11,39.939333,-70.883667,30.8764264440963
"AR95","7",16,2025-10-20 04:38:19,39.939333,-70.883667,30.7504177826668
"AR95","7",17,2025-10-20 04:38:31,39.939333,-70.883667,30.9240517447485
"AR95","7",18,2025-10-20 04:41:28,39.939333,-70.883667,5.10256728689236
"AR95","7",19,2025-10-20 04:41:35,39.939333,-70.883667,5.00730465293035
"AR95","7",20,2025-10-20 04:41:43,39.939333,-70.883667,4.9626502779885
"AR95","7",21,2025-10-20 04:41:52,39.939333,-70.883667,4.84952581784049
"AR95","7",22,2025-10-20 04:42:01,39.939333,-70.883667,4.85250277811959
"AR95","7",23,2025-10-20 04:42:10,39.939333,-70.883667,4.77113251489848
"AR95","7",24,2025-10-20 04:42:18,39.939333,-70.883667,5.06783612339923
"AR95","8",1,2025-10-20 07:59:01,39.774833,-70.7765,53.6507790401483
"AR95","8",2,2025-10-20 08:01:09,39.774833,-70.7765,33.2125335159725
"AR95","9",1,2025-10-20 09:59:55,39.773,-70.992,32.0764697049088
"AR95","9",2,2025-10-20 10:02:12,39.773,-70.992,1.85867923704381
"AR95","9",3,2025-10-20 10:02:23,39.773,-70.992,2.10180474340503
"AR95","10",1,2025-10-20 12:00:59,39.774833,-70.885167,501.00032081402
"AR95","10",2,2025-10-20 12:01:09,39.774833,-70.885167,501.012200125648
"AR95","10",3,2025-10-20 12:06:07,39.774833,-70.885167,302.563964839392
"AR95","10",4,2025-10-20 12:11:07,39.774833,-70.885167,99.9318966875803
"AR95","10",5,2025-10-20 12:11:24,39.774833,-70.885167,99.2266729203036
"AR95","10",6,2025-10-20 12:13:53,39.774833,-70.885167,64.697495833002
"AR95","10",7,2025-10-20 12:16:21,39.774833,-70.885167,49.5335296235895
"AR95","10",8,2025-10-20 12:16:34,39.774833,-70.885167,50.9413406066121
"AR95","10",9,2025-10-20 12:16:49,39.774833,-70.885167,50.0732412503611
"AR95","10",10,2025-10-20 12:17:05,39.774833,-70.885167,50.3946864696917
"AR95","10",11,2025-10-20 12:19:09,39.774833,-70.885167,34.4269794985457
"AR95","10",12,2025-10-20 12:19:24,39.774833,-70.885167,34.3605026581502
"AR95","10",13,2025-10-20 12:19:39,39.774833,-70.885167,34.813933812521
"AR95","10",14,2025-10-20 12:19:49,39.774833,-70.885167,34.423010732561
"AR95","10",15,2025-10-20 12:19:59,39.774833,-70.885167,34.8754495591429
"AR95","10",16,2025-10-20 12:22:32,39.774833,-70.885167,24.6129782055658
"AR95","10",17,2025-10-20 12:22:56,39.774833,-70.885167,25.1021514810886
"AR95","10",18,2025-10-20 12:23:35,39.774833,-70.885167,25.0257492412776
"AR95","10",19,2025-10-20 12:23:49,39.774833,-70.885167,24.2190589166843
"AR95","10",20,2025-10-20 12:25:41,39.774833,-70.885167,2.8252249893336
"AR95","10",21,2025-10-20 12:25:50,39.774833,-70.885167,2.95422976499194
"AR95","10",22,2025-10-20 12:25:59,39.774833,-70.885167,3.37002152666682
"AR95","10",23,2025-10-20 12:26:11,39.774833,-70.885167,2.98400008628187
"AR95","10",24,2025-10-20 12:26:21,39.774833,-70.885167,2.08493447286577
"AR95","11",1,2025-10-20 23:20:18,40.362833,-70.882333,84.3414763428604
"AR95","11",2,2025-10-20 23:20:30,40.362833,-70.882333,83.7512970012386
"AR95","11",3,2025-10-20 23:24:27,40.362833,-70.882333,59.8659567961533
"AR95","11",4,2025-10-20 23:27:50,40.362833,-70.882333,46.1746977806902
"AR95","11",5,2025-10-20 23:28:08,40.362833,-70.882333,45.6062342900487
"AR95","11",6,2025-10-20 23:28:18,40.362833,-70.882333,46.3830347903563
"AR95","11",7,2025-10-20 23:28:42,40.362833,-70.882333,45.7342131193485
"AR95","11",8,2025-10-20 23:31:04,40.362833,-70.882333,30.4952411877039
"AR95","11",9,2025-10-20 23:31:11,40.362833,-70.882333,30.561715729711
"AR95","11",10,2025-10-20 23:31:20,40.362833,-70.882333,30.8345587729486
"AR95","11",11,2025-10-20 23:31:30,40.362833,-70.882333,30.4357117287741
"AR95","11",12,2025-10-20 23:33:55,40.362833,-70.882333,20.0306884237718
"AR95","11",13,2025-10-20 23:34:03,40.362833,-70.882333,19.6566255736448
"AR95","11",14,2025-10-20 23:34:12,40.362833,-70.882333,19.5504590698387
"AR95","11",15,2025-10-20 23:34:22,40.362833,-70.882333,19.8987246846916
"AR95","11",16,2025-10-20 23:34:33,40.362833,-70.882333,20.0118364662571
"AR95","11",17,2025-10-20 23:37:04,40.362833,-70.882333,3.02055534798528
"AR95","11",18,2025-10-20 23:37:23,40.362833,-70.882333,3.42441728467512
"AR95","11",19,2025-10-20 23:37:47,40.362833,-70.882333,2.7744670938493
"AR95","11",20,2025-10-20 23:37:56,40.362833,-70.882333,2.84095064330978
"AR95","11",21,2025-10-20 23:38:05,40.362833,-70.882333,3.67348161959806
"AR95","11",22,2025-10-20 23:38:19,40.362833,-70.882333,2.16519893262879
"AR95","11",23,2025-10-20 23:38:29,40.362833,-70.882333,3.17237577644851
"AR95","11",24,2025-10-20 23:38:38,40.362833,-70.882333,3.83919357879741
"AR95","12",1,2025-10-21 02:45:16,40.363,-70.774833,33.6294422331116
"AR95","12",2,2025-10-21 02:47:37,40.363,-70.774833,4.04757363465844
"AR95","13",1,2025-10-21 05:04:13,40.360667,-70.992,37.3469735846034
"AR95","13",2,2025-10-21 05:07:36,40.360667,-70.992,4.74812718526853
"AR95","14",1,2025-10-21 06:17:52,40.3625,-71.100833,38.8391168877759
"AR95","14",2,2025-10-21 06:21:36,40.3625,-71.100833,3.64966682690177
"AR95","15",1,2025-10-21 11:09:12,40.0465,-70.771167,42.3950603918137
"AR95","15",2,2025-10-21 11:11:23,40.0465,-70.771167,2.84797865010637
"AR95","16",1,2025-10-21 12:14:06,40.045333,-70.881833,203.675483698514
"AR95","16",2,2025-10-21 12:14:14,40.045333,-70.881833,203.590227721961
"AR95","16",3,2025-10-21 12:19:09,40.045333,-70.881833,150.785192640484
"AR95","16",4,2025-10-21 12:19:17,40.045333,-70.881833,150.273524414924
"AR95","16",5,2025-10-21 12:24:13,40.045333,-70.881833,97.4101277406002
"AR95","16",6,2025-10-21 12:24:22,40.045333,-70.881833,97.6670198439142
"AR95","16",7,2025-10-21 12:28:22,40.045333,-70.881833,58.5581841142983
"AR95","16",8,2025-10-21 12:28:30,40.045333,-70.881833,58.2397357642204
"AR95","16",9,2025-10-21 12:30:58,40.045333,-70.881833,49.6027514485127
"AR95","16",10,2025-10-21 12:31:10,40.045333,-70.881833,49.2594867906082
"AR95","16",11,2025-10-21 12:31:21,40.045333,-70.881833,49.9261736920787
"AR95","16",12,2025-10-21 12:34:19,40.045333,-70.881833,35.4371495623561
"AR95","16",13,2025-10-21 12:34:30,40.045333,-70.881833,35.3895257706558
"AR95","16",14,2025-10-21 12:34:40,40.045333,-70.881833,35.1087436068261
"AR95","16",15,2025-10-21 12:34:48,40.045333,-70.881833,35.1781950612966
"AR95","16",16,2025-10-21 12:37:10,40.045333,-70.881833,3.56641755328868
"AR95","16",17,2025-10-21 12:37:18,40.045333,-70.881833,4.03280590210192
"AR95","16",18,2025-10-21 12:37:26,40.045333,-70.881833,3.6259565506479
"AR95","16",19,2025-10-21 12:37:33,40.045333,-70.881833,3.7390805978845
"AR95","16",20,2025-10-21 12:37:43,40.045333,-70.881833,3.56641755328868
"AR95","16",21,2025-10-21 12:37:53,40.045333,-70.881833,3.53764036501916
"AR95","16",22,2025-10-21 12:38:03,40.045333,-70.881833,3.14071321721741
"AR95","17",1,2025-10-22 03:15:54,40.148833,-70.8835,129.816427499798
"AR95","17",2,2025-10-22 03:16:14,40.148833,-70.8835,129.985015733147
"AR95","17",3,2025-10-22 03:19:18,40.148833,-70.8835,100.013799680942
"AR95","17",4,2025-10-22 03:22:49,40.148833,-70.8835,72.124334013371
"AR95","17",5,2025-10-22 03:23:02,40.148833,-70.8835,72.0787031531756
"AR95","17",6,2025-10-22 03:26:22,40.148833,-70.8835,50.4038871415664
"AR95","17",7,2025-10-22 03:26:31,40.148833,-70.8835,50.7134159720556
"AR95","17",8,2025-10-22 03:26:39,40.148833,-70.8835,50.4782931531594
"AR95","17",9,2025-10-22 03:26:50,40.148833,-70.8835,50.5487308192175
"AR95","17",10,2025-10-22 03:29:16,40.148833,-70.8835,32.0396564429681
"AR95","17",11,2025-10-22 03:29:24,40.148833,-70.8835,31.9374629750735
"AR95","17",12,2025-10-22 03:29:32,40.148833,-70.8835,32.2748004422907
"AR95","17",13,2025-10-22 03:29:40,40.148833,-70.8835,32.2668630965085
"AR95","17",14,2025-10-22 03:29:48,40.148833,-70.8835,32.1894739589996
"AR95","17",15,2025-10-22 03:31:28,40.148833,-70.8835,23.7211396028981
"AR95","17",16,2025-10-22 03:31:36,40.148833,-70.8835,23.8630255372814
"AR95","17",17,2025-10-22 03:34:06,40.148833,-70.8835,3.15755292207827
"AR95","17",18,2025-10-22 03:34:14,40.148833,-70.8835,2.49865841109794
"AR95","17",19,2025-10-22 03:34:25,40.148833,-70.8835,2.35080377894525
"AR95","17",20,2025-10-22 03:34:34,40.148833,-70.8835,2.64948987202381
"AR95","17",21,2025-10-22 03:34:43,40.148833,-70.8835,2.89161382671802
"AR95","17",22,2025-10-22 03:34:51,40.148833,-70.8835,3.03847575794981
"AR95","18",1,2025-10-22 06:41:58,40.258167,-70.882667,112.842718934828
"AR95","18",2,2025-10-22 06:42:16,40.258167,-70.882667,113.039088931266
"AR95","18",3,2025-10-22 06:49:59,40.258167,-70.882667,83.7689574923262
"AR95","18",4,2025-10-22 06:50:10,40.258167,-70.882667,83.6717504018014
"AR95","18",5,2025-10-22 06:54:13,40.258167,-70.882667,59.6859786820077
"AR95","18",6,2025-10-22 06:54:41,40.258167,-70.882667,59.6105847308581
"AR95","18",7,2025-10-22 06:57:24,40.258167,-70.882667,46.6820956178305
"AR95","18",8,2025-10-22 06:57:34,40.258167,-70.882667,46.5799104768653
"AR95","18",9,2025-10-22 06:57:42,40.258167,-70.882667,46.7297158602741
"AR95","18",10,2025-10-22 07:00:49,40.258167,-70.882667,24.7388981086205
"AR95","18",11,2025-10-22 07:00:58,40.258167,-70.882667,25.0564002205037
"AR95","18",12,2025-10-22 07:01:10,40.258167,-70.882667,24.7756093154947
"AR95","18",13,2025-10-22 07:01:19,40.258167,-70.882667,24.8946726438216
"AR95","18",14,2025-10-22 07:01:29,40.258167,-70.882667,24.8678834009882
"AR95","18",15,2025-10-22 07:01:38,40.258167,-70.882667,25.0147280964053
"AR95","18",16,2025-10-22 07:04:27,40.258167,-70.882667,3.9454058310967
"AR95","18",17,2025-10-22 07:04:35,40.258167,-70.882667,4.04661996939818
"AR95","18",18,2025-10-22 07:04:43,40.258167,-70.882667,3.91464466149293
"AR95","18",19,2025-10-22 07:04:51,40.258167,-70.882667,3.95731337937874
"AR95","18",20,2025-10-22 07:04:59,40.258167,-70.882667,3.69435486010837
"AR95","18",21,2025-10-22 07:05:08,40.258167,-70.882667,4.10615767441519
"AR95","18",22,2025-10-22 07:05:17,40.258167,-70.882667,4.7342794064955
"AR95","19",1,2025-10-23 00:48:10,40.863667,-70.8845,49.1546279806121
"AR95","19",2,2025-10-23 00:48:19,40.863667,-70.8845,49.2488700244349
"AR95","19",3,2025-10-23 00:50:19,40.863667,-70.8845,36.9603335114666
"AR95","19",4,2025-10-23 00:50:28,40.863667,-70.8845,36.5853266091328
"AR95","19",5,2025-10-23 00:50:36,40.863667,-70.8845,37.642883993526
"AR95","19",6,2025-10-23 00:52:56,40.863667,-70.8845,24.4875130624781
"AR95","19",7,2025-10-23 00:53:05,40.863667,-70.8845,24.382346056311
"AR95","19",8,2025-10-23 00:53:13,40.863667,-70.8845,24.5172772996926
"AR95","19",9,2025-10-23 00:53:21,40.863667,-70.8845,24.511324452596
"AR95","19",10,2025-10-23 00:53:29,40.863667,-70.8845,24.6016092816213
"AR95","19",11,2025-10-23 00:53:38,40.863667,-70.8845,24.3188489698133
"AR95","19",12,2025-10-23 00:56:58,40.863667,-70.8845,2.96981287018987
"AR95","19",13,2025-10-23 00:57:06,40.863667,-70.8845,2.92913079342485
"AR95","19",14,2025-10-23 00:57:15,40.863667,-70.8845,2.62550333077961
"AR95","19",15,2025-10-23 00:57:23,40.863667,-70.8845,3.56218268097245
"AR95","19",16,2025-10-23 00:57:31,40.863667,-70.8845,2.74953421147987
"AR95","19",17,2025-10-23 00:57:39,40.863667,-70.8845,3.3161063179786
"AR95","19",18,2025-10-23 00:57:47,40.863667,-70.8845,2.7227435476173
"AR95","20",1,2025-10-23 02:56:25,41.0395,-70.882833,35.8694575685992
"AR95","20",2,2025-10-23 02:58:41,41.0395,-70.882833,20.7100635440675
"AR95","20",3,2025-10-23 03:00:30,41.0395,-70.882833,3.40634578338169
"AR95","21",1,2025-10-23 04:12:33,41.039,-70.770667,19.6782324030436
"AR95","21",2,2025-10-23 04:14:43,41.039,-70.770667,3.77247761956344
"AR95","22",1,2025-10-23 05:47:13,41.039167,-70.993667,32.1947975659413
"AR95","22",2,2025-10-23 05:51:12,41.039167,-70.993667,3.57998565199728
"AR95","23",1,2025-10-23 10:23:02,41.3155,-70.5695,12.9043944967491
"AR95","23",2,2025-10-23 10:23:11,41.3155,-70.5695,13.0542100734172
"AR95","23",3,2025-10-23 10:23:20,41.3155,-70.5695,13.1058021671362
"AR95","23",4,2025-10-23 10:25:29,41.3155,-70.5695,1.96855321835226
"AR95","23",5,2025-10-23 10:25:38,41.3155,-70.5695,2.03602345651836
"AR95","23",6,2025-10-23 10:25:47,41.3155,-70.5695,2.31185743398134
"AR95","23",7,2025-10-23 10:25:55,41.3155,-70.5695,2.03602345651836
"AR98A","1",1,2025-11-01 13:19:23,35.9495,-75.126,27.3698222867509
"AR98A","1",2,2025-11-01 13:19:53,35.9495,-75.126,27.3529486825146
"AR98A","1",3,2025-11-01 13:23:06,35.9495,-75.126,20.1110663729934
"AR98A","1",4,2025-11-01 13:23:31,35.9495,-75.126,20.5686545131552
"AR98A","1",5,2025-11-01 13:26:34,35.9495,-75.126,7.22472604586071
"AR98A","1",6,2025-11-01 13:27:02,35.9495,-75.126,7.50763469520287
"AR98A","1",7,2025-11-01 13:29:09,35.9495,-75.126,2.32389203390952
"AR98A","1",8,2025-11-01 13:29:28,35.9495,-75.126,2.44499973753497
"AR98A","3",1,2025-11-01 23:29:18,36.169333,-74.7075,770.502221035626
"AR98A","3",2,2025-11-01 23:29:38,36.169333,-74.7075,770.275745532708
"AR98A","3",3,2025-11-01 23:29:56,36.169333,-74.7075,770.650567301094
"AR98A","3",4,2025-11-01 23:37:06,36.169333,-74.7075,500.341956824574
"AR98A","3",5,2025-11-01 23:37:35,36.169333,-74.7075,500.613289485432
"AR98A","3",6,2025-11-01 23:37:54,36.169333,-74.7075,500.493467441901
"AR98A","3",7,2025-11-01 23:45:27,36.169333,-74.7075,251.414278280422
"AR98A","3",8,2025-11-01 23:45:50,36.169333,-74.7075,251.381560016908
"AR98A","3",9,2025-11-01 23:46:12,36.169333,-74.7075,251.443030689515
"AR98A","3",10,2025-11-01 23:54:00,36.169333,-74.7075,106.959967724677
"AR98A","3",11,2025-11-01 23:54:20,36.169333,-74.7075,106.608742700871
"AR98A","3",12,2025-11-01 23:58:14,36.169333,-74.7075,52.1744875205509
"AR98A","3",13,2025-11-01 23:58:37,36.169333,-74.7075,52.4136619324052
"AR98A","3",14,2025-11-01 23:58:59,36.169333,-74.7075,52.2717451989013
"AR98A","3",15,2025-11-02 00:01:33,36.169333,-74.7075,32.8758638702891
"AR98A","3",16,2025-11-02 00:01:59,36.169333,-74.7075,32.7289709965643
"AR98A","3",17,2025-11-02 00:04:38,36.169333,-74.7075,2.95021924770677
"AR98A","3",18,2025-11-02 00:04:56,36.169333,-74.7075,3.0971334953543
"AR98A","4",1,2025-11-02 15:05:18,35.950833,-75.125,27.9077885014454
"AR98A","4",2,2025-11-02 15:05:36,35.950833,-75.125,27.3708116525105
"AR98A","4",3,2025-11-02 15:06:01,35.950833,-75.125,28.4199499507037
"AR98A","4",4,2025-11-02 15:08:52,35.950833,-75.125,6.81872583710189
"AR98A","4",5,2025-11-02 15:09:12,35.950833,-75.125,6.89913164314767
"AR98A","4",6,2025-11-02 15:09:34,35.950833,-75.125,7.04505321045946
"AR98A","4",7,2025-11-02 15:11:18,35.950833,-75.125,3.00983682717189
"AR98A","4",8,2025-11-02 15:11:40,35.950833,-75.125,2.82619039990436
"AR98A","4",9,2025-11-02 15:11:56,35.950833,-75.125,2.93042217614833
"AR98A","5",1,2025-11-02 22:58:28,35.940667,-75.3415,16.3401564651964
"AR98A","5",2,2025-11-02 22:58:46,35.940667,-75.3415,16.2389092849601
"AR98A","5",3,2025-11-02 23:01:22,35.940667,-75.3415,7.18502510199743
"AR98A","5",4,2025-11-02 23:01:41,35.940667,-75.3415,7.06689810246421
"AR98A","5",5,2025-11-02 23:03:47,35.940667,-75.3415,2.2107274663882
"AR98A","5",6,2025-11-02 23:04:06,35.940667,-75.3415,1.79082013549222
"AR98A","6",1,2025-11-03 13:42:13,35.937333,-75.3405,10.6970418201766
"AR98A","7",1,2025-11-03 14:54:55,35.9495,-75.2305,18.3243783731938
"AR98A","8",1,2025-11-03 16:02:15,35.9485,-75.126167,26.1023152560386
"AR98A","9",1,2025-11-03 17:17:55,35.948667,-75.034167,26.4139819721418
"AR98A","10",1,2025-11-03 18:17:54,35.948167,-74.941333,58.3811638642992
"AR98A","11",1,2025-11-03 19:19:15,35.948667,-74.853667,93.3498780023122
"AR98A","12",1,2025-11-03 20:33:04,35.9495,-74.7565,600.170024791697
"AR98A","13",1,2025-11-04 15:23:09,35.934833,-75.306667,18.4226703088326
"AR98A","13",2,2025-11-04 15:23:28,35.934833,-75.306667,18.2678231563148
"AR98A","13",3,2025-11-04 15:25:49,35.934833,-75.306667,7.11157162162976
"AR98A","13",4,2025-11-04 15:26:05,35.934833,-75.306667,7.48084245981241
"AR98A","14",1,2025-11-04 20:51:51,36.173833,-74.967333,28.9811705651484
"AR98A","14",2,2025-11-04 20:52:21,36.173833,-74.967333,29.0486631074513
"AR98A","14",3,2025-11-04 20:55:42,36.173833,-74.967333,6.64587203019957
"AR98A","14",4,2025-11-04 20:56:01,36.173833,-74.967333,6.32921775249698
"AR98A","15",1,2025-11-04 23:48:47,36.175333,-74.8275,83.8164797084194
"AR98A","16",1,2025-11-05 00:51:44,36.098667,-74.837833,94.5452778368367
"AR98A","17",1,2025-11-05 01:45:25,36.024,-74.836,93.7997370469585
"AR98A","18",1,2025-11-05 03:55:21,35.95,-74.845167,94.0156625532578
"AR98A","19",1,2025-11-05 04:48:50,35.878,-74.874,91.7767392887955
"AR98A","20",1,2025-11-05 05:41:00,35.797833,-74.877667,93.8502169086811
"AR98A","21",1,2025-11-05 06:29:08,35.7225,-74.853167,89.5622317670971
"AR98A","22",1,2025-11-05 15:23:16,36.040333,-75.304167,26.8941688306186
"AR98A","22",2,2025-11-05 15:23:32,36.040333,-75.304167,26.832630144145
"AR98A","22",3,2025-11-05 15:26:04,36.040333,-75.304167,6.96657808920772
"AR98A","22",4,2025-11-05 15:26:24,36.040333,-75.304167,6.9884165190652
"AR98A","23",1,2025-11-05 20:12:18,36.167333,-74.832333,93.5227177574709
"AR98A","23",2,2025-11-05 20:12:29,36.167333,-74.832333,93.7231471990918
"AR98A","23",3,2025-11-05 20:16:43,36.167333,-74.832333,42.1785411036654
"AR98A","23",4,2025-11-05 20:17:00,36.167333,-74.832333,42.1755636812178
"AR98A","23",5,2025-11-05 20:19:44,36.167333,-74.832333,27.3454777714577
"AR98A","23",6,2025-11-05 20:20:04,36.167333,-74.832333,27.3623510535824
"AR98A","23",7,2025-11-05 20:22:52,36.167333,-74.832333,7.55116737602406
"AR98A","23",8,2025-11-05 20:23:14,36.167333,-74.832333,7.76756322765363
"AR98A","24",1,2025-11-06 16:10:48,36.170833,-74.831,90.5995728842481
"AR98A","24",2,2025-11-06 16:11:18,36.170833,-74.831,91.0044061142641
"AR98A","24",3,2025-11-06 16:11:34,36.170833,-74.831,90.9260193502869
"AR98A","24",4,2025-11-06 16:14:10,36.170833,-74.831,72.1748455735642
"AR98A","24",5,2025-11-06 16:14:34,36.170833,-74.831,72.6055156915704
"AR98A","24",6,2025-11-06 16:17:07,36.170833,-74.831,52.3044883265754
"AR98A","24",7,2025-11-06 16:17:25,36.170833,-74.831,51.7596464063733
"AR98A","24",8,2025-11-06 16:17:43,36.170833,-74.831,52.1060032775758
"AR98A","24",9,2025-11-06 16:21:03,36.170833,-74.831,27.004033338238
"AR98A","24",10,2025-11-06 16:21:24,36.170833,-74.831,27.2402594827516
"AR98A","24",11,2025-11-06 16:21:48,36.170833,-74.831,26.546468476208
"AR98A","24",12,2025-11-06 16:24:38,36.170833,-74.831,7.32782053933199
"AR98A","24",13,2025-11-06 16:25:04,36.170833,-74.831,6.82157207278617
"AR98A","24",14,2025-11-06 16:25:25,36.170833,-74.831,7.40226873759992
"AR98A","24",15,2025-11-06 16:26:42,36.170833,-74.831,2.23252148392843
"AR98A","24",16,2025-11-06 16:26:57,36.170833,-74.831,2.49458554742309
"AR98A","25",1,2025-11-07 00:38:30,35.725,-74.855,92.3316556513454
"AR98A","25",2,2025-11-07 00:38:49,35.725,-74.855,92.5866688077844
"AR98A","25",3,2025-11-07 00:39:08,35.725,-74.855,92.6313208842495
"AR98A","25",4,2025-11-07 00:41:54,35.725,-74.855,72.6758347577075
"AR98A","25",5,2025-11-07 00:42:12,35.725,-74.855,72.8246894359546
"AR98A","25",6,2025-11-07 00:44:58,35.725,-74.855,52.7670355547428
"AR98A","25",7,2025-11-07 00:45:15,35.725,-74.855,52.7442089429332
"AR98A","25",8,2025-11-07 00:45:44,35.725,-74.855,52.7303144823253
"AR98A","25",9,2025-11-07 00:49:06,35.725,-74.855,27.4795446190882
"AR98A","25",10,2025-11-07 00:49:38,35.725,-74.855,27.3147756257185
"AR98A","25",11,2025-11-07 00:50:00,35.725,-74.855,27.7435717656847
"AR98A","25",12,2025-11-07 00:52:39,35.725,-74.855,7.6914281487146
"AR98A","25",13,2025-11-07 00:53:05,35.725,-74.855,7.65469899039032
"AR98A","25",14,2025-11-07 00:53:28,35.725,-74.855,7.8631616934072
"AR98A","25",15,2025-11-07 00:55:11,35.725,-74.855,2.88382308464939
"AR98A","25",16,2025-11-07 00:55:31,35.725,-74.855,2.93147283214602
"AR98A","26",1,2025-11-07 14:09:08,35.95,-74.846167,95.3780062888165
"AR98A","26",2,2025-11-07 14:09:29,35.95,-74.846167,95.032708077709
"AR98A","26",3,2025-11-07 14:12:17,35.95,-74.846167,71.8696092000595
"AR98A","26",4,2025-11-07 14:12:41,35.95,-74.846167,71.8497622145434
"AR98A","26",5,2025-11-07 14:17:30,35.95,-74.846167,40.0752497405934
"AR98A","26",6,2025-11-07 14:17:51,35.95,-74.846167,40.0415046263983
"AR98A","26",7,2025-11-07 14:21:20,35.95,-74.846167,18.5576404892018
"AR98A","26",8,2025-11-07 14:21:42,35.95,-74.846167,18.2231314539994
"AR98A","26",9,2025-11-07 14:24:41,35.95,-74.846167,6.45938145625429
"AR98A","26",10,2025-11-07 14:24:57,35.95,-74.846167,6.72343051714476
"AR98A","26",11,2025-11-07 14:26:06,35.95,-74.846167,2.17201086478693
"AR98A","27",1,2025-11-08 22:01:42,39.773333,-70.882667,51.6427692269167
"AR98A","27",2,2025-11-08 22:04:20,39.773333,-70.882667,2.57713900438861
"AR98A","28",1,2025-11-08 23:38:25,39.941833,-70.882833,428.806462523673
"AR98A","28",2,2025-11-08 23:44:53,39.941833,-70.882833,111.220403423186
"AR98A","28",3,2025-11-08 23:48:06,39.941833,-70.882833,61.8573060768687
"AR98A","28",4,2025-11-08 23:50:33,39.941833,-70.882833,42.2357293467207
"AR98A","28",5,2025-11-08 23:52:53,39.941833,-70.882833,1.71575454622409
"AR98A","29",1,2025-11-09 01:12:54,40.049667,-70.882667,42.1281655561393
"AR98A","29",2,2025-11-09 01:15:01,40.049667,-70.882667,3.05934185157317
"AR98A","30",1,2025-11-09 02:19:15,40.154833,-70.880167,130.386580694296
"AR98A","30",2,2025-11-09 02:22:08,40.154833,-70.880167,102.75913856831
"AR98A","30",3,2025-11-09 02:25:31,40.154833,-70.880167,52.5844394087178
"AR98A","30",4,2025-11-09 02:27:18,40.154833,-70.880167,32.0763492006314
"AR98A","30",5,2025-11-09 02:29:16,40.154833,-70.880167,1.75541395873798
"AR98A","31",1,2025-11-09 03:34:10,40.259833,-70.884667,62.4298933382134
"AR98A","32",1,2025-11-09 04:39:05,40.366,-70.881667,86.1020604533001
"AR98A","32",2,2025-11-09 04:41:24,40.366,-70.881667,69.8513178274017
"AR98A","32",3,2025-11-09 04:44:09,40.366,-70.881667,42.4057332237332
"AR98A","32",4,2025-11-09 04:46:21,40.366,-70.881667,2.45494813018965
"AR98A","33",1,2025-11-09 06:01:55,40.513167,-70.880667,2.84884995704075
"AR98A","34",1,2025-11-09 07:25:28,40.696333,-70.881667,59.0983230909556
"AR98A","34",2,2025-11-09 07:27:54,40.696333,-70.881667,32.1660419157524
"AR98A","34",3,2025-11-09 07:29:53,40.696333,-70.881667,2.18100934811495
"AR98A","35",1,2025-11-09 08:53:37,40.862833,-70.881833,2.85074357150675
"AR99","2",1,2026-01-13 18:29:20,41.195667,-70.883,17.1331096371302
"AR99","2",2,2026-01-13 18:29:33,41.195667,-70.883,17.0428242520841
"AR99","2",3,2026-01-13 18:29:50,41.195667,-70.883,17.1400546650988
"AR99","2",4,2026-01-13 18:30:02,41.195667,-70.883,16.9753582240599
"AR99","2",5,2026-01-13 18:30:12,41.195667,-70.883,17.202559906206
"AR99","2",6,2026-01-13 18:30:22,41.195667,-70.883,17.1053295228983
"AR99","2",7,2026-01-13 18:30:37,41.195667,-70.883,17.1807326813227
"AR99","2",8,2026-01-13 18:33:47,41.195667,-70.883,9.98158999853076
"AR99","2",9,2026-01-13 18:33:56,41.195667,-70.883,9.9994492657468
"AR99","2",10,2026-01-13 18:34:06,41.195667,-70.883,10.0540192392456
"AR99","2",11,2026-01-13 18:34:25,41.195667,-70.883,10.1016439314931
"AR99","2",12,2026-01-13 18:34:36,41.195667,-70.883,10.1274406351642
"AR99","2",13,2026-01-13 18:34:52,41.195667,-70.883,9.96174636646192
"AR99","2",14,2026-01-13 18:34:59,41.195667,-70.883,9.94487927768982
"AR99","2",15,2026-01-13 18:36:46,41.195667,-70.883,1.87927494312999
"AR99","2",16,2026-01-13 18:36:54,41.195667,-70.883,2.22853638763288
"AR99","2",17,2026-01-13 18:37:02,41.195667,-70.883,2.0737501392301
"AR99","2",18,2026-01-13 18:37:15,41.195667,-70.883,1.89812713860141
"AR99","2",19,2026-01-13 18:37:24,41.195667,-70.883,1.72845731679853
"AR99","2",20,2026-01-13 18:37:40,41.195667,-70.883,2.04199909943693
"AR99","2",21,2026-01-13 18:37:49,41.195667,-70.883,2.10450895432909
"AR99","2",22,2026-01-13 18:37:58,41.195667,-70.883,2.0886334374363
"AR99","2",23,2026-01-13 18:38:11,41.195667,-70.883,1.98345810689572
"AR99","2",24,2026-01-13 18:38:19,41.195667,-70.883,1.89118159310359
"AR99","3",1,2026-01-14 04:35:41,41.041167,-70.881167,36.4656853298108
"AR99","3",2,2026-01-14 04:36:09,41.041167,-70.881167,36.2980259126257
"AR99","3",3,2026-01-14 04:41:07,41.041167,-70.881167,10.431195101344
"AR99","3",4,2026-01-14 04:41:18,41.041167,-70.881167,10.4688984467276
"AR99","3",5,2026-01-14 04:41:27,41.041167,-70.881167,10.07698175407
"AR99","3",6,2026-01-14 04:41:37,41.041167,-70.881167,10.1940607434414
"AR99","3",7,2026-01-14 04:41:56,41.041167,-70.881167,10.4808047648786
"AR99","3",8,2026-01-14 04:42:06,41.041167,-70.881167,10.4778281854058
"AR99","3",9,2026-01-14 04:42:17,41.041167,-70.881167,10.3379289013271
"AR99","3",10,2026-01-14 04:45:05,41.041167,-70.881167,4.01259534887135
"AR99","3",11,2026-01-14 04:45:16,41.041167,-70.881167,4.24179908617056
"AR99","3",12,2026-01-14 04:45:24,41.041167,-70.881167,4.45413478676688
"AR99","3",13,2026-01-14 04:45:34,41.041167,-70.881167,4.19615680398652
"AR99","3",14,2026-01-14 04:45:43,41.041167,-70.881167,4.29240247407704
"AR99","3",15,2026-01-14 04:45:51,41.041167,-70.881167,4.295379143564
"AR99","3",16,2026-01-14 04:46:00,41.041167,-70.881167,4.30430915176494
"AR99","3",17,2026-01-14 04:46:08,41.041167,-70.881167,4.57121699467804
"AR99","4",1,2026-01-14 10:45:11,40.513167,-70.882833,71.1438841773507
"AR99","4",2,2026-01-14 10:45:35,40.513167,-70.882833,71.4970169845725
"AR99","4",3,2026-01-14 10:45:43,40.513167,-70.882833,71.5803403671574
"AR99","4",4,2026-01-14 10:48:46,40.513167,-70.882833,65.0205041581133
"AR99","4",5,2026-01-14 10:48:56,40.513167,-70.882833,65.1008542471329
"AR99","4",6,2026-01-14 10:49:04,40.513167,-70.882833,65.0492714775582
"AR99","4",7,2026-01-14 10:51:51,40.513167,-70.882833,40.29201018277
"AR99","4",8,2026-01-14 10:52:02,40.513167,-70.882833,40.5529313758599
"AR99","4",9,2026-01-14 10:52:09,40.513167,-70.882833,40.5142396610066
"AR99","4",10,2026-01-14 10:54:39,40.513167,-70.882833,20.3340254182191
"AR99","4",11,2026-01-14 10:55:01,40.513167,-70.882833,20.3082283938414
"AR99","4",12,2026-01-14 10:55:09,40.513167,-70.882833,20.2050402638046
"AR99","4",13,2026-01-14 10:57:57,40.513167,-70.882833,2.51345972057705
"AR99","4",14,2026-01-14 10:58:05,40.513167,-70.882833,2.73573023460969
"AR99","4",15,2026-01-14 10:58:12,40.513167,-70.882833,2.84587312304146
"AR99","4",16,2026-01-14 10:58:19,40.513167,-70.882833,2.47178397230491
"AR99","4",17,2026-01-14 10:58:27,40.513167,-70.882833,2.25050545233174
"AR99","4",18,2026-01-14 10:58:34,40.513167,-70.882833,2.1433390875541
"AR99","5",1,2026-01-14 21:58:25,40.046,-70.883333,200.267187615576
"AR99","5",2,2026-01-14 21:58:42,40.046,-70.883333,200.609208170443
"AR99","5",3,2026-01-14 21:58:54,40.046,-70.883333,199.605946260814
"AR99","5",4,2026-01-14 22:05:58,40.046,-70.883333,100.088131640369
"AR99","5",5,2026-01-14 22:09:35,40.046,-70.883333,75.3648037536104
"AR99","5",6,2026-01-14 22:12:38,40.046,-70.883333,45.7008075407393
"AR99","5",7,2026-01-14 22:12:48,40.046,-70.883333,44.9408480284619
"AR99","5",8,2026-01-14 22:13:00,40.046,-70.883333,46.1383286434881
"AR99","5",9,2026-01-14 22:15:43,40.046,-70.883333,33.5937018345875
"AR99","5",10,2026-01-14 22:15:54,40.046,-70.883333,33.6175139393117
"AR99","5",11,2026-01-14 22:16:07,40.046,-70.883333,33.626443477869
"AR99","5",12,2026-01-14 22:18:18,40.046,-70.883333,28.491894511375
"AR99","5",13,2026-01-14 22:18:28,40.046,-70.883333,28.3063538085891
"AR99","5",14,2026-01-14 22:18:39,40.046,-70.883333,29.5694163371135
"AR99","5",15,2026-01-14 22:18:51,40.046,-70.883333,28.4452613024373
"AR99","5",16,2026-01-14 22:21:22,40.046,-70.883333,14.7733352303745
"AR99","5",17,2026-01-14 22:21:34,40.046,-70.883333,14.6820470742016
"AR99","5",18,2026-01-14 22:24:19,40.046,-70.883333,2.83706325713336
"AR99","5",19,2026-01-14 22:24:31,40.046,-70.883333,2.01343579527642
"AR99","5",20,2026-01-14 22:24:43,40.046,-70.883333,3.26872210835899
"AR99","5",21,2026-01-14 22:24:56,40.046,-70.883333,2.18014619984509
"AR99","5",22,2026-01-14 22:25:09,40.046,-70.883333,2.85790198122313
"AR99","5",23,2026-01-14 22:25:21,40.046,-70.883333,3.02858097481467
"AR99","5",24,2026-01-14 22:25:34,40.046,-70.883333,2.06503664930566
"AR99","6",1,2026-01-15 02:19:46,39.942,-70.881833,432.009967138683
"AR99","6",2,2026-01-15 02:27:42,39.942,-70.881833,101.276328509527
"AR99","6",3,2026-01-15 02:32:13,39.942,-70.881833,52.3999360796385
"AR99","6",4,2026-01-15 02:32:25,39.942,-70.881833,52.8116527328247
"AR99","6",5,2026-01-15 02:32:35,39.942,-70.881833,52.7977635098254
"AR99","6",6,2026-01-15 02:32:46,39.942,-70.881833,52.5229551181647
"AR99","6",7,2026-01-15 02:34:57,39.942,-70.881833,44.6297450895794
"AR99","6",8,2026-01-15 02:37:15,39.942,-70.881833,39.0856644912794
"AR99","6",9,2026-01-15 02:37:28,39.942,-70.881833,38.4516772034274
"AR99","6",10,2026-01-15 02:37:38,39.942,-70.881833,39.1580917090441
"AR99","6",11,2026-01-15 02:37:50,39.942,-70.881833,38.7771044133682
"AR99","6",12,2026-01-15 02:38:01,39.942,-70.881833,38.6897947249003
"AR99","6",13,2026-01-15 02:38:11,39.942,-70.881833,39.0380411012494
"AR99","6",14,2026-01-15 02:41:26,39.942,-70.881833,13.5599229236836
"AR99","6",15,2026-01-15 02:41:36,39.942,-70.881833,14.2743615543624
"AR99","6",16,2026-01-15 02:41:48,39.942,-70.881833,13.4735947535301
"AR99","6",17,2026-01-15 02:44:17,39.942,-70.881833,3.74506965726744
"AR99","6",18,2026-01-15 02:44:28,39.942,-70.881833,3.6140826865692
"AR99","6",19,2026-01-15 02:44:37,39.942,-70.881833,4.30870960444519
"AR99","6",20,2026-01-15 02:44:48,39.942,-70.881833,4.27596295986925
"AR99","6",21,2026-01-15 02:44:57,39.942,-70.881833,3.83040960820102
"AR99","6",22,2026-01-15 02:45:07,39.942,-70.881833,2.94029232240183
"AR99","6",23,2026-01-15 02:45:17,39.942,-70.881833,4.20947733202747
"AR99","6",24,2026-01-15 02:45:26,39.942,-70.881833,3.84926377860523
"AR99","7",1,2026-01-15 06:24:15,39.772667,-70.774,40.0486671307428
"AR99","7",2,2026-01-15 06:24:31,39.772667,-70.774,39.8224535153844
"AR99","7",3,2026-01-15 06:27:09,39.772667,-70.774,5.1989008591652
"AR99","7",4,2026-01-15 06:27:19,39.772667,-70.774,5.04409678696179
"AR99","8",1,2026-01-15 07:57:56,39.773833,-70.991667,45.3943744839259
"AR99","8",2,2026-01-15 07:58:06,39.773833,-70.991667,45.4638241613709
"AR99","8",3,2026-01-15 08:00:53,39.773833,-70.991667,2.51362873138527
"AR99","8",4,2026-01-15 08:01:01,39.773833,-70.991667,2.06905708667248
"AR99","9",1,2026-01-15 10:56:14,39.773333,-70.883,501.613162684198
"AR99","9",2,2026-01-15 11:03:41,39.773333,-70.883,350.936840309081
"AR99","9",3,2026-01-15 11:14:50,39.773333,-70.883,101.862088649171
"AR99","9",4,2026-01-15 11:18:09,39.773333,-70.883,57.3036602626858
"AR99","9",5,2026-01-15 11:18:31,39.773333,-70.883,57.0020674912641
"AR99","9",6,2026-01-15 11:18:42,39.773333,-70.883,57.7560485869375
"AR99","9",7,2026-01-15 11:21:07,39.773333,-70.883,33.9735521109885
"AR99","9",8,2026-01-15 11:21:16,39.773333,-70.883,33.7324488707893
"AR99","9",9,2026-01-15 11:21:23,39.773333,-70.883,33.406016459252
"AR99","9",10,2026-01-15 11:23:50,39.773333,-70.883,18.5503102173102
"AR99","9",11,2026-01-15 11:23:59,39.773333,-70.883,18.2456835298761
"AR99","9",12,2026-01-15 11:24:10,39.773333,-70.883,17.7525247063749
"AR99","9",13,2026-01-15 11:24:20,39.773333,-70.883,18.3359800871254
"AR99","9",14,2026-01-15 11:24:27,39.773333,-70.883,18.6594597343645
"AR99","9",15,2026-01-15 11:24:36,39.773333,-70.883,19.110941209107
"AR99","9",16,2026-01-15 11:24:45,39.773333,-70.883,18.6604520024343
"AR99","9",17,2026-01-15 11:27:18,39.773333,-70.883,2.71011333584775
"AR99","9",18,2026-01-15 11:27:25,39.773333,-70.883,2.69622049929158
"AR99","9",19,2026-01-15 11:27:33,39.773333,-70.883,2.95323782283461
"AR99","9",20,2026-01-15 11:27:41,39.773333,-70.883,2.9512531343148
"AR99","9",21,2026-01-15 11:27:49,39.773333,-70.883,2.88873543608341
"AR99","9",22,2026-01-15 11:27:56,39.773333,-70.883,2.71110568127994
"AR99","9",23,2026-01-15 11:28:04,39.773333,-70.883,2.46698855988109
"AR99","9",24,2026-01-15 11:28:10,39.773333,-70.883,2.08096536273369
"AR99","10",1,2026-01-15 22:30:32,40.361833,-70.888167,83.0163057266129
"AR99","10",2,2026-01-15 22:36:26,40.361833,-70.888167,44.4008524109366
"AR99","10",3,2026-01-15 22:36:37,40.361833,-70.888167,44.9246753611991
"AR99","10",4,2026-01-15 22:36:49,40.361833,-70.888167,43.8046053382157
"AR99","10",5,2026-01-15 22:39:48,40.361833,-70.888167,30.6043812711347
"AR99","10",6,2026-01-15 22:39:58,40.361833,-70.888167,29.9108623070472
"AR99","10",7,2026-01-15 22:40:07,40.361833,-70.888167,29.3582282024382
"AR99","10",8,2026-01-15 22:40:17,40.361833,-70.888167,30.2154553317833
"AR99","10",9,2026-01-15 22:40:26,40.361833,-70.888167,30.086474627464
"AR99","10",10,2026-01-15 22:40:38,40.361833,-70.888167,30.6996283272836
"AR99","10",11,2026-01-15 22:43:38,40.361833,-70.888167,23.5787964897912
"AR99","10",12,2026-01-15 22:45:37,40.361833,-70.888167,16.2056913629212
"AR99","10",13,2026-01-15 22:45:46,40.361833,-70.888167,15.9883935597886
"AR99","10",14,2026-01-15 22:45:56,40.361833,-70.888167,16.0776940547639
"AR99","10",15,2026-01-15 22:48:13,40.361833,-70.888167,1.82384936823863
"AR99","10",16,2026-01-15 22:48:22,40.361833,-70.888167,1.68195089855967
"AR99","10",17,2026-01-15 22:48:31,40.361833,-70.888167,2.67821499650457
"AR99","10",18,2026-01-15 22:48:40,40.361833,-70.888167,2.01933171419192
"AR99","10",19,2026-01-15 22:48:49,40.361833,-70.888167,2.18603732354504
"AR99","10",20,2026-01-15 22:48:58,40.361833,-70.888167,2.68714562882391
"AR99","10",21,2026-01-15 22:49:07,40.361833,-70.888167,2.42617254580828
"AR99","10",22,2026-01-15 22:49:16,40.361833,-70.888167,2.10665371698933
"AR99","10",23,2026-01-15 22:49:25,40.361833,-70.888167,2.78240568263409
"AR99","10",24,2026-01-15 22:49:34,40.361833,-70.888167,2.75660608910795
"AR99","11",1,2026-01-16 01:54:33,40.362833,-70.7695,35.8061913972085
"AR99","11",2,2026-01-16 01:54:44,40.362833,-70.7695,35.9510425826269
"AR99","11",3,2026-01-16 01:57:16,40.362833,-70.7695,2.81713564300201
"AR99","11",4,2026-01-16 01:57:25,40.362833,-70.7695,2.93124916095398
"AR99","12",1,2026-01-16 03:59:41,40.362,-70.990667,46.8909829299708
"AR99","12",2,2026-01-16 03:59:52,40.362,-70.990667,47.1171766134587
"AR99","12",3,2026-01-16 04:02:54,40.362,-70.990667,2.77545959633383
"AR99","12",4,2026-01-16 04:03:04,40.362,-70.990667,2.92430334438427
"AR99","13",1,2026-01-16 05:58:42,40.257333,-70.882333,112.013607600236
"AR99","13",2,2026-01-16 05:58:56,40.257333,-70.882333,111.492926523078
"AR99","13",3,2026-01-16 05:59:05,40.257333,-70.882333,111.849965118505
"AR99","13",4,2026-01-16 06:03:23,40.257333,-70.882333,66.0636162593736
"AR99","13",5,2026-01-16 06:04:10,40.257333,-70.882333,67.0079930085371
"AR99","13",6,2026-01-16 06:08:26,40.257333,-70.882333,53.5829509800288
"AR99","13",7,2026-01-16 06:08:37,40.257333,-70.882333,52.4381161536097
"AR99","13",8,2026-01-16 06:08:49,40.257333,-70.882333,53.4033889218707
"AR99","13",9,2026-01-16 06:11:14,40.257333,-70.882333,41.5152366572392
"AR99","13",10,2026-01-16 06:11:27,40.257333,-70.882333,39.9457068991223
"AR99","13",11,2026-01-16 06:11:40,40.257333,-70.882333,41.3574905314892
"AR99","13",12,2026-01-16 06:11:49,40.257333,-70.882333,41.4110647010367
"AR99","13",13,2026-01-16 06:11:59,40.257333,-70.882333,41.3991593312379
"AR99","13",14,2026-01-16 06:14:31,40.257333,-70.882333,20.1003360441278
"AR99","13",15,2026-01-16 06:17:37,40.257333,-70.882333,4.82259373187208
"AR99","13",16,2026-01-16 06:17:46,40.257333,-70.882333,4.79977102520375
"AR99","13",17,2026-01-16 06:17:54,40.257333,-70.882333,4.40285398024425
"AR99","13",18,2026-01-16 06:18:03,40.257333,-70.882333,4.39590792510014
"AR99","13",19,2026-01-16 06:18:12,40.257333,-70.882333,4.11111946109899
"AR99","13",20,2026-01-16 06:18:21,40.257333,-70.882333,3.27362077458786
"AR99","14",1,2026-01-16 07:39:03,40.151667,-70.8835,128.563878617065
"AR99","14",2,2026-01-16 07:41:48,40.151667,-70.8835,99.7628382712555
"AR99","14",3,2026-01-16 07:45:18,40.151667,-70.8835,60.0238486752448
"AR99","14",4,2026-01-16 07:48:25,40.151667,-70.8835,54.4892191554653
"AR99","14",5,2026-01-16 07:48:42,40.151667,-70.8835,53.7521170379751
"AR99","14",6,2026-01-16 07:48:54,40.151667,-70.8835,53.7144186080126
"AR99","14",7,2026-01-16 07:51:56,40.151667,-70.8835,39.8994607766735
"AR99","14",8,2026-01-16 07:54:05,40.151667,-70.8835,30.9710792872701
"AR99","14",9,2026-01-16 07:54:23,40.151667,-70.8835,30.7567695331308
"AR99","14",10,2026-01-16 07:54:36,40.151667,-70.8835,29.8360287768319
"AR99","14",11,2026-01-16 07:54:46,40.151667,-70.8835,30.3013605604284
"AR99","14",12,2026-01-16 07:54:58,40.151667,-70.8835,31.388784227902
"AR99","14",13,2026-01-16 07:55:07,40.151667,-70.8835,31.0554140826894
"AR99","14",14,2026-01-16 07:55:18,40.151667,-70.8835,30.2656421667692
"AR99","14",15,2026-01-16 07:58:22,40.151667,-70.8835,17.879913260868
"AR99","14",16,2026-01-16 07:58:32,40.151667,-70.8835,17.8183945114068
"AR99","14",17,2026-01-16 08:01:02,40.151667,-70.8835,5.56388765798263
"AR99","14",18,2026-01-16 08:01:12,40.151667,-70.8835,5.74150883026747
"AR99","14",19,2026-01-16 08:01:23,40.151667,-70.8835,4.37411951606244
"AR99","14",20,2026-01-16 08:01:32,40.151667,-70.8835,3.96925938756061
"AR99","14",21,2026-01-16 08:01:40,40.151667,-70.8835,3.8025520429059
"AR99","14",22,2026-01-16 08:01:49,40.151667,-70.8835,3.7836982275179
"AR99","14",23,2026-01-16 08:01:57,40.151667,-70.8835,3.88590573221699
"AR99","14",24,2026-01-16 08:02:07,40.151667,-70.8835,4.13001276980018
"AR99","15",1,2026-01-16 15:58:25,40.696167,-70.772333,35.099718011921
"AR99","15",2,2026-01-16 15:58:32,40.696167,-70.772333,35.2574626513728
"AR99","15",3,2026-01-16 15:58:43,40.696167,-70.772333,34.256426996516
"AR99","15",4,2026-01-16 15:58:49,40.696167,-70.772333,34.17308981339
"AR99","15",5,2026-01-16 15:58:56,40.696167,-70.772333,34.0867762665204
"AR99","15",6,2026-01-16 15:59:05,40.696167,-70.772333,34.111579013601
"AR99","15",7,2026-01-16 15:59:13,40.696167,-70.772333,34.4449276426834
"AR99","15",8,2026-01-16 15:59:21,40.696167,-70.772333,34.5272726073105
"AR99","15",9,2026-01-16 15:59:28,40.696167,-70.772333,34.8774863638779
"AR99","15",10,2026-01-16 15:59:36,40.696167,-70.772333,34.9360206160129
"AR99","15",11,2026-01-16 15:59:44,40.696167,-70.772333,34.573901668973
"AR99","15",12,2026-01-16 15:59:52,40.696167,-70.772333,34.1463028544641
"AR99","15",13,2026-01-16 16:00:03,40.696167,-70.772333,34.1353896479705
"AR99","15",14,2026-01-16 16:01:31,40.696167,-70.772333,5.34333244849403
"AR99","15",15,2026-01-16 16:01:41,40.696167,-70.772333,2.59478333142888
"AR99","15",16,2026-01-16 16:02:46,40.696167,-70.772333,0.463392019074883
"AR99","15",17,2026-01-16 16:02:53,40.696167,-70.772333,0.788857306292242
"AR99","16",1,2026-01-16 18:40:34,40.695833,-70.990667,4.30841390825858
"AR99","16",2,2026-01-16 18:40:42,40.695833,-70.990667,4.20323491663351
"AR99","17",1,2026-01-16 19:47:20,40.696,-70.883333,56.3534736236697
"AR99","17",2,2026-01-16 19:47:28,40.696,-70.883333,57.0161299180958
"AR99","17",3,2026-01-16 19:49:32,40.696,-70.883333,43.2328341342149
"AR99","17",4,2026-01-16 19:49:39,40.696,-70.883333,42.8707298603649
"AR99","17",5,2026-01-16 19:49:46,40.696,-70.883333,42.8270788909381
"AR99","17",6,2026-01-16 19:49:53,40.696,-70.883333,43.0760877052585
"AR99","17",7,2026-01-16 19:52:13,40.696,-70.883333,25.4929398836397
"AR99","17",8,2026-01-16 19:52:20,40.696,-70.883333,25.6169587989478
"AR99","17",9,2026-01-16 19:52:27,40.696,-70.883333,25.8114203068177
"AR99","17",10,2026-01-16 19:52:33,40.696,-70.883333,25.4988927932919
"AR99","17",11,2026-01-16 19:52:44,40.696,-70.883333,26.126923788679
"AR99","17",12,2026-01-16 19:54:31,40.696,-70.883333,11.8702446012613
"AR99","17",13,2026-01-16 19:54:37,40.696,-70.883333,11.7184352388491
"AR99","17",14,2026-01-16 19:54:44,40.696,-70.883333,11.852384682119
"AR99","17",15,2026-01-16 19:54:51,40.696,-70.883333,11.8702446012613
"AR99","17",16,2026-01-16 19:56:28,40.696,-70.883333,5.19945632396886
"AR99","17",17,2026-01-16 19:56:34,40.696,-70.883333,4.4324456009734
"AR99","17",18,2026-01-16 19:56:41,40.696,-70.883333,4.43145334720497
"AR99","17",19,2026-01-16 19:56:49,40.696,-70.883333,5.491177629199
"AR99","17",20,2026-01-16 19:56:57,40.696,-70.883333,5.00695972463663
"AR99","17",21,2026-01-16 19:57:04,40.696,-70.883333,4.69440042745707
"AR99","17",22,2026-01-16 19:57:12,40.696,-70.883333,4.64974906029835
"AR99","17",23,2026-01-16 19:57:20,40.696,-70.883333,4.60608993631808
"AR99","17",24,2026-01-16 19:57:27,40.696,-70.883333,4.69340817495944
"AR99","18",1,2026-01-16 22:45:00,40.863167,-70.8815,46.1557263949762
"AR99","18",2,2026-01-16 22:46:28,40.863167,-70.8815,46.05553070209
"AR99","18",3,2026-01-16 22:50:18,40.863167,-70.8815,35.2301388158325
"AR99","18",4,2026-01-16 22:50:32,40.863167,-70.8815,35.1378744924006
"AR99","18",5,2026-01-16 22:50:42,40.863167,-70.8815,35.0793411903793
"AR99","18",6,2026-01-16 22:53:47,40.863167,-70.8815,20.2192775402114
"AR99","18",7,2026-01-16 22:53:58,40.863167,-70.8815,20.3204780447931
"AR99","18",8,2026-01-16 22:54:10,40.863167,-70.8815,19.563457370761
"AR99","18",9,2026-01-16 22:54:23,40.863167,-70.8815,20.0962494084014
"AR99","18",10,2026-01-16 22:54:33,40.863167,-70.8815,19.9196443801934
"AR99","18",11,2026-01-16 22:54:43,40.863167,-70.8815,20.2272148364974
"AR99","18",12,2026-01-16 22:58:35,40.863167,-70.8815,2.2682940776796
"AR99","18",13,2026-01-16 22:58:45,40.863167,-70.8815,2.2990537982341
"AR99","18",14,2026-01-16 22:58:54,40.863167,-70.8815,2.50345698505257
"AR99","18",15,2026-01-16 22:59:03,40.863167,-70.8815,2.78624746495438
"AR99","18",16,2026-01-16 22:59:13,40.863167,-70.8815,1.91802983671124
"AR99","18",17,2026-01-16 22:59:21,40.863167,-70.8815,2.06984415644954
"AR99","18",18,2026-01-16 22:59:30,40.863167,-70.8815,1.70271129454573
"AR99","18",19,2026-01-16 22:59:40,40.863167,-70.8815,2.56199960772259
"AR99","18",20,2026-01-16 22:59:49,40.863167,-70.8815,1.67988950029236
"AR99","19",1,2026-01-17 04:38:43,40.247667,-70.902167,36.916770867188
"AR99","19",2,2026-01-17 04:41:44,40.247667,-70.902167,3.03844843660966
"AR99","20",1,2026-01-17 08:07:11,40.152667,-70.883,39.1761924457439
"AR99","20",2,2026-01-17 08:07:25,40.152667,-70.883,40.0661350705492
"AR99","20",3,2026-01-17 08:09:03,40.152667,-70.883,32.5466430000425
"AR99","20",4,2026-01-17 08:09:14,40.152667,-70.883,32.5714471620302
"AR99","20",5,2026-01-17 08:11:20,40.152667,-70.883,14.8892854849106
"AR99","20",6,2026-01-17 08:11:34,40.152667,-70.883,14.5916096206194
"AR99","20",7,2026-01-17 08:13:16,40.152667,-70.883,3.53264430408689
"AR99","20",8,2026-01-17 08:13:29,40.152667,-70.883,3.37288277501166
"AR99","21",1,2026-01-18 03:12:05,41.040167,-70.659,20.2973301150581
"AR99","21",2,2026-01-18 03:12:14,41.040167,-70.659,20.5294920611591
"AR99","21",3,2026-01-18 03:14:08,41.040167,-70.659,2.81894601743368
"AR99","21",4,2026-01-18 03:14:17,41.040167,-70.659,3.34085854636316
"AR99","22",1,2026-01-18 05:14:11,41.039833,-70.9945,18.8716124507554
"AR99","22",2,2026-01-18 05:14:22,41.039833,-70.9945,18.963882619508
"AR99","22",3,2026-01-18 05:16:04,41.039833,-70.9945,3.96397682457499
"AR99","22",4,2026-01-18 05:16:12,41.039833,-70.9945,3.23171354948373
"AR99","23",1,2026-01-18 06:14:24,41.039667,-70.883333,20.255660919933
"AR99","23",2,2026-01-18 06:14:33,41.039667,-70.883333,20.2447473149714
"AR99","23",3,2026-01-18 06:16:07,41.039667,-70.883333,2.87252658374189
"AR99","23",4,2026-01-18 06:16:16,41.039667,-70.883333,2.9399982257949
"AR99","24",1,2026-01-18 09:08:23,41.315,-70.570333,13.0244459940201
"AR99","24",2,2026-01-18 09:08:31,41.315,-70.570333,13.0472655799036
"AR99","24",3,2026-01-18 09:08:42,41.315,-70.570333,12.8279990189546
"AR99","24",4,2026-01-18 09:11:07,41.315,-70.570333,2.26522376181992
"AR99","24",5,2026-01-18 09:11:15,41.315,-70.570333,2.3376549442773
"AR99","24",6,2026-01-18 09:11:23,41.315,-70.570333,2.53907302913756
"AR99","24",7,2026-01-18 09:11:32,41.315,-70.570333,1.97152993718973
"AR99","24",8,2026-01-18 09:11:41,41.315,-70.570333,2.16004967039252
"AR99","24",9,2026-01-18 09:11:50,41.315,-70.570333,1.87528558533957
"AR99","24",10,2026-01-18 09:11:58,41.315,-70.570333,1.67188242468815
"AR99","24",11,2026-01-18 09:12:06,41.315,-70.570333,1.68180453477919
"AR99","24",12,2026-01-18 09:12:14,41.315,-70.570333,1.91695840304073
"AR99","25",1,2026-01-18 11:54:41,41.196833,-70.9945,27.1346948644148
"AR99","25",2,2026-01-18 11:54:48,41.196833,-70.9945,26.961077594401
"AR99","25",3,2026-01-18 11:57:00,41.196833,-70.9945,16.5566697280917
"AR99","25",4,2026-01-18 11:57:08,41.196833,-70.9945,16.7947854837359
"AR99","25",5,2026-01-18 11:59:41,41.196833,-70.9945,2.20174623359341
"AR99","25",6,2026-01-18 11:59:51,41.196833,-70.9945,1.73540268274329
"HRS2601","1",1,2026-04-23 14:25:51,40.69768,-70.88566,47.312
"HRS2601","1",2,2026-04-23 14:26:02,40.69768,-70.88566,48.062
"HRS2601","1",3,2026-04-23 14:28:29,40.69774,-70.88581,43.876
"HRS2601","1",4,2026-04-23 14:28:43,40.69776,-70.88582,43.976
"HRS2601","1",5,2026-04-23 14:29:03,40.69776,-70.88582,44.069
"HRS2601","1",6,2026-04-23 14:31:19,40.69786,-70.886,39.647
"HRS2601","1",7,2026-04-23 14:31:37,40.69786,-70.88602,39.473
"HRS2601","1",8,2026-04-23 14:35:19,40.69808,-70.88602,19.731
"HRS2601","1",9,2026-04-23 14:35:27,40.69808,-70.886,20.255
"HRS2601","1",10,2026-04-23 14:40:52,40.69842,-70.88586,2.134
"HRS2601","1",11,2026-04-23 14:41:01,40.69842,-70.88586,1.696
"HRS2601","1",12,2026-04-23 14:41:11,40.69842,-70.88586,2.178
"HRS2601","1",13,2026-04-23 14:41:19,40.69842,-70.88586,1.636
"HRS2601","1",14,2026-04-23 14:41:26,40.69844,-70.88588,2.083
"HRS2601","1",15,2026-04-23 14:41:33,40.69844,-70.88588,2.294
"HRS2601","1",16,2026-04-23 14:41:39,40.69846,-70.88588,2.239
"HRS2601","1",17,2026-04-23 14:41:46,40.69846,-70.88588,2.333
"HRS2601","1",18,2026-04-23 14:41:53,40.69848,-70.88588,2.133
"HRS2601","1",19,2026-04-23 14:41:59,40.69848,-70.8859,1.935
"HRS2601","1",20,2026-04-23 14:42:05,40.69848,-70.8859,2.085
"HRS2601","1",21,2026-04-23 14:42:11,40.69848,-70.88589,1.927
"HRS2601","1",22,2026-04-23 14:42:17,40.69848,-70.8859,2.118
"HRS2601","1",23,2026-04-23 14:42:23,40.6985,-70.8859,2.152
"HRS2601","1",24,2026-04-23 14:42:31,40.6985,-70.8859,2.204
"HRS2601","2",1,2026-04-23 19:21:24,40.517,-70.88004,63.412
"HRS2601","2",2,2026-04-23 19:21:32,40.517,-70.88004,64.004
"HRS2601","2",3,2026-04-23 19:23:55,40.51688,-70.8796,51.918
"HRS2601","2",4,2026-04-23 19:24:00,40.51687,-70.87956,52.632
"HRS2601","2",5,2026-04-23 19:26:04,40.5166,-70.87938,43.595
"HRS2601","2",6,2026-04-23 19:26:11,40.5166,-70.87938,43.457
"HRS2601","2",7,2026-04-23 19:29:01,40.51638,-70.87896,20.386
"HRS2601","2",8,2026-04-23 19:29:09,40.51636,-70.87896,19.459
"HRS2601","2",9,2026-04-23 19:31:53,40.51608,-70.87864,2.804
"HRS2601","2",10,2026-04-23 19:32:02,40.51608,-70.8786,2.806
"HRS2601","2",11,2026-04-23 19:32:10,40.51606,-70.87858,3.627
"HRS2601","2",12,2026-04-23 19:32:18,40.51604,-70.87856,3.652
"HRS2601","3",1,2026-04-24 05:28:00,39.9382,-70.87932,436.04
"HRS2601","3",2,2026-04-24 05:49:48,39.9362,-70.87802,99.947
"HRS2601","3",3,2026-04-24 05:55:13,39.93586,-70.87733,36.894
"HRS2601","3",4,2026-04-24 05:55:22,39.93585,-70.87732,37.371
"HRS2601","3",5,2026-04-24 05:57:31,39.93572,-70.87712,27.387
"HRS2601","3",6,2026-04-24 05:59:41,39.93558,-70.87688,20.047
"HRS2601","3",7,2026-04-24 05:59:50,39.93556,-70.87686,20.786
"HRS2601","3",8,2026-04-24 05:59:58,39.93556,-70.87684,20.578
"HRS2601","3",9,2026-04-24 06:00:06,39.93556,-70.87682,20.896
"HRS2601","3",10,2026-04-24 06:00:15,39.93554,-70.8768,20.203
"HRS2601","3",11,2026-04-24 06:03:25,39.93538,-70.87642,2.079
"HRS2601","3",12,2026-04-24 06:03:35,39.93536,-70.8764,1.961
"HRS2601","3",13,2026-04-24 06:03:44,39.93536,-70.8764,1.969
"HRS2601","3",14,2026-04-24 06:03:53,39.93536,-70.87638,1.997
"HRS2601","4",1,2026-04-24 10:27:17,39.78144,-70.79755,25.422
"HRS2601","4",2,2026-04-24 10:27:26,39.78146,-70.79761,25.92
"HRS2601","4",3,2026-04-24 10:30:41,39.7819,-70.79852,2.468
"HRS2601","4",4,2026-04-24 10:30:49,39.7819,-70.79856,2.487
"HRS2601","7",1,2026-04-24 20:52:43,40.0504,-70.88475,192.378
"HRS2601","7",2,2026-04-24 20:52:52,40.05042,-70.88478,192.099
"HRS2601","7",3,2026-04-24 21:03:53,40.0512,-70.88714,100.266
"HRS2601","7",4,2026-04-24 21:10:31,40.0518,-70.8887,43.297
"HRS2601","7",5,2026-04-24 21:13:14,40.05202,-70.88948,30.63
"HRS2601","7",6,2026-04-24 21:13:23,40.05204,-70.8895,30.096
"HRS2601","7",7,2026-04-24 21:15:52,40.05243,-70.88966,16.681
"HRS2601","7",8,2026-04-24 21:16:01,40.05244,-70.8897,16.82
"HRS2601","7",9,2026-04-24 21:18:38,40.05252,-70.89061,1.931
"HRS2601","7",10,2026-04-24 21:18:47,40.05252,-70.89067,2.068
"HRS2601","7",11,2026-04-24 21:18:56,40.05252,-70.89072,2.131
"HRS2601","8",1,2026-04-25 04:25:13,40.35069,-70.88498,88.597
"HRS2601","8",2,2026-04-25 04:25:24,40.35072,-70.88502,88.16
"HRS2601","8",3,2026-04-25 04:27:29,40.35101,-70.88562,74.932
"HRS2601","8",4,2026-04-25 04:30:52,40.35151,-70.8866,45.262
"HRS2601","8",5,2026-04-25 04:31:06,40.35154,-70.88666,45.218
"HRS2601","8",6,2026-04-25 04:32:56,40.35182,-70.88721,29.626
"HRS2601","8",7,2026-04-25 04:34:18,40.35204,-70.88756,20.009
"HRS2601","8",8,2026-04-25 04:34:27,40.35208,-70.8876,20.228
"HRS2601","8",9,2026-04-25 04:36:43,40.35244,-70.88822,2.228
"HRS2601","8",10,2026-04-25 04:36:51,40.35246,-70.88826,1.835
"HRS2601","8",11,2026-04-25 04:37:01,40.35248,-70.8883,2.026
"HRS2601","9",1,2026-04-25 08:47:25,40.15804,-70.88272,130.358
"HRS2601","9",2,2026-04-25 08:51:06,40.15802,-70.88332,99.127
"HRS2601","9",3,2026-04-25 08:54:28,40.15796,-70.88394,64.935
"HRS2601","9",4,2026-04-25 08:58:27,40.15796,-70.88468,37.612
"HRS2601","9",5,2026-04-25 09:01:45,40.15782,-70.88536,27.873
"HRS2601","9",6,2026-04-25 09:05:32,40.15767,-70.88604,14.797
"HRS2601","9",7,2026-04-25 09:05:44,40.15764,-70.88608,15.175
"HRS2601","9",8,2026-04-25 09:05:58,40.15763,-70.88612,15.305
"HRS2601","9",9,2026-04-25 09:08:25,40.1574,-70.88667,2.047
"HRS2601","9",10,2026-04-25 09:08:33,40.15739,-70.88671,2.301
"HRS2601","9",11,2026-04-25 09:08:42,40.15738,-70.88676,1.742
"HRS2601","10",1,2026-04-25 11:49:33,40.25914,-70.88304,115.097
"HRS2601","10",2,2026-04-25 11:54:45,40.2591,-70.8842,45.082
"HRS2601","10",3,2026-04-25 11:57:13,40.2591,-70.88468,35.568
"HRS2601","10",4,2026-04-25 11:57:22,40.2591,-70.8847,35.792
"HRS2601","10",5,2026-04-25 12:00:16,40.2591,-70.8853,25.752
"HRS2601","10",6,2026-04-25 12:00:23,40.2591,-70.88534,25.934
"HRS2601","10",7,2026-04-25 12:00:30,40.25908,-70.88536,25.954
"HRS2601","10",8,2026-04-25 12:00:38,40.25908,-70.88539,25.838
"HRS2601","10",9,2026-04-25 12:04:35,40.25892,-70.8864,1.544
"HRS2601","10",10,2026-04-25 12:04:44,40.25892,-70.88644,1.237
"HRS2601","10",11,2026-04-25 12:04:53,40.25892,-70.88648,1.537
"HRS2601","11",1,2026-04-26 02:24:39,40.8669,-70.89352,44.16
"HRS2601","11",2,2026-04-26 02:24:49,40.8669,-70.89354,44.111
"HRS2601","11",3,2026-04-26 02:26:40,40.86688,-70.89388,35.235
"HRS2601","11",4,2026-04-26 02:26:50,40.86688,-70.8939,34.803
"HRS2601","11",5,2026-04-26 02:29:12,40.86688,-70.89434,22.107
"HRS2601","11",6,2026-04-26 02:29:21,40.86688,-70.89436,22.379
"HRS2601","11",7,2026-04-26 02:29:30,40.86688,-70.8944,22.751
"HRS2601","11",8,2026-04-26 02:32:51,40.86692,-70.89498,1.322
"HRS2601","11",9,2026-04-26 02:33:00,40.86692,-70.89501,1.439
"HRS2601","11",10,2026-04-26 02:33:08,40.86692,-70.89504,1.866
"HRS2601","11",11,2026-04-26 02:33:17,40.86692,-70.89506,1.229
"HRS2601","12",1,2026-04-26 07:31:59,40.36464,-70.78171,24.256
"HRS2601","12",2,2026-04-26 07:35:13,40.36516,-70.78268,14.47
"HRS2601","12",3,2026-04-26 07:35:30,40.36522,-70.78275,14.326
"HRS2601","12",4,2026-04-26 07:38:11,40.36562,-70.78342,1.88
"HRS2601","12",5,2026-04-26 07:38:23,40.36563,-70.7835,2.004
"HRS2601","13",1,2026-04-26 09:14:48,40.3644,-70.9919,14.774
"HRS2601","13",2,2026-04-26 09:14:59,40.36444,-70.99194,14.786
"HRS2601","13",3,2026-04-26 09:17:01,40.36462,-70.9923,2.872
"HRS2601","13",4,2026-04-26 09:17:10,40.36464,-70.99232,2.716
"HRS2601","15",1,2026-04-26 21:01:54,41.04382,-70.88336,35.118
"HRS2601","15",2,2026-04-26 21:02:59,41.04382,-70.88372,34.762
"HRS2601","15",3,2026-04-26 21:05:17,41.04384,-70.88454,24.569
"HRS2601","15",4,2026-04-26 21:05:26,41.04384,-70.8846,24.044
"HRS2601","15",5,2026-04-26 21:07:29,41.04388,-70.88532,14.319
"HRS2601","15",6,2026-04-26 21:07:37,41.04388,-70.88538,14.807
"HRS2601","15",7,2026-04-26 21:07:44,41.04388,-70.88544,14.802
"HRS2601","15",8,2026-04-26 21:09:38,41.04394,-70.88616,2.774
"HRS2601","15",9,2026-04-26 21:09:46,41.04394,-70.8862,2.421
"HRS2601","15",10,2026-04-26 21:09:54,41.04394,-70.88625,2.331
"HRS2601","15",11,2026-04-26 21:10:03,41.04396,-70.88631,2.488
"HRS2601","16",1,2026-04-26 23:30:28,41.03704,-70.65776,40.235
"HRS2601","16",2,2026-04-26 23:30:37,41.03702,-70.65778,40.038
"HRS2601","16",3,2026-04-26 23:33:12,41.03688,-70.65798,21.465
"HRS2601","16",4,2026-04-26 23:33:22,41.03688,-70.658,21.208
"HRS2601","16",5,2026-04-26 23:35:35,41.03674,-70.65826,2.03
"HRS2601","16",6,2026-04-26 23:35:44,41.03674,-70.65827,1.476
"HRS2601","17",1,2026-04-27 00:29:16,41.03872,-70.77456,38.747
"HRS2601","17",2,2026-04-27 00:29:24,41.0387,-70.77456,38.86
"HRS2601","17",3,2026-04-27 00:31:36,41.03856,-70.77474,15.566
"HRS2601","17",4,2026-04-27 00:31:46,41.03856,-70.77476,15.026
"HRS2601","17",5,2026-04-27 00:34:11,41.03838,-70.77506,1.202
"HRS2601","17",6,2026-04-27 00:34:19,41.03838,-70.77507,1.458
"HRS2601","18",1,2026-04-27 01:24:15,41.03843,-70.88493,1.791
"HRS2601","18",2,2026-04-27 01:24:24,41.03842,-70.88496,2.14
"HRS2601","18",3,2026-04-27 01:24:32,41.03842,-70.88498,1.725
"HRS2601","19",1,2026-04-27 02:51:24,41.19692,-70.88534,15.428
"HRS2601","19",2,2026-04-27 02:51:34,41.1969,-70.88536,15.277
"HRS2601","19",3,2026-04-27 02:53:34,41.19672,-70.88558,8.665
"HRS2601","19",4,2026-04-27 02:53:45,41.1967,-70.88558,9.146
"HRS2601","19",5,2026-04-27 02:53:55,41.19668,-70.88561,8.895
"HRS2601","19",6,2026-04-27 02:54:06,41.19666,-70.88564,8.821
"HRS2601","19",7,2026-04-27 02:55:37,41.19652,-70.88581,1.949
"HRS2601","19",8,2026-04-27 02:55:47,41.19651,-70.88583,1.705
"HRS2601","19",9,2026-04-27 02:55:56,41.19649,-70.88586,2.007
"HRS2601","19",10,2026-04-27 02:56:04,41.19648,-70.88586,1.95
"HRS2601","19",11,2026-04-27 02:56:24,41.19646,-70.8859,2.006
"HRS2601","20",1,2026-04-27 05:38:55,41.31308,-70.56832,14.358
"HRS2601","20",2,2026-04-27 05:39:04,41.31308,-70.56834,13.834
"HRS2601","20",3,2026-04-27 05:39:14,41.31306,-70.56838,14.551
"HRS2601","20",4,2026-04-27 05:39:22,41.31305,-70.5684,13.977
"HRS2601","20",5,2026-04-27 05:41:05,41.31294,-70.56874,8.539
"HRS2601","20",6,2026-04-27 05:41:13,41.31293,-70.56877,8.288
"HRS2601","20",7,2026-04-27 05:41:22,41.31292,-70.5688,8.212
"HRS2601","20",8,2026-04-27 05:43:02,41.3128,-70.56914,1.484
"HRS2601","20",9,2026-04-27 05:43:10,41.3128,-70.56918,1.609
"HRS2601","20",10,2026-04-27 05:43:18,41.31278,-70.5692,1.337
"HRS2601","20",11,2026-04-27 05:43:27,41.31278,-70.56924,2.138
"HRS2601","21",1,2026-04-27 08:59:20,41.1962,-70.9925,10.849
"HRS2601","21",2,2026-04-27 08:59:56,41.19613,-70.99251,10.67
"HRS2601","21",3,2026-04-27 09:01:43,41.196,-70.99252,1.303
"HRS2601","21",4,2026-04-27 09:01:52,41.19598,-70.99252,1.716
"AR100","1",1,2026-04-25 23:26:47,40.364833,-70.883,90.0973551881825
"AR100","1",2,2026-04-25 23:29:32,40.364833,-70.883,70.1598266352432
"AR100","1",3,2026-04-25 23:31:43,40.364833,-70.883,50.2203570279341
"AR100","1",4,2026-04-25 23:33:36,40.364833,-70.883,29.9683994163826
"AR100","1",5,2026-04-25 23:35:21,40.364833,-70.883,10.2036201059272
"AR100","2",1,2026-04-27 22:43:39,35.727667,-74.759833,1200.37066604648
"AR100","2",2,2026-04-27 22:44:26,35.727667,-74.759833,1202.24789054138
"AR100","2",3,2026-04-27 22:50:13,35.727667,-74.759833,999.806444061185
"AR100","2",4,2026-04-27 22:56:00,35.727667,-74.759833,799.140277644772
"AR100","2",5,2026-04-27 23:01:07,35.727667,-74.759833,599.486823740248
"AR100","2",6,2026-04-27 23:07:05,35.727667,-74.759833,349.323327095283
"AR100","2",7,2026-04-27 23:11:22,35.727667,-74.759833,200.510090109855
"AR100","2",8,2026-04-27 23:15:00,35.727667,-74.759833,81.2705077974682
"AR100","2",9,2026-04-27 23:17:25,35.727667,-74.759833,42.4153924118589
"AR100","3",1,2026-04-28 18:25:47,35.950167,-75.125,27.745009857837
"AR100","3",2,2026-04-28 18:26:17,35.950167,-75.125,27.6457535300753
"AR100","3",3,2026-04-28 18:28:06,35.950167,-75.125,25.9454851623838
"AR100","3",4,2026-04-28 18:28:40,35.950167,-75.125,25.7251341125661
"AR100","3",5,2026-04-28 18:30:49,35.950167,-75.125,7.42822134605043
"AR100","3",6,2026-04-28 18:31:13,35.950167,-75.125,7.45403054520382
"AR100","3",7,2026-04-28 18:32:44,35.950167,-75.125,4.85721173222533
"AR100","3",8,2026-04-28 18:33:08,35.950167,-75.125,5.11530682005913
"AR100","4",1,2026-04-29 15:55:17,36.178667,-74.742333,500.489095745605
"AR100","4",2,2026-04-29 16:02:32,36.178667,-74.742333,200.742154043727
"AR100","4",3,2026-04-29 16:06:52,36.178667,-74.742333,101.414625972788
"AR100","4",4,2026-04-29 16:10:03,36.178667,-74.742333,51.6325801020569
"AR100","4",5,2026-04-29 16:12:29,36.178667,-74.742333,28.3747171658298
"AR100","4",6,2026-04-29 16:14:39,36.178667,-74.742333,4.74395168742798
"AR100","5",1,2026-04-29 17:53:21,36.1745,-74.827167,96.5915872286114
"AR100","5",2,2026-04-29 17:53:35,36.1745,-74.827167,96.4457323121042
"AR100","5",3,2026-04-29 17:57:25,36.1745,-74.827167,70.3439686290121
"AR100","5",4,2026-04-29 17:57:36,36.1745,-74.827167,71.0624193945091
"AR100","5",5,2026-04-29 18:01:27,36.1745,-74.827167,51.2703625849493
"AR100","5",6,2026-04-29 18:01:36,36.1745,-74.827167,50.5865775488633
"AR100","5",7,2026-04-29 18:07:04,36.1745,-74.827167,28.897795699564
"AR100","5",8,2026-04-29 18:07:15,36.1745,-74.827167,29.2958030091379
"AR100","5",9,2026-04-29 18:11:12,36.1745,-74.827167,6.02447441850229
"AR100","5",10,2026-04-29 18:11:23,36.1745,-74.827167,7.07866475700488
"AR100","5",11,2026-04-29 18:14:07,36.1745,-74.827167,4.19997774083664
"AR100","5",12,2026-04-29 18:14:17,36.1745,-74.827167,2.91448200992279
"AR100","6",1,2026-04-29 22:45:11,36.053667,-74.777667,279.138519030897
"AR100","6",2,2026-04-29 22:46:00,36.053667,-74.777667,278.674571902356
"AR100","6",3,2026-04-29 22:48:51,36.053667,-74.777667,201.222365425599
"AR100","6",4,2026-04-29 22:49:17,36.053667,-74.777667,200.03726293276
"AR100","6",5,2026-04-29 22:52:46,36.053667,-74.777667,71.7885759631641
"AR100","6",6,2026-04-29 22:53:19,36.053667,-74.777667,71.1931707431143
"AR100","6",7,2026-04-29 22:54:56,36.053667,-74.777667,49.9807307597491
"AR100","6",8,2026-04-29 22:55:28,36.053667,-74.777667,50.0194361595096
"AR100","6",9,2026-04-29 22:57:19,36.053667,-74.777667,27.465850047137
"AR100","6",10,2026-04-29 22:57:51,36.053667,-74.777667,27.206792930006
"AR100","6",11,2026-04-29 22:59:35,36.053667,-74.777667,8.13492129187274
"AR100","6",12,2026-04-29 23:00:02,36.053667,-74.777667,8.29275244205512
"AR100","7",1,2026-04-30 15:33:28,35.849667,-74.846333,302.674990239163
"AR100","7",2,2026-04-30 15:33:39,35.849667,-74.846333,302.387529488118
"AR100","7",3,2026-04-30 15:34:11,35.849667,-74.846333,302.724552397043
"AR100","7",4,2026-04-30 15:39:07,35.849667,-74.846333,199.932741607327
"AR100","7",5,2026-04-30 15:39:38,35.849667,-74.846333,200.598197189698
"AR100","7",6,2026-04-30 15:44:10,35.849667,-74.846333,70.2566607235817
"AR100","7",7,2026-04-30 15:44:43,35.849667,-74.846333,70.4690268878757
"AR100","7",8,2026-04-30 15:46:42,35.849667,-74.846333,50.3716627825729
"AR100","7",9,2026-04-30 15:47:06,35.849667,-74.846333,50.7755944605648
"AR100","7",10,2026-04-30 15:49:23,35.849667,-74.846333,26.1769847941257
"AR100","7",11,2026-04-30 15:49:53,35.849667,-74.846333,26.1412519332349
"AR100","7",12,2026-04-30 15:51:56,35.849667,-74.846333,8.023888087242
"AR100","7",13,2026-04-30 15:52:25,35.849667,-74.846333,7.80748647487327
"AR100","8",1,2026-04-30 18:43:00,35.724833,-74.853167,90.0881228781841
"AR100","8",2,2026-04-30 18:43:38,35.724833,-74.853167,89.449093186061
"AR100","8",3,2026-04-30 18:44:15,35.724833,-74.853167,88.4736760101663
"AR100","8",4,2026-04-30 18:46:06,35.724833,-74.853167,71.4800326293063
"AR100","8",5,2026-04-30 18:46:38,35.724833,-74.853167,70.8250669282702
"AR100","8",6,2026-04-30 18:48:30,35.724833,-74.853167,51.4817948547391
"AR100","8",7,2026-04-30 18:49:01,35.724833,-74.853167,52.7253529447798
"AR100","8",8,2026-04-30 18:51:55,35.724833,-74.853167,31.8816073439325
"AR100","8",9,2026-04-30 18:52:25,35.724833,-74.853167,31.7565444219324
"AR100","8",10,2026-04-30 18:54:33,35.724833,-74.853167,7.60208705233332
"AR100","8",11,2026-04-30 18:55:11,35.724833,-74.853167,8.1818115342605
"AR100","8",12,2026-04-30 18:56:26,35.724833,-74.853167,4.90297147921026
"AR100","8",13,2026-04-30 18:56:59,35.724833,-74.853167,3.98174992361635
"AR100","9",1,2026-05-02 14:32:24,35.9505,-74.753333,550.049971668361
"AR100","10",1,2026-05-02 15:32:14,35.95,-74.846333,86.9785615089894
"AR100","11",1,2026-05-02 16:24:04,35.949667,-74.9375,55.857430321441
"AR100","12",1,2026-05-02 17:16:34,35.9495,-75.031333,30.4973704406692
"AR100","13",1,2026-05-02 18:01:35,35.948167,-75.122667,21.4461116764388
"AR100","14",1,2026-05-02 18:55:43,35.949667,-75.2295,20.4078532924931
"AR100","15",1,2026-05-02 19:43:10,35.949,-75.334333,17.6176404763851
"AR100","15",2,2026-05-02 19:43:41,35.949,-75.334333,17.4588224551355
"AR100","15",3,2026-05-02 19:44:10,35.949,-75.334333,17.6970494407962
"AR100","15",4,2026-05-02 19:45:36,35.949,-75.334333,7.98113390940359
"AR100","15",5,2026-05-02 19:46:03,35.949,-75.334333,7.97319263734603
"AR100","15",6,2026-05-02 19:47:00,35.949,-75.334333,4.15439772946249
"AR100","15",7,2026-05-02 19:47:34,35.949,-75.334333,4.41844978790557
"AR100","16",1,2026-05-03 12:26:29,36.175,-74.827833,90.0329704885461
"AR100","17",1,2026-05-03 13:20:19,36.099167,-74.836167,90.8660650282048
"AR100","18",1,2026-05-03 14:12:57,36.024667,-74.835833,91.179218100886
"AR100","19",1,2026-05-03 15:09:44,35.949667,-74.846,89.6249473050961
"AR100","19",2,2026-05-03 15:09:56,35.949667,-74.846,89.3282603691783
"AR100","19",3,2026-05-03 15:10:29,35.949667,-74.846,89.9772004673613
"AR100","19",4,2026-05-03 15:12:22,35.949667,-74.846,69.7707818707002
"AR100","19",5,2026-05-03 15:13:03,35.949667,-74.846,69.7042937786254
"AR100","19",6,2026-05-03 15:14:41,35.949667,-74.846,50.6252892814117
"AR100","19",7,2026-05-03 15:15:07,35.949667,-74.846,50.6481156801816
"AR100","19",8,2026-05-03 15:17:30,35.949667,-74.846,23.6615658337225
"AR100","19",9,2026-05-03 15:18:07,35.949667,-74.846,22.7533504834492
"AR100","19",10,2026-05-03 15:19:43,35.949667,-74.846,6.88324972103422
"AR100","19",11,2026-05-03 15:20:11,35.949667,-74.846,7.64164380700487
"AR100","21",1,2026-05-03 19:18:35,35.798167,-74.878,89.8563448453273
"AR100","22",1,2026-05-03 20:22:55,35.724167,-74.8535,88.2166782915929
"AR100","23",1,2026-05-04 14:47:41,36.175,-74.965667,27.7950819049748
"AR100","23",2,2026-05-04 14:47:55,36.175,-74.965667,27.6997977356672
"AR100","23",3,2026-05-04 14:48:16,36.175,-74.965667,27.6630736169056
"AR100","23",4,2026-05-04 14:50:33,36.175,-74.965667,7.71792597028993
"AR100","23",5,2026-05-04 14:50:56,36.175,-74.965667,7.46678775244006
"AR100","24",1,2026-05-04 18:43:15,35.936167,-75.3045,15.9262401365998
"AR100","24",2,2026-05-04 18:43:19,35.936167,-75.3045,15.7654353794659
"AR100","24",3,2026-05-04 18:43:40,35.936167,-75.3045,15.8279705778088
"AR100","24",4,2026-05-04 18:44:51,35.936167,-75.3045,8.00595939045538
"AR100","24",5,2026-05-04 18:45:34,35.936167,-75.3045,7.9781649090036
"AR100","25",1,2026-05-05 13:49:19,36.175,-74.8445,80.3276249381796
"AR100","25",2,2026-05-05 13:49:22,36.175,-74.8445,80.3315940927744
"AR100","25",3,2026-05-05 13:50:03,36.175,-74.8445,80.1748124278244
"AR100","25",4,2026-05-05 13:52:02,36.175,-74.8445,50.290830159839
"AR100","25",5,2026-05-05 13:52:34,36.175,-74.8445,50.3077015398323
"AR100","25",6,2026-05-05 13:54:22,36.175,-74.8445,32.5264806596079
"AR100","25",7,2026-05-05 13:55:00,36.175,-74.8445,32.6267251813547
"AR100","25",8,2026-05-05 13:57:16,36.175,-74.8445,7.45586869249832
"AR100","25",9,2026-05-05 13:57:47,36.175,-74.8445,7.56902983089692
"AR100","26",1,2026-05-05 18:37:27,36.0395,-75.305333,23.694134335253
"AR100","26",2,2026-05-05 18:37:30,36.0395,-75.305333,23.6891714606975
"AR100","26",3,2026-05-05 18:38:10,36.0395,-75.305333,23.7239115800597
"AR100","26",4,2026-05-05 18:39:38,36.0395,-75.305333,7.6257011397307
"AR100","26",5,2026-05-05 18:40:11,36.0395,-75.305333,7.53934032523051
"AR100","27",1,2026-05-06 13:03:24,35.950833,-75.332667,20.662948876143
"AR100","28",1,2026-05-06 14:01:08,35.950333,-75.229167,21.3766260420166
"AR100","29",1,2026-05-06 14:49:19,35.951667,-75.125,23.7697531706314
"AR100","30",1,2026-05-06 15:33:43,35.951333,-75.031333,32.8199184077828
"AR100","31",1,2026-05-06 16:19:27,35.9505,-74.938333,60.3530700881792
"AR100","32",1,2026-05-06 17:08:39,35.950667,-74.845667,90.6816970245404
"AR100","33",1,2026-05-06 18:12:11,35.950333,-74.752,547.217436293338
"AR100","34",1,2026-05-07 12:25:17,36.175667,-74.8255,90.4437528244507
"AR100","35",1,2026-05-07 13:20:31,36.098667,-74.835667,90.6358682133565
"AR100","36",1,2026-05-07 14:11:51,36.025333,-74.834333,90.8874913086642
"AR100","37",1,2026-05-07 15:09:06,35.950333,-74.845167,88.4937588748935
"AR100","38",1,2026-05-07 16:00:42,35.877,-74.873667,88.6481302354299
"AR100","39",1,2026-05-07 17:02:52,35.799167,-74.877833,91.5005304745735
"AR100","40",1,2026-05-07 17:56:10,35.728167,-74.8515,91.0307607228134
"AR100","41",1,2026-05-11 17:02:59,40.513833,-70.884333,67.6016069077011
"AR100","41",2,2026-05-11 17:03:09,40.513833,-70.884333,68.185872893573
"AR100","41",3,2026-05-11 17:03:36,40.513833,-70.884333,67.4012300736818
"AR100","41",4,2026-05-11 17:07:08,40.513833,-70.884333,28.4807597297091
"AR100","41",5,2026-05-11 17:07:21,40.513833,-70.884333,27.8686000304106
"AR100","41",6,2026-05-11 17:07:48,40.513833,-70.884333,27.7773216039373
"AR100","41",7,2026-05-11 17:09:20,40.513833,-70.884333,4.25391051019024
"AR100","41",8,2026-05-11 17:09:30,40.513833,-70.884333,3.91058441595378
"AR100","42",1,2026-05-11 19:29:28,40.696833,-70.885333,56.0429724886094
"AR100","42",2,2026-05-11 19:29:38,40.696833,-70.885333,56.415965455471
"AR100","42",3,2026-05-11 19:29:47,40.696833,-70.885333,56.4506855109022
"AR100","42",4,2026-05-11 19:32:17,40.696833,-70.885333,31.3475404762047
"AR100","42",5,2026-05-11 19:32:28,40.696833,-70.885333,31.5033037534331
"AR100","42",6,2026-05-11 19:34:06,40.696833,-70.885333,4.81148582271011
"AR100","42",7,2026-05-11 19:34:13,40.696833,-70.885333,5.39889807548584
"AR100","43",1,2026-05-11 21:40:45,40.864833,-70.882833,46.0138581518204
"AR100","43",2,2026-05-11 21:41:06,40.864833,-70.882833,46.2410344660184
"AR100","43",3,2026-05-11 21:42:48,40.864833,-70.882833,22.9665523319368
"AR100","43",4,2026-05-11 21:43:28,40.864833,-70.882833,23.0608064255192
"AR100","43",5,2026-05-11 21:44:40,40.864833,-70.882833,4.31529312189325
"AR100","43",6,2026-05-11 21:44:45,40.864833,-70.882833,3.80428937637126
"AR100","44",1,2026-05-11 23:49:59,41.039333,-70.881667,34.6928594678317
"AR100","44",2,2026-05-11 23:50:10,41.039333,-70.881667,34.8049640150765
"AR100","44",3,2026-05-11 23:50:16,41.039333,-70.881667,34.8456391011066
"AR100","44",4,2026-05-11 23:50:24,41.039333,-70.881667,34.6680575685525
"AR100","44",5,2026-05-11 23:50:31,41.039333,-70.881667,34.7623047698229
"AR100","44",6,2026-05-11 23:50:38,41.039333,-70.881667,34.7414711816999
"AR100","44",7,2026-05-11 23:50:45,41.039333,-70.881667,34.8962349285446
"AR100","44",8,2026-05-11 23:50:54,41.039333,-70.881667,34.883337954111
"AR100","44",9,2026-05-11 23:53:01,41.039333,-70.881667,14.720404629889
"AR100","44",10,2026-05-11 23:53:08,41.039333,-70.881667,14.8672461447164
"AR100","44",11,2026-05-11 23:53:18,41.039333,-70.881667,14.8444261864916
"AR100","44",12,2026-05-11 23:53:25,41.039333,-70.881667,14.6053125580992
"AR100","44",13,2026-05-11 23:53:33,41.039333,-70.881667,14.4346586772948
"AR100","44",14,2026-05-11 23:53:40,41.039333,-70.881667,14.660874256013
"AR100","44",15,2026-05-11 23:53:46,41.039333,-70.881667,14.9545572657269
"AR100","44",16,2026-05-11 23:53:56,41.039333,-70.881667,14.9029643350884
"AR100","44",17,2026-05-11 23:55:14,41.039333,-70.881667,3.90047460039916
"AR100","44",18,2026-05-11 23:55:20,41.039333,-70.881667,4.15746077538691
"AR100","44",19,2026-05-11 23:55:27,41.039333,-70.881667,4.01954159420649
"AR100","44",20,2026-05-11 23:55:34,41.039333,-70.881667,3.99374375143041
"AR100","44",21,2026-05-11 23:55:39,41.039333,-70.881667,3.9570314311004
"AR100","44",22,2026-05-11 23:55:46,41.039333,-70.881667,3.56113328776545
"AR100","44",23,2026-05-11 23:55:53,41.039333,-70.881667,3.57204778319228
"AR100","44",24,2026-05-11 23:56:00,41.039333,-70.881667,4.00168154955424
"AR66B","1",1,2022-04-20 14:26:49,41.030667,-70.8825,40.5619285297793
"AR66B","1",2,2022-04-20 14:27:00,41.030667,-70.8825,41.0004133857193
"AR66B","1",3,2022-04-20 14:28:50,41.030667,-70.8825,30.0955518938181
"AR66B","1",4,2022-04-20 14:28:58,41.030667,-70.8825,30.3356397071409
"AR66B","1",5,2022-04-20 14:29:06,41.030667,-70.8825,30.0598363272718
"AR66B","1",6,2022-04-20 14:30:59,41.030667,-70.8825,20.0909811635665
"AR66B","1",7,2022-04-20 14:31:08,41.030667,-70.8825,19.9431511335688
"AR66B","1",8,2022-04-20 14:33:26,41.030667,-70.8825,2.92809387556156
"AR66B","1",9,2022-04-20 14:33:33,41.030667,-70.8825,3.41726304562242
"AR66B","1",10,2022-04-20 14:33:41,41.030667,-70.8825,4.11281394839688
"AR66B","1",11,2022-04-20 14:33:50,41.030667,-70.8825,3.48275010738052
"AR66B","1",12,2022-04-20 14:33:57,41.030667,-70.8825,2.75643788542851
"AR66B","1",13,2022-04-20 14:34:04,41.030667,-70.8825,2.635385597671
"AR66B","1",14,2022-04-20 14:34:10,41.030667,-70.8825,4.01855255234313
"AR66B","2",1,2022-04-20 17:14:02,40.863,-70.883167,50.1406982715287
"AR66B","2",2,2022-04-20 17:14:13,40.863,-70.883167,50.6803548214987
"AR66B","2",3,2022-04-20 17:16:34,40.863,-70.883167,35.06743664472
"AR66B","2",4,2022-04-20 17:16:40,40.863,-70.883167,34.1249488990311
"AR66B","2",5,2022-04-20 17:16:48,40.863,-70.883167,34.2816997934333
"AR66B","2",6,2022-04-20 17:17:12,40.863,-70.883167,34.3610672891179
"AR66B","2",7,2022-04-20 17:20:29,40.863,-70.883167,19.2400115417784
"AR66B","2",8,2022-04-20 17:20:36,40.863,-70.883167,19.8591227000973
"AR66B","2",9,2022-04-20 17:20:45,40.863,-70.883167,20.0069550553704
"AR66B","2",10,2022-04-20 17:22:05,40.863,-70.883167,5.08626225665869
"AR66B","2",11,2022-04-20 17:22:12,40.863,-70.883167,5.09717684652671
"AR66B","2",12,2022-04-20 17:22:19,40.863,-70.883167,4.99001539351852
"AR66B","2",13,2022-04-20 17:22:26,40.863,-70.883167,5.34920448693631
"AR66B","2",14,2022-04-20 17:22:34,40.863,-70.883167,4.73302612466491
"AR66B","2",15,2022-04-20 17:22:42,40.863,-70.883167,4.69234439613123
"AR66B","2",16,2022-04-20 17:22:50,40.863,-70.883167,4.95727160501186
"AR66B","3",1,2022-04-20 19:26:44,40.696667,-70.882333,60.3710388203977
"AR66B","3",2,2022-04-20 19:26:52,40.696667,-70.882333,60.1518105658093
"AR66B","3",3,2022-04-20 19:29:18,40.696667,-70.882333,49.3547765656271
"AR66B","3",4,2022-04-20 19:29:29,40.696667,-70.882333,49.3964420690812
"AR66B","3",5,2022-04-20 19:31:33,40.696667,-70.882333,34.8506979073354
"AR66B","3",6,2022-04-20 19:31:42,40.696667,-70.882333,34.7733136095064
"AR66B","3",7,2022-04-20 19:31:49,40.696667,-70.882333,34.659221322156
"AR66B","3",8,2022-04-20 19:33:56,40.696667,-70.882333,19.5607781467211
"AR66B","3",9,2022-04-20 19:34:07,40.696667,-70.882333,19.3395218138913
"AR66B","3",10,2022-04-20 19:34:14,40.696667,-70.882333,19.4685053553889
"AR66B","3",11,2022-04-20 19:35:59,40.696667,-70.882333,4.51678687882981
"AR66B","3",12,2022-04-20 19:36:05,40.696667,-70.882333,4.81644715485497
"AR66B","3",13,2022-04-20 19:36:13,40.696667,-70.882333,5.02581218652517
"AR66B","3",14,2022-04-20 19:36:20,40.696667,-70.882333,4.47511223613211
"AR66B","3",15,2022-04-20 19:36:27,40.696667,-70.882333,4.37092559223849
"AR66B","3",16,2022-04-20 19:36:35,40.696667,-70.882333,4.57532981494386
"AR66B","3",17,2022-04-20 19:36:42,40.696667,-70.882333,4.36596432215789
"AR66B","3",18,2022-04-20 19:36:49,40.696667,-70.882333,4.63684949246539
"AR66B","4",1,2022-04-20 22:05:29,40.5125,-70.882167,70.4941621847445
"AR66B","4",2,2022-04-20 22:05:37,40.5125,-70.882167,70.2035205845742
"AR66B","4",3,2022-04-20 22:07:49,40.5125,-70.882167,60.0337807106193
"AR66B","4",4,2022-04-20 22:07:55,40.5125,-70.882167,59.8899405412351
"AR66B","4",5,2022-04-20 22:09:50,40.5125,-70.882167,46.7951017816187
"AR66B","4",6,2022-04-20 22:09:57,40.5125,-70.882167,46.7375620054908
"AR66B","4",7,2022-04-20 22:11:51,40.5125,-70.882167,34.9028735847083
"AR66B","4",8,2022-04-20 22:12:00,40.5125,-70.882167,35.0933610365091
"AR66B","4",9,2022-04-20 22:12:08,40.5125,-70.882167,35.3532967524124
"AR66B","4",10,2022-04-20 22:14:30,40.5125,-70.882167,20.6872471440307
"AR66B","4",11,2022-04-20 22:14:38,40.5125,-70.882167,20.60390303852
"AR66B","4",12,2022-04-20 22:16:51,40.5125,-70.882167,4.00981215720499
"AR66B","4",13,2022-04-20 22:16:58,40.5125,-70.882167,4.07133303803153
"AR66B","4",14,2022-04-20 22:17:07,40.5125,-70.882167,3.83517213661898
"AR66B","4",15,2022-04-20 22:17:15,40.5125,-70.882167,3.9482912578742
"AR66B","4",16,2022-04-20 22:17:31,40.5125,-70.882167,4.0951475675772
"AR66B","5",1,2022-04-21 01:08:31,40.363333,-70.886,86.8826957776415
"AR66B","6",1,2022-04-21 15:16:31,39.939833,-70.8815,440.818215219741
"AR66B","6",2,2022-04-21 15:16:49,39.939833,-70.8815,441.040023577869
"AR66B","6",3,2022-04-21 15:17:14,39.939833,-70.8815,440.413216307799
"AR66B","6",4,2022-04-21 15:23:52,39.939833,-70.8815,258.632947446531
"AR66B","6",5,2022-04-21 15:24:07,39.939833,-70.8815,258.749896357238
"AR66B","6",6,2022-04-21 15:24:21,39.939833,-70.8815,258.497167695556
"AR66B","6",7,2022-04-21 15:27:45,39.939833,-70.8815,160.104617197451
"AR66B","6",8,2022-04-21 15:30:27,39.939833,-70.8815,114.804774493421
"AR66B","6",9,2022-04-21 15:30:41,39.939833,-70.8815,115.036852604891
"AR66B","6",10,2022-04-21 15:33:47,39.939833,-70.8815,80.3471850590643
"AR66B","6",11,2022-04-21 15:33:56,39.939833,-70.8815,80.3144505697789
"AR66B","6",12,2022-04-21 15:34:06,39.939833,-70.8815,80.0972124628896
"AR66B","6",13,2022-04-21 15:34:36,39.939833,-70.8815,80.2390620291053
"AR66B","6",14,2022-04-21 15:34:43,39.939833,-70.8815,80.2598930760127
"AR66B","6",15,2022-04-21 15:38:15,39.939833,-70.8815,31.1244733499432
"AR66B","6",16,2022-04-21 15:38:26,39.939833,-70.8815,31.4836467673417
"AR66B","6",17,2022-04-21 15:41:08,39.939833,-70.8815,7.70738739269668
"AR66B","6",18,2022-04-21 15:41:20,39.939833,-70.8815,7.10704126582793
"AR66B","6",19,2022-04-21 15:41:31,39.939833,-70.8815,7.08719508278863
"AR66B","6",20,2022-04-21 15:43:00,39.939833,-70.8815,4.56969115061228
"AR66B","6",21,2022-04-21 15:43:07,39.939833,-70.8815,4.21642442262926
"AR66B","6",22,2022-04-21 15:43:15,39.939833,-70.8815,4.16978523036617
"AR66B","6",23,2022-04-21 15:43:27,39.939833,-70.8815,4.34344174338605
"AR66B","6",24,2022-04-21 15:43:40,39.939833,-70.8815,4.3335185180422
"AR66B","7",1,2022-04-21 23:35:18,39.854333,-70.6195,742.107412142593
"AR66B","7",2,2022-04-21 23:42:22,39.854333,-70.6195,502.541989565322
"AR66B","7",3,2022-04-21 23:48:30,39.854333,-70.6195,273.168929745513
"AR66B","7",4,2022-04-21 23:53:00,39.854333,-70.6195,143.213667374919
"AR66B","7",5,2022-04-21 23:57:21,39.854333,-70.6195,53.7476168300029
"AR66B","7",6,2022-04-22 00:00:14,39.854333,-70.6195,20.5674311333619
"AR66B","8",1,2022-04-22 02:01:49,39.773333,-70.882,502.803066971866
"AR66B","8",2,2022-04-22 02:01:57,39.773333,-70.882,502.818905917824
"AR66B","8",3,2022-04-22 02:07:48,39.773333,-70.882,303.145661191223
"AR66B","8",4,2022-04-22 02:07:58,39.773333,-70.882,303.315103870666
"AR66B","8",5,2022-04-22 02:12:41,39.773333,-70.882,153.87484157105
"AR66B","8",6,2022-04-22 02:12:52,39.773333,-70.882,153.714200132508
"AR66B","8",7,2022-04-22 02:16:16,39.773333,-70.882,118.809385100735
"AR66B","8",8,2022-04-22 02:18:38,39.773333,-70.882,99.8833084409798
"AR66B","8",9,2022-04-22 02:18:48,39.773333,-70.882,99.8604953246697
"AR66B","8",10,2022-04-22 02:21:19,39.773333,-70.882,82.6695942170336
"AR66B","8",11,2022-04-22 02:21:27,39.773333,-70.882,83.0445539587645
"AR66B","8",12,2022-04-22 02:21:35,39.773333,-70.882,82.7281197245654
"AR66B","8",13,2022-04-22 02:23:52,39.773333,-70.882,60.1132136846367
"AR66B","8",14,2022-04-22 02:23:59,39.773333,-70.882,60.107261281694
"AR66B","8",15,2022-04-22 02:24:06,39.773333,-70.882,60.0219434871679
"AR66B","8",16,2022-04-22 02:26:03,39.773333,-70.882,40.1409359762934
"AR66B","8",17,2022-04-22 02:26:10,39.773333,-70.882,40.0377509021677
"AR66B","8",18,2022-04-22 02:28:30,39.773333,-70.882,3.87115419920065
"AR66B","8",19,2022-04-22 02:28:37,39.773333,-70.882,3.98328856608338
"AR66B","8",20,2022-04-22 02:28:45,39.773333,-70.882,3.87512355836988
"AR66B","8",21,2022-04-22 02:28:54,39.773333,-70.882,3.68856359415034
"AR66B","8",22,2022-04-22 02:29:01,39.773333,-70.882,4.03885955697924
"AR66B","8",23,2022-04-22 02:29:09,39.773333,-70.882,3.80863678212503
"AR66B","8",24,2022-04-22 02:29:18,39.773333,-70.882,3.87710823792561
"AR66B","9",1,2022-04-22 05:08:25,39.773333,-70.775167,32.6975868815111
"AR66B","9",2,2022-04-22 05:08:37,39.773333,-70.775167,32.8523700238143
"AR66B","9",3,2022-04-22 05:10:35,39.773333,-70.775167,4.22839621594097
"AR66B","9",4,2022-04-22 05:10:44,39.773333,-70.775167,4.07656843506052
"AR66B","10",1,2022-04-22 06:47:48,39.773333,-70.991333,173.264925975708
"AR66B","10",2,2022-04-22 06:52:11,39.773333,-70.991333,43.670032633433
"AR66B","11",1,2022-04-22 14:59:20,39.939667,-70.774833,446.418809993912
"AR66B","11",2,2022-04-22 14:59:37,39.939667,-70.774833,446.5584266739
"AR66B","11",3,2022-04-22 15:05:58,39.939667,-70.774833,223.558159206762
"AR66B","11",4,2022-04-22 15:06:07,39.939667,-70.774833,223.607722297116
"AR66B","11",5,2022-04-22 15:11:23,39.939667,-70.774833,84.0044885992661
"AR66B","11",6,2022-04-22 15:11:37,39.939667,-70.774833,84.2901660971014
"AR66B","11",7,2022-04-22 15:11:54,39.939667,-70.774833,83.9618353275637
"AR66B","11",8,2022-04-22 15:15:32,39.939667,-70.774833,30.0132150383203
"AR66B","11",9,2022-04-22 15:18:09,39.939667,-70.774833,13.1818675990286
"AR66B","11",10,2022-04-22 15:19:45,39.939667,-70.774833,8.08744043298687
"AR66B","11",11,2022-04-22 15:20:07,39.939667,-70.774833,8.09835578068867
"AR66B","11",12,2022-04-22 15:21:15,39.939667,-70.774833,4.24718650127967
"AR66B","12",1,2022-04-22 22:18:48,40.097667,-70.884833,69.760768271674
"AR66B","12",2,2022-04-22 22:21:54,40.097667,-70.884833,32.6212186361247
"AR66B","12",3,2022-04-22 22:22:02,40.097667,-70.884833,32.7065453364928
"AR66B","12",4,2022-04-22 22:23:51,40.097667,-70.884833,20.5590385929417
"AR66B","12",5,2022-04-22 22:24:00,40.097667,-70.884833,20.6761216553116
"AR66B","12",6,2022-04-22 22:25:56,40.097667,-70.884833,2.77056477644092
"AR66B","12",7,2022-04-22 22:26:04,40.097667,-70.884833,2.76361856497464
"AR66B","13",1,2022-04-23 00:37:09,40.098667,-70.774333,15.2991603459699
"AR66B","13",2,2022-04-23 00:37:16,40.098667,-70.774333,15.4470062941447
"AR66B","13",3,2022-04-23 00:38:46,40.098667,-70.774333,3.33916069717568
"AR66B","13",4,2022-04-23 00:38:53,40.098667,-70.774333,3.35702233144313
"AR66B","14",1,2022-04-23 02:00:27,40.099167,-70.9935,160.377950707278
"AR66B","15",1,2022-04-23 15:18:08,40.098167,-70.884667,143.980002610879
"AR66B","15",2,2022-04-23 15:18:17,40.098167,-70.884667,143.676562999625
"AR66B","15",3,2022-04-23 15:18:26,40.098167,-70.884667,143.831257759493
"AR66B","15",4,2022-04-23 15:21:05,40.098167,-70.884667,100.162045288605
"AR66B","15",5,2022-04-23 15:21:15,40.098167,-70.884667,100.228498821748
"AR66B","15",6,2022-04-23 15:21:24,40.098167,-70.884667,99.8099403877562
"AR66B","15",7,2022-04-23 15:23:58,40.098167,-70.884667,75.0063470265759
"AR66B","15",8,2022-04-23 15:26:18,40.098167,-70.884667,59.7235528804315
"AR66B","15",9,2022-04-23 15:26:30,40.098167,-70.884667,59.8326772239998
"AR66B","15",10,2022-04-23 15:29:11,40.098167,-70.884667,35.0659121333359
"AR66B","15",11,2022-04-23 15:29:21,40.098167,-70.884667,35.1403240631847
"AR66B","15",12,2022-04-23 15:29:31,40.098167,-70.884667,35.1244495204204
"AR66B","15",13,2022-04-23 15:29:42,40.098167,-70.884667,34.9647118653256
"AR66B","15",14,2022-04-23 15:33:02,40.098167,-70.884667,23.0544798372663
"AR66B","15",15,2022-04-23 15:33:24,40.098167,-70.884667,23.1427871739377
"AR66B","15",16,2022-04-23 15:35:29,40.098167,-70.884667,7.26372152295307
"AR66B","15",17,2022-04-23 15:35:39,40.098167,-70.884667,7.16846127056191
"AR66B","15",18,2022-04-23 15:35:48,40.098167,-70.884667,6.89359550197117
"AR66B","15",19,2022-04-23 15:37:09,40.098167,-70.884667,4.30368691127263
"AR66B","15",20,2022-04-23 15:37:18,40.098167,-70.884667,4.22330991313055
"AR66B","15",21,2022-04-23 15:37:26,40.098167,-70.884667,4.11812515180135
"AR66B","15",22,2022-04-23 15:37:34,40.098167,-70.884667,4.28681766736777
"AR66B","15",23,2022-04-23 15:37:42,40.098167,-70.884667,4.18758679270699
"AR66B","15",24,2022-04-23 15:37:50,40.098167,-70.884667,4.28086381624566
"AR66B","16",1,2022-04-23 22:03:12,40.3635,-70.882333,22.9477584747001
"AR66B","16",2,2022-04-23 22:05:20,40.3635,-70.882333,2.96697146022641
"AR66B","17",1,2022-04-24 00:05:45,40.362167,-70.774667,24.8448276988086
"AR66B","17",2,2022-04-24 00:05:57,40.362167,-70.774667,24.804148111383
"AR66B","17",3,2022-04-24 00:07:46,40.362167,-70.774667,3.32121942580125
"AR66B","17",4,2022-04-24 00:07:55,40.362167,-70.774667,3.1763451291124
"AR66B","18",1,2022-04-24 01:39:52,40.363333,-70.9925,37.8102860150098
"AR66B","18",2,2022-04-24 01:42:13,40.363333,-70.9925,13.4135440240628
"AR66B","19",1,2022-04-24 14:19:03,40.2265,-70.883167,122.201181595348
"AR66B","19",2,2022-04-24 14:19:25,40.2265,-70.883167,122.505641165212
"AR66B","19",3,2022-04-24 14:19:36,40.2265,-70.883167,122.262668580745
"AR66B","19",4,2022-04-24 14:21:54,40.2265,-70.883167,88.5938006445938
"AR66B","19",5,2022-04-24 14:24:55,40.2265,-70.883167,54.9977710316603
"AR66B","19",6,2022-04-24 14:25:08,40.2265,-70.883167,55.3995513183737
"AR66B","19",7,2022-04-24 14:25:19,40.2265,-70.883167,55.3588773005242
"AR66B","19",8,2022-04-24 14:28:03,40.2265,-70.883167,34.8422694629253
"AR66B","19",9,2022-04-24 14:28:15,40.2265,-70.883167,34.9633115741112
"AR66B","19",10,2022-04-24 14:30:09,40.2265,-70.883167,25.0703631739442
"AR66B","19",11,2022-04-24 14:30:20,40.2265,-70.883167,25.0485348581
"AR66B","19",12,2022-04-24 14:30:29,40.2265,-70.883167,24.7528601686425
"AR66B","19",13,2022-04-24 14:30:44,40.2265,-70.883167,25.3253574183724
"AR66B","19",14,2022-04-24 14:33:02,40.2265,-70.883167,16.9768593436957
"AR66B","19",15,2022-04-24 14:33:10,40.2265,-70.883167,16.8319929284866
"AR66B","19",16,2022-04-24 14:35:44,40.2265,-70.883167,6.89351503278194
"AR66B","19",17,2022-04-24 14:35:54,40.2265,-70.883167,6.83596253661663
"AR66B","19",18,2022-04-24 14:36:08,40.2265,-70.883167,7.07113384125918
"AR66B","19",19,2022-04-24 14:37:18,40.2265,-70.883167,3.02456204710438
"AR66B","19",20,2022-04-24 14:37:23,40.2265,-70.883167,3.09005403765827
"AR66B","19",21,2022-04-24 14:37:32,40.2265,-70.883167,3.06028495364246
"AR66B","19",22,2022-04-24 14:37:40,40.2265,-70.883167,3.13669226057199
"AR66B","19",23,2022-04-24 14:37:48,40.2265,-70.883167,3.0642541650949
"AR66B","19",24,2022-04-24 14:37:56,40.2265,-70.883167,3.13470765555825
"AR66B","20",1,2022-04-24 22:10:25,40.134,-70.77,129.950481707286
"AR66B","20",2,2022-04-24 22:10:34,40.134,-70.77,129.818586018626
"AR66B","20",3,2022-04-24 22:14:01,40.134,-70.77,79.7734188917536
"AR66B","20",4,2022-04-24 22:14:09,40.134,-70.77,79.5254338897595
"AR66B","20",5,2022-04-24 22:16:20,40.134,-70.77,60.0031123833208
"AR66B","20",6,2022-04-24 22:16:30,40.134,-70.77,59.7521273331263
"AR66B","20",7,2022-04-24 22:18:31,40.134,-70.77,40.0056830454012
"AR66B","20",8,2022-04-24 22:18:42,40.134,-70.77,39.7705476104462
"AR66B","20",9,2022-04-24 22:20:39,40.134,-70.77,29.9918491321598
"AR66B","20",10,2022-04-24 22:20:49,40.134,-70.77,29.9323182868967
"AR66B","20",11,2022-04-24 22:22:16,40.134,-70.77,20.5708773838704
"AR66B","20",12,2022-04-24 22:22:24,40.134,-70.77,20.862591705197
"AR66B","20",13,2022-04-24 22:24:02,40.134,-70.77,11.8301692915621
"AR66B","20",14,2022-04-24 22:24:08,40.134,-70.77,11.9026048924571
"AR66B","20",15,2022-04-24 22:24:25,40.134,-70.77,12.0048085048908
"AR66B","20",16,2022-04-24 22:24:34,40.134,-70.77,11.9155043803371
"AR66B","20",17,2022-04-24 22:26:04,40.134,-70.77,3.22900354331205
"AR66B","20",18,2022-04-24 22:26:12,40.134,-70.77,2.82513281004855
"AR66B","20",19,2022-04-24 22:26:20,40.134,-70.77,3.29251139932607
"AR66B","20",20,2022-04-24 22:26:31,40.134,-70.77,2.735824677826
"AR66B","20",21,2022-04-24 22:26:39,40.134,-70.77,3.02061825226464
"AR66B","20",22,2022-04-24 22:26:47,40.134,-70.77,2.96901805216396
"AR66B","21",1,2022-04-25 14:12:39,40.364833,-70.775833,88.834702598437
"AR66B","21",2,2022-04-25 14:12:55,40.364833,-70.775833,88.3457077926973
"AR66B","21",3,2022-04-25 14:16:36,40.364833,-70.775833,44.737158486946
"AR66B","21",4,2022-04-25 14:16:46,40.364833,-70.775833,44.913750126273
"AR66B","21",5,2022-04-25 14:18:21,40.364833,-70.775833,35.0442264059121
"AR66B","21",6,2022-04-25 14:20:26,40.364833,-70.775833,24.9212198760065
"AR66B","21",7,2022-04-25 14:20:45,40.364833,-70.775833,25.0769927595405
"AR66B","21",8,2022-04-25 14:22:59,40.364833,-70.775833,12.2932999890788
"AR66B","21",9,2022-04-25 14:25:40,40.364833,-70.775833,6.97975585249294
"AR66B","21",10,2022-04-25 14:25:52,40.364833,-70.775833,6.80114692919652
"AR66B","22",1,2022-04-25 21:13:37,40.361667,-70.876,89.8583406291821
"AR66B","22",2,2022-04-25 21:13:44,40.361667,-70.876,89.8047796410677
"AR66B","22",3,2022-04-25 21:16:43,40.361667,-70.876,54.8949143008475
"AR66B","22",4,2022-04-25 21:16:50,40.361667,-70.876,54.7232914208883
"AR66B","22",5,2022-04-25 21:20:05,40.361667,-70.876,34.8974003946793
"AR66B","22",6,2022-04-25 21:20:12,40.361667,-70.876,34.906329620904
"AR66B","22",7,2022-04-25 21:22:46,40.361667,-70.876,21.9972380496376
"AR66B","22",8,2022-04-25 21:22:53,40.361667,-70.876,22.0369259983325
"AR66B","22",9,2022-04-25 21:23:01,40.361667,-70.876,21.9883082601203
"AR66B","22",10,2022-04-25 21:25:27,40.361667,-70.876,13.2150978745694
"AR66B","22",11,2022-04-25 21:25:35,40.361667,-70.876,12.9809287691925
"AR66B","22",12,2022-04-25 21:27:30,40.361667,-70.876,3.06520875235393
"AR66B","22",13,2022-04-25 21:27:38,40.361667,-70.876,3.14161511729497
"AR66B","22",14,2022-04-25 21:27:46,40.361667,-70.876,3.18130672418141
"AR66B","22",15,2022-04-25 21:27:54,40.361667,-70.876,3.15054572951597
"AR66B","22",16,2022-04-25 21:28:02,40.361667,-70.876,2.99277152287135
"AR66B","22",17,2022-04-25 21:28:08,40.361667,-70.876,3.00269443253606
"AR66B","22",18,2022-04-25 21:28:15,40.361667,-70.876,3.10291579316474
"AR66B","23",1,2022-04-26 00:23:52,40.2265,-70.883167,27.8861963939595
"AR66B","23",2,2022-04-26 00:25:37,40.2265,-70.883167,3.2299686744967
"AR66B","24",1,2022-04-26 01:31:55,40.0985,-70.885167,33.0210607144953
"AR66B","24",2,2022-04-26 01:34:04,40.0985,-70.885167,3.18634447751239
"AR66B","25",1,2022-04-26 02:29:36,40.019,-70.884,43.076759120547
"AR66B","25",2,2022-04-26 02:31:45,40.019,-70.884,18.2909198928785
"AR66B","26",1,2022-04-26 03:33:18,39.940833,-70.882833,93.0983502730534
"AR66B","26",2,2022-04-26 03:35:33,39.940833,-70.882833,78.5596687614521
"AR66B","26",3,2022-04-26 03:38:31,39.940833,-70.882833,38.0389435423336
"AR66B","26",4,2022-04-26 03:40:34,39.940833,-70.882833,3.09112662103081
"AR66B","27",1,2022-04-26 04:53:36,39.856167,-70.882833,13.0162555281545
"AR66B","27",2,2022-04-26 04:53:46,39.856167,-70.882833,12.6094170516841
"AR66B","28",1,2022-04-26 06:02:09,39.7725,-70.882667,24.2944743600361
"AR66B","32",1,2022-04-26 14:51:28,40.0985,-71.095167,163.963383640395
"AR66B","33",1,2022-04-26 15:47:05,40.098667,-70.989167,158.35220587953
"AR66B","33",2,2022-04-26 15:53:08,40.098667,-70.989167,2.90452711591197
"AR66B","34",1,2022-04-26 16:49:46,40.098333,-70.8845,3.36297631131512
"AR66B","35",1,2022-04-26 17:48:50,40.098167,-70.776,3.79959361068707
"AR66B","36",1,2022-04-26 22:02:20,40.099333,-70.665,4.05759384388533
"AR66B","37",1,2022-04-26 22:54:32,40.098333,-70.555167,2.87575006138434
"AR66B","38",1,2022-04-26 23:48:51,40.097833,-70.446667,3.06825928556503
"AR66B","39",1,2022-04-27 00:48:02,40.098333,-70.337667,3.07619766114199
"AR66B","40",1,2022-04-27 01:44:23,40.097333,-70.227167,3.23298356452944
"AR66B","41",1,2022-04-27 12:19:27,39.7725,-70.882333,502.374463005532
"AR66B","41",2,2022-04-27 12:28:50,39.7725,-70.882333,74.4818157466026
"AR66B","41",3,2022-04-27 12:32:36,39.7725,-70.882333,16.1986213412987
"AR66B","42",1,2022-04-27 13:49:48,39.856167,-70.8825,4.65506614243963
"AR66B","43",1,2022-04-27 15:04:49,39.934167,-70.876,39.9925195502599
"AR66B","43",2,2022-04-27 15:07:30,39.934167,-70.876,4.76121154402756
"AR66B","44",1,2022-04-27 16:13:23,40.0195,-70.883667,4.3602796639415
"AR66B","45",1,2022-04-27 17:12:00,40.0985,-70.883333,4.53092527697497
"AR66B","46",1,2022-04-27 18:07:52,40.1615,-70.884,3.82735626899209
"AR66B","47",1,2022-04-27 18:57:57,40.227167,-70.883667,30.5948347515187
"AR66B","47",2,2022-04-27 18:59:57,40.227167,-70.883667,3.16745344357891
"AR66B","48",1,2022-04-27 19:55:24,40.296,-70.883333,44.1223393466843
"AR66B","48",2,2022-04-27 19:58:02,40.296,-70.883333,3.5236675815413
"AR66B","49",1,2022-04-27 20:46:56,40.363667,-70.882333,3.44823195238138
"AR66B","50",1,2022-04-27 22:01:54,40.513333,-70.882667,33.2202242048573
"AR66B","50",2,2022-04-27 22:04:02,40.513333,-70.882667,3.3757488413341
"AR66B","51",1,2022-04-27 23:27:03,40.696667,-70.882833,61.3203638927506
"AR66B","51",2,2022-04-27 23:30:45,40.696667,-70.882833,3.57513633286605
"AR66B","51",3,2022-04-27 23:30:52,40.696667,-70.882833,3.30127297886412
"AR66B","52",1,2022-04-28 00:52:35,40.863167,-70.8835,3.80131323008709
"AR66B","53",1,2022-04-28 02:17:56,41.029333,-70.882167,4.29935268617765
"AR66B","54",1,2022-04-28 03:53:30,41.196333,-70.882333,3.79623642956604
"AR66A","1",1,2022-04-09 02:16:33,39.838833,-70.739167,849.671276870064
"AR66A","1",2,2022-04-09 02:16:54,39.838833,-70.739167,850.770233769111
"AR66A","1",3,2022-04-09 02:26:33,39.838833,-70.739167,502.042781651401
"AR66A","1",4,2022-04-09 02:26:52,39.838833,-70.739167,501.8418253769
"AR66A","1",5,2022-04-09 02:33:10,39.838833,-70.739167,263.253802093283
"AR66A","1",6,2022-04-09 02:33:23,39.838833,-70.739167,262.882146918375
"AR66A","1",7,2022-04-09 02:37:43,39.838833,-70.739167,128.417781911671
"AR66A","1",8,2022-04-09 02:37:55,39.838833,-70.739167,128.706375317249
"AR66A","1",9,2022-04-09 02:43:12,39.838833,-70.739167,3.81258347804659
"AR66A","1",10,2022-04-09 02:43:26,39.838833,-70.739167,3.85823084555052
"AR66A","2",1,2022-04-09 16:33:08,39.940167,-70.882833,441.345986505509
"AR66A","2",2,2022-04-09 16:33:27,39.940167,-70.882833,441.526205348184
"AR66A","2",3,2022-04-09 16:40:10,39.940167,-70.882833,244.055431067646
"AR66A","2",4,2022-04-09 16:40:27,39.940167,-70.882833,243.928562163824
"AR66A","2",5,2022-04-09 16:43:36,39.940167,-70.882833,173.949413325697
"AR66A","2",6,2022-04-09 16:43:54,39.940167,-70.882833,174.080291468162
"AR66A","2",7,2022-04-09 16:51:14,39.940167,-70.882833,13.4577205452154
"AR66A","2",8,2022-04-09 16:53:10,39.940167,-70.882833,6.97804082994847
"AR66A","2",9,2022-04-09 16:53:23,39.940167,-70.882833,7.11994106775934
"AR66A","3",1,2022-04-09 22:17:32,40.079833,-70.369333,157.265719830858
"AR66A","3",2,2022-04-09 22:23:23,40.079833,-70.369333,84.1680778911021
"AR66A","3",3,2022-04-09 22:27:05,40.079833,-70.369333,39.0444971215435
"AR66A","3",4,2022-04-09 22:31:08,40.079833,-70.369333,7.38280908253918
"AR66A","4",1,2022-04-10 16:21:43,40.136,-70.776,129.509152694639
"AR66A","4",2,2022-04-10 16:21:58,40.136,-70.776,129.021236431395
"AR66A","4",3,2022-04-10 16:26:33,40.136,-70.776,63.2926630512108
"AR66A","4",4,2022-04-10 16:26:55,40.136,-70.776,63.5297554662283
"AR66A","4",5,2022-04-10 16:30:19,40.136,-70.776,23.5048652128444
"AR66A","4",6,2022-04-10 16:30:39,40.136,-70.776,23.5683667634541
"AR66A","4",7,2022-04-10 16:33:49,40.136,-70.776,6.33788726103786
"AR66A","4",8,2022-04-10 16:34:10,40.136,-70.776,6.53436160478632
"AR66A","5",1,2022-04-10 21:20:16,39.935333,-70.5925,390.361667444064
"AR66A","5",2,2022-04-10 21:25:28,39.935333,-70.5925,272.296800385777
"AR66A","5",3,2022-04-10 21:30:26,39.935333,-70.5925,137.794164746489
"AR66A","5",4,2022-04-10 21:36:29,39.935333,-70.5925,27.5327157596903
"AR66A","5",5,2022-04-10 21:39:16,39.935333,-70.5925,6.98399775467017
"AR66A","6",1,2022-04-11 22:19:34,40.363333,-70.883,90.9622751876558
"AR66A","6",2,2022-04-11 22:19:59,40.363333,-70.883,90.9126819553558
"AR66A","6",3,2022-04-11 22:24:08,40.363333,-70.883,40.1754911931795
"AR66A","6",4,2022-04-11 22:24:22,40.363333,-70.883,40.2399783677227
"AR66A","6",5,2022-04-11 22:27:04,40.363333,-70.883,20.2747705831591
"AR66A","6",6,2022-04-11 22:27:13,40.363333,-70.883,20.1388381768518
"AR66A","6",7,2022-04-11 22:29:11,40.363333,-70.883,7.27545349874301
"AR66A","6",8,2022-04-11 22:29:31,40.363333,-70.883,7.12760520577199
"AR66A","7",1,2022-04-12 20:17:19,39.922,-70.901833,486.126332409978
"AR66A","7",2,2022-04-12 20:24:03,39.922,-70.901833,260.329121801808
"AR66A","7",3,2022-04-12 20:28:27,39.922,-70.901833,135.778240786657
"AR66A","7",4,2022-04-12 20:34:11,39.922,-70.901833,33.7687043288961
"AR66A","7",5,2022-04-12 20:37:10,39.922,-70.901833,8.12516103368316
"AR66A","8",1,2022-04-13 18:17:08,39.919333,-70.7595,480.434856324299
"AR66A","8",2,2022-04-13 18:24:22,39.919333,-70.7595,253.399391843589
"AR66A","8",3,2022-04-13 18:29:05,39.919333,-70.7595,135.874467366152
"AR66A","8",4,2022-04-13 18:34:10,39.919333,-70.7595,39.8377977424261
"AR66A","8",5,2022-04-13 18:37:13,39.919333,-70.7595,13.7851981982942
"AR66A","9",1,2022-04-14 12:11:37,40.34,-70.3365,83.9032320153344
"AR66A","19",1,2022-04-16 00:57:17,40.204667,-71.095833,120.181265094825
"AR66A","19",2,2022-04-16 01:01:29,40.204667,-71.095833,68.3385749130004
"AR66A","19",3,2022-04-16 01:04:56,40.204667,-71.095833,28.1848990897885
"AR66A","19",4,2022-04-16 01:06:54,40.204667,-71.095833,13.4048074599982
"AR66A","20",1,2022-04-16 11:10:29,40.210833,-70.558167,114.846575451062
"AR66A","20",2,2022-04-16 11:15:22,40.210833,-70.558167,67.8683337938023
"AR66A","20",3,2022-04-16 11:19:06,40.210833,-70.558167,28.0102590947147
"AR66A","20",4,2022-04-16 11:21:38,40.210833,-70.558167,10.0965979946083
"AR16","1",1,2017-05-04 11:10:06,40.421667,-68.195,50.835171215609
"AR16","1",2,2017-05-04 11:12:41,40.421667,-68.195,26.2436614861948
"AR16","1",3,2017-05-04 11:12:50,40.421667,-68.195,26.0035555276468
"AR16","1",4,2017-05-04 11:14:03,40.421667,-68.195,20.0940820624589
"AR16","1",5,2017-05-04 11:14:14,40.421667,-68.195,20.0295888820173
"AR16","1",6,2017-05-04 11:15:16,40.421667,-68.195,17.2176664488822
"AR16","1",7,2017-05-04 11:15:24,40.421667,-68.195,17.0757794303235
"AR16","1",8,2017-05-04 11:16:52,40.421667,-68.195,13.9711080760732
"AR16","1",9,2017-05-04 11:17:00,40.421667,-68.195,14.1507020461579
"AR16","1",10,2017-05-04 11:18:49,40.421667,-68.195,10.1390709875604
"AR16","1",11,2017-05-04 11:18:58,40.421667,-68.195,10.2055517871304
"AR16","1",12,2017-05-04 11:21:04,40.421667,-68.195,5.04677597938358
"AR16","1",13,2017-05-04 11:21:12,40.421667,-68.195,5.17081039216534
"AR16","1",14,2017-05-04 11:21:20,40.421667,-68.195,5.37521894031711
"AR16","2",1,2017-05-04 12:42:03,40.421167,-68.1975,100.198773505446
"AR16","2",2,2017-05-04 12:42:18,40.421167,-68.1975,100.445735189814
"AR16","2",3,2017-05-04 12:42:29,40.421167,-68.1975,100.324733919801
"AR16","2",4,2017-05-04 12:47:49,40.421167,-68.1975,20.8600620011828
"AR16","2",5,2017-05-04 12:47:58,40.421167,-68.1975,20.9582896736904
"AR16","2",6,2017-05-04 12:48:06,40.421167,-68.1975,20.9940088156377
"AR16","2",7,2017-05-04 12:48:14,40.421167,-68.1975,20.9721804518553
"AR16","2",8,2017-05-04 12:48:22,40.421167,-68.1975,21.054532903036
"AR16","2",9,2017-05-04 12:50:50,40.421167,-68.1975,20.7906080628693
"AR16","2",10,2017-05-04 12:51:59,40.421167,-68.1975,14.809543338253
"AR16","2",11,2017-05-04 12:52:12,40.421167,-68.1975,14.8522091504112
"AR16","2",12,2017-05-04 12:52:20,40.421167,-68.1975,14.3888381093701
"AR16","2",13,2017-05-04 12:52:29,40.421167,-68.1975,14.7500096319995
"AR16","2",14,2017-05-04 12:52:39,40.421167,-68.1975,14.8899138142147
"AR16","2",15,2017-05-04 12:52:48,40.421167,-68.1975,14.9484552521391
"AR16","2",16,2017-05-04 12:54:07,40.421167,-68.1975,10.799909512202
"AR16","2",17,2017-05-04 12:54:15,40.421167,-68.1975,10.7909792823392
"AR16","2",18,2017-05-04 12:54:22,40.421167,-68.1975,10.7016769622699
"AR16","2",19,2017-05-04 12:54:30,40.421167,-68.1975,10.8197544660569
"AR16","2",20,2017-05-04 12:54:38,40.421167,-68.1975,10.8207467136991
"AR16","2",21,2017-05-04 12:54:47,40.421167,-68.1975,10.9626380769819
"AR16","2",22,2017-05-04 12:54:56,40.421167,-68.1975,10.9090567345803
"AR16","2",23,2017-05-04 12:55:05,40.421167,-68.1975,10.9259249364797
"AR16","2",24,2017-05-04 12:55:20,40.421167,-68.1975,10.8683745948653
"AR16","3",1,2017-05-04 14:42:47,40.4025,-68.1935,119.877617716655
"AR16","3",2,2017-05-04 14:42:55,40.4025,-68.1935,119.778445586687
"AR16","3",3,2017-05-04 14:45:43,40.4025,-68.1935,89.8966892374845
"AR16","3",4,2017-05-04 14:45:53,40.4025,-68.1935,89.9809978424397
"AR16","3",5,2017-05-04 14:48:02,40.4025,-68.1935,60.0819989261724
"AR16","3",6,2017-05-04 14:48:13,40.4025,-68.1935,59.8945088498671
"AR16","3",7,2017-05-04 14:49:53,40.4025,-68.1935,40.2557085294286
"AR16","3",8,2017-05-04 14:50:03,40.4025,-68.1935,40.252732209591
"AR16","3",9,2017-05-04 14:51:38,40.4025,-68.1935,20.4255131313764
"AR16","3",10,2017-05-04 14:51:46,40.4025,-68.1935,20.1913531495768
"AR16","3",11,2017-05-04 14:52:53,40.4025,-68.1935,10.2412906858484
"AR16","3",12,2017-05-04 14:53:02,40.4025,-68.1935,10.3008258054526
"AR16","3",13,2017-05-04 14:53:13,40.4025,-68.1935,10.4288262539295
"AR16","4",1,2017-05-04 17:24:39,40.366167,-68.234833,42.4295429646602
"AR16","4",2,2017-05-04 17:24:48,40.366167,-68.234833,42.3204120067659
"AR16","4",3,2017-05-04 17:26:32,40.366167,-68.234833,38.3489976537723
"AR16","4",4,2017-05-04 17:26:40,40.366167,-68.234833,38.3648715592517
"AR16","4",5,2017-05-04 17:27:49,40.366167,-68.234833,34.2832530734887
"AR16","4",6,2017-05-04 17:27:57,40.366167,-68.234833,34.3338521480404
"AR16","4",7,2017-05-04 17:29:04,40.366167,-68.234833,26.9125209063296
"AR16","4",8,2017-05-04 17:29:13,40.366167,-68.234833,27.5604098771817
"AR16","4",9,2017-05-04 17:30:48,40.366167,-68.234833,18.7824809420289
"AR16","4",10,2017-05-04 17:30:55,40.366167,-68.234833,18.5106141263959
"AR16","4",11,2017-05-04 17:31:03,40.366167,-68.234833,18.609835633818
"AR16","4",12,2017-05-04 17:31:10,40.366167,-68.234833,18.5493105200142
"AR16","4",13,2017-05-04 17:31:18,40.366167,-68.234833,18.6088434189819
"AR16","4",14,2017-05-04 17:31:25,40.366167,-68.234833,18.5304584317298
"AR16","4",15,2017-05-04 17:31:33,40.366167,-68.234833,18.6554775110741
"AR16","4",16,2017-05-04 17:31:40,40.366167,-68.234833,18.614796707926
"AR16","4",17,2017-05-04 17:31:47,40.366167,-68.234833,18.5016841883678
"AR16","4",18,2017-05-04 17:31:54,40.366167,-68.234833,18.2675212298527
"AR16","4",19,2017-05-04 17:32:17,40.366167,-68.234833,18.4877931728826
"AR16","4",20,2017-05-04 17:33:42,40.366167,-68.234833,5.24525751907918
"AR16","4",21,2017-05-04 17:33:50,40.366167,-68.234833,5.44569791147376
"AR16","5",1,2017-05-04 18:36:03,40.369,-68.264167,17.9767969526435
"AR16","5",2,2017-05-04 18:36:11,40.369,-68.264167,18.1295984133133
"AR16","5",3,2017-05-04 18:36:18,40.369,-68.264167,17.8160576305921
"AR16","5",4,2017-05-04 18:36:25,40.369,-68.264167,18.0184700895982
"AR16","5",5,2017-05-04 18:36:31,40.369,-68.264167,17.9500070744046
"AR16","5",6,2017-05-04 18:36:38,40.369,-68.264167,17.7674389218866
"AR16","5",7,2017-05-04 18:36:45,40.369,-68.264167,17.9152794492444
"AR16","5",8,2017-05-04 18:36:52,40.369,-68.264167,17.8855129087012
"AR16","5",9,2017-05-04 18:36:59,40.369,-68.264167,17.7466023289047
"AR16","5",10,2017-05-04 18:37:06,40.369,-68.264167,18.4054345273986
"AR16","5",11,2017-05-04 18:37:13,40.369,-68.264167,18.126621762572
"AR16","5",12,2017-05-04 18:37:19,40.369,-68.264167,18.1673026522886
"AR16","5",13,2017-05-04 18:37:26,40.369,-68.264167,18.0998319039511
"AR16","5",14,2017-05-04 18:37:33,40.369,-68.264167,17.9003961795141
"AR16","5",15,2017-05-04 18:37:40,40.369,-68.264167,17.8378864348242
"AR16","5",16,2017-05-04 18:37:47,40.369,-68.264167,17.973820299679
"AR16","5",17,2017-05-04 18:37:53,40.369,-68.264167,17.8785673819513
"AR16","5",18,2017-05-04 18:38:00,40.369,-68.264167,17.8428475263703
"AR16","5",19,2017-05-04 18:38:07,40.369,-68.264167,18.0006101747998
"AR16","5",20,2017-05-04 18:38:13,40.369,-68.264167,18.0333533507393
"AR16","5",21,2017-05-04 18:38:20,40.369,-68.264167,18.1315828471168
"AR16","5",22,2017-05-04 18:38:27,40.369,-68.264167,17.9291705000158
"AR16","5",23,2017-05-04 18:38:33,40.369,-68.264167,18.0422833069042
"AR16","5",24,2017-05-04 18:38:40,40.369,-68.264167,18.1047929891455
"AR16","6",1,2017-05-04 20:06:48,40.3745,-68.295167,18.4371761880726
"AR16","6",2,2017-05-04 20:06:55,40.3745,-68.295167,18.5344132269205
"AR16","6",3,2017-05-04 20:07:02,40.3745,-68.295167,18.2248420854607
"AR16","6",4,2017-05-04 20:07:08,40.3745,-68.295167,18.276437308232
"AR16","6",5,2017-05-04 20:07:15,40.3745,-68.295167,18.2188887896883
"AR16","6",6,2017-05-04 20:07:21,40.3745,-68.295167,18.1107372196648
"AR16","6",7,2017-05-04 20:07:30,40.3745,-68.295167,18.2139277097457
"AR16","6",8,2017-05-04 20:07:41,40.3745,-68.295167,18.3706977777731
"AR16","6",9,2017-05-04 20:07:48,40.3745,-68.295167,18.4014564479101
"AR16","6",10,2017-05-04 20:07:55,40.3745,-68.295167,18.2159121417372
"AR16","6",11,2017-05-04 20:08:03,40.3745,-68.295167,18.1663013361755
"AR16","6",12,2017-05-04 20:08:09,40.3745,-68.295167,18.2516319142929
"AR16","6",13,2017-05-04 20:08:17,40.3745,-68.295167,18.2615540722294
"AR16","6",14,2017-05-04 20:08:23,40.3745,-68.295167,18.5423509423373
"AR16","6",15,2017-05-04 20:08:31,40.3745,-68.295167,18.2397253241339
"AR16","6",16,2017-05-04 20:08:37,40.3745,-68.295167,18.1335581979149
"AR16","6",17,2017-05-04 20:08:44,40.3745,-68.295167,18.3974875875071
"AR16","6",18,2017-05-04 20:08:51,40.3745,-68.295167,18.0492197873547
"AR16","6",19,2017-05-04 20:08:57,40.3745,-68.295167,18.2516319142929
"AR16","6",20,2017-05-04 20:09:04,40.3745,-68.295167,18.3220792252222
"AR16","6",21,2017-05-04 20:09:13,40.3745,-68.295167,18.4986935037341
"AR16","6",22,2017-05-04 20:09:20,40.3745,-68.295167,18.1940833887721
"AR16","6",23,2017-05-04 20:09:27,40.3745,-68.295167,17.8150564887116
"AR16","7",1,2017-05-04 21:13:57,40.380333,-68.3165,102.244265274168
"AR16","7",2,2017-05-04 21:14:08,40.380333,-68.3165,102.292863879137
"AR16","7",3,2017-05-04 21:14:25,40.380333,-68.3165,102.32360992939
"AR16","7",4,2017-05-04 21:17:30,40.380333,-68.3165,90.0922686704774
"AR16","7",5,2017-05-04 21:17:38,40.380333,-68.3165,90.0119274114163
"AR16","7",6,2017-05-04 21:20:58,40.380333,-68.3165,61.2140034054443
"AR16","7",7,2017-05-04 21:21:06,40.380333,-68.3165,61.1465469148647
"AR16","7",8,2017-05-04 21:23:09,40.380333,-68.3165,30.6340943681121
"AR16","7",9,2017-05-04 21:24:22,40.380333,-68.3165,20.2628327273368
"AR16","7",10,2017-05-04 21:25:13,40.380333,-68.3165,20.465242556829
"AR16","7",11,2017-05-04 21:25:43,40.380333,-68.3165,20.398764840794
"AR16","7",12,2017-05-04 21:26:57,40.380333,-68.3165,10.6342436256956
"AR16","7",13,2017-05-04 21:27:05,40.380333,-68.3165,10.4804444714188
"AR16","7",14,2017-05-04 21:27:12,40.380333,-68.3165,10.6759182153305
"AR16","7",15,2017-05-04 21:27:20,40.380333,-68.3165,10.5191423340269
"AR16","8",1,2017-05-04 22:50:50,40.378667,-68.334333,63.8239670081378
"AR16","8",2,2017-05-04 22:51:11,40.378667,-68.334333,63.9172144753718
"AR16","8",3,2017-05-04 22:52:51,40.378667,-68.334333,50.0228736281879
"AR16","8",4,2017-05-04 22:53:00,40.378667,-68.334333,50.289737977308
"AR16","8",5,2017-05-04 22:54:28,40.378667,-68.334333,39.7676778227226
"AR16","8",6,2017-05-04 22:54:36,40.378667,-68.334333,39.7537882665039
"AR16","8",7,2017-05-04 22:56:02,40.378667,-68.334333,23.7166746506241
"AR16","8",8,2017-05-04 22:56:10,40.378667,-68.334333,23.6581354948081
"AR16","8",9,2017-05-04 22:57:35,40.378667,-68.334333,10.264134764542
"AR16","8",10,2017-05-04 22:57:45,40.378667,-68.334333,10.0408774519836
"AR16","8",11,2017-05-04 22:58:47,40.378667,-68.334333,5.06664133506473
"AR16","8",12,2017-05-04 22:58:56,40.378667,-68.334333,5.00214316433077
"AR16","9",1,2017-05-05 03:56:09,40.084,-68.333,998.564124804472
"AR16","9",2,2017-05-05 03:56:17,40.084,-68.333,998.728057214004
"AR16","9",3,2017-05-05 03:56:25,40.084,-68.333,998.822861440248
"AR16","9",4,2017-05-05 03:56:33,40.084,-68.333,998.767558980174
"AR16","9",5,2017-05-05 03:56:41,40.084,-68.333,998.565112349493
"AR16","9",6,2017-05-05 03:56:49,40.084,-68.333,998.751758274603
"AR16","9",7,2017-05-05 03:56:57,40.084,-68.333,998.705343695069
"AR16","9",8,2017-05-05 03:57:07,40.084,-68.333,998.689542984786
"AR16","9",9,2017-05-05 03:57:15,40.084,-68.333,998.890014407772
"AR16","9",10,2017-05-05 03:57:32,40.084,-68.333,998.54931162859
"AR16","9",11,2017-05-05 03:57:42,40.084,-68.333,998.551286718769
"AR16","9",12,2017-05-05 04:14:55,40.084,-68.333,64.1143563306317
"AR16","9",13,2017-05-05 04:15:08,40.084,-68.333,64.2185183788138
"AR16","9",14,2017-05-05 04:16:32,40.084,-68.333,50.1313604170572
"AR16","9",15,2017-05-05 04:16:54,40.084,-68.333,50.3019993969261
"AR16","9",16,2017-05-05 04:18:21,40.084,-68.333,40.2102449644178
"AR16","9",17,2017-05-05 04:18:31,40.084,-68.333,40.1814730303675
"AR16","9",18,2017-05-05 04:21:00,40.084,-68.333,24.7115081500219
"AR16","9",19,2017-05-05 04:21:13,40.084,-68.333,24.4416266552716
"AR16","9",20,2017-05-05 04:22:40,40.084,-68.333,10.6742215423349
"AR16","9",21,2017-05-05 04:22:54,40.084,-68.333,10.5293487863031
"AR16","9a",1,2017-05-05 04:26:48,40.085833,-68.332,5.60758231312327
"AR16","9a",2,2017-05-05 04:26:53,40.085833,-68.332,5.4378983935853
"AR16","9a",3,2017-05-05 04:26:55,40.085833,-68.332,5.69887418820491
"AR16","9a",4,2017-05-05 04:26:57,40.085833,-68.332,5.65918207361051
"AR16","9a",5,2017-05-05 04:26:58,40.085833,-68.332,5.49346741197531
"AR16","9a",6,2017-05-05 04:27:00,40.085833,-68.332,5.49049050065854
"AR16","9a",7,2017-05-05 04:27:02,40.085833,-68.332,5.69292037150676
"AR16","9a",8,2017-05-05 04:27:04,40.085833,-68.332,5.57582860789218
"AR16","9a",9,2017-05-05 04:27:06,40.085833,-68.332,5.42202152841542
"AR16","9a",10,2017-05-05 04:27:07,40.085833,-68.332,5.59567467423926
"AR16","9a",11,2017-05-05 04:27:09,40.085833,-68.332,5.74154320280375
"AR16","9a",12,2017-05-05 04:27:11,40.085833,-68.332,5.38629857727745
"AR16","9a",13,2017-05-05 04:27:13,40.085833,-68.332,5.71475103188611
"AR16","9a",14,2017-05-05 04:27:15,40.085833,-68.332,5.57979782131564
"AR16","9a",15,2017-05-05 04:27:16,40.085833,-68.332,5.34859101097474
"AR16","9a",16,2017-05-05 04:27:18,40.085833,-68.332,5.67208201169851
"AR16","9a",17,2017-05-05 04:27:19,40.085833,-68.332,5.72169715060913
"AR16","9a",18,2017-05-05 04:27:21,40.085833,-68.332,5.54407489773179
"AR16","9a",19,2017-05-05 04:27:24,40.085833,-68.332,5.50239814566567
"AR16","9a",20,2017-05-05 04:27:37,40.085833,-68.332,5.33866796605555
"AR16","9a",21,2017-05-05 04:27:47,40.085833,-68.332,5.47957515879306
"AR16","9a",22,2017-05-05 04:27:54,40.085833,-68.332,5.39026779437864
"AR16","9a",23,2017-05-05 04:28:05,40.085833,-68.332,5.58079012465947
"AR16","10",1,2017-05-05 11:15:21,40.089,-68.3305,251.915760683078
"AR16","10",2,2017-05-05 11:15:25,40.089,-68.3305,251.893956224961
"AR16","10",3,2017-05-05 11:25:04,40.089,-68.3305,37.6951486634221
"AR16","10",4,2017-05-05 11:25:14,40.089,-68.3305,37.6237140434088
"AR16","10",5,2017-05-05 11:26:39,40.089,-68.3305,27.3606811954936
"AR16","10",6,2017-05-05 11:26:47,40.089,-68.3305,27.4906590172053
"AR16","10",7,2017-05-05 11:28:10,40.089,-68.3305,22.6496735829335
"AR16","10",8,2017-05-05 11:28:17,40.089,-68.3305,22.7588177835335
"AR16","10",9,2017-05-05 11:29:46,40.089,-68.3305,18.5735921145023
"AR16","10",10,2017-05-05 11:29:49,40.089,-68.3305,18.8216519731983
"AR16","10",11,2017-05-05 11:31:37,40.089,-68.3305,10.5194212090293
"AR16","10",12,2017-05-05 11:31:40,40.089,-68.3305,11.1326487732943
"AR16","10",13,2017-05-05 11:33:03,40.089,-68.3305,7.78666631664208
"AR16","10",14,2017-05-05 11:33:05,40.089,-68.3305,7.93848699062357
"AR16","11",1,2017-05-05 14:55:21,40.141333,-68.332333,848.747631123453
"AR16","11",2,2017-05-05 14:55:33,40.141333,-68.332333,848.528239436211
"AR16","11",3,2017-05-05 14:59:30,40.141333,-68.332333,746.184443447687
"AR16","11",4,2017-05-05 14:59:41,40.141333,-68.332333,747.192953989749
"AR16","11",5,2017-05-05 15:02:44,40.141333,-68.332333,698.13015698282
"AR16","11",6,2017-05-05 15:07:39,40.141333,-68.332333,501.929992895612
"AR16","11",7,2017-05-05 15:08:03,40.141333,-68.332333,501.936922231711
"AR16","11",8,2017-05-05 15:12:46,40.141333,-68.332333,301.062637436597
"AR16","11",9,2017-05-05 15:13:07,40.141333,-68.332333,301.759217958279
"AR16","11",10,2017-05-05 15:16:27,40.141333,-68.332333,203.543840428512
"AR16","11",11,2017-05-05 15:16:45,40.141333,-68.332333,203.428844917664
"AR16","11",12,2017-05-05 15:19:06,40.141333,-68.332333,153.664440366638
"AR16","11",13,2017-05-05 15:19:28,40.141333,-68.332333,153.934150295684
"AR16","11",14,2017-05-05 15:22:16,40.141333,-68.332333,103.920691421175
"AR16","11",15,2017-05-05 15:22:34,40.141333,-68.332333,104.26187785483
"AR16","11",16,2017-05-05 15:25:32,40.141333,-68.332333,76.0644731432883
"AR16","11",17,2017-05-05 15:25:45,40.141333,-68.332333,76.1408537954278
"AR16","11",18,2017-05-05 15:27:22,40.141333,-68.332333,51.2987766400035
"AR16","11",19,2017-05-05 15:27:38,40.141333,-68.332333,51.3543329262864
"AR16","11",20,2017-05-05 15:29:20,40.141333,-68.332333,26.151064508721
"AR16","11",21,2017-05-05 15:29:30,40.141333,-68.332333,26.144119118613
"AR16","11",22,2017-05-05 15:31:41,40.141333,-68.332333,10.6116526453042
"AR16","11",23,2017-05-05 15:31:50,40.141333,-68.332333,10.3496921601575
"AR16","12",1,2017-05-05 17:36:45,40.149333,-68.326167,150.781783646319
"AR16","12",2,2017-05-05 17:41:37,40.149333,-68.326167,38.6920420173551
"AR16","12",3,2017-05-05 17:41:45,40.149333,-68.326167,38.9321390427842
"AR16","12",4,2017-05-05 17:43:24,40.149333,-68.326167,26.850543768577
"AR16","12",5,2017-05-05 17:43:31,40.149333,-68.326167,27.0132635947509
"AR16","12",6,2017-05-05 17:44:18,40.149333,-68.326167,23.1178741797132
"AR16","12",7,2017-05-05 17:44:25,40.149333,-68.326167,23.0851311627639
"AR16","12",8,2017-05-05 17:45:08,40.149333,-68.326167,19.1926436610467
"AR16","12",9,2017-05-05 17:45:17,40.149333,-68.326167,19.2710299416299
"AR16","12",10,2017-05-05 17:46:14,40.149333,-68.326167,11.2476910615684
"AR16","12",11,2017-05-05 17:46:21,40.149333,-68.326167,11.2040311715183
"AR16","12",12,2017-05-05 17:46:29,40.149333,-68.326167,10.867651251637
"AR16","12",13,2017-05-05 17:46:36,40.149333,-68.326167,10.9043653110805
"AR16","12",14,2017-05-05 17:46:44,40.149333,-68.326167,10.8120840140003
"AR16","12",15,2017-05-05 17:46:52,40.149333,-68.326167,10.8061303805011
"AR16","12",16,2017-05-05 17:46:59,40.149333,-68.326167,11.1732707888425
"AR16","12",17,2017-05-05 17:47:07,40.149333,-68.326167,11.2099847934375
"AR16","12",18,2017-05-05 17:47:14,40.149333,-68.326167,11.0919045930146
"AR16","12",19,2017-05-05 17:47:21,40.149333,-68.326167,11.3211190374575
"AR16","12",20,2017-05-05 17:47:29,40.149333,-68.326167,11.1901393863665
"AR16","12",21,2017-05-05 17:47:36,40.149333,-68.326167,11.25166014202
"AR16","12",22,2017-05-05 17:47:43,40.149333,-68.326167,11.6019311886093
"AR16","12",23,2017-05-05 17:48:41,40.149333,-68.326167,5.24238413380016
"AR16","12",24,2017-05-05 17:48:51,40.149333,-68.326167,5.71471803289084
"AR16","13",1,2017-05-05 18:31:39,40.152167,-68.331667,11.451103383903
"AR16","13",2,2017-05-05 18:31:46,40.152167,-68.331667,11.6694024210548
"AR16","13",3,2017-05-05 18:31:52,40.152167,-68.331667,11.4441575016243
"AR16","13",4,2017-05-05 18:31:58,40.152167,-68.331667,11.6902400442403
"AR16","13",5,2017-05-05 18:32:05,40.152167,-68.331667,11.6019281980809
"AR16","13",6,2017-05-05 18:32:11,40.152167,-68.331667,11.6257426322599
"AR16","13",7,2017-05-05 18:32:17,40.152167,-68.331667,11.5195699251734
"AR16","13",8,2017-05-05 18:32:24,40.152167,-68.331667,11.4729332981006
"AR16","13",9,2017-05-05 18:32:30,40.152167,-68.331667,11.5691833465582
"AR16","13",10,2017-05-05 18:32:37,40.152167,-68.331667,11.4947632099689
"AR16","13",11,2017-05-05 18:32:43,40.152167,-68.331667,11.4759101044017
"AR16","13",12,2017-05-05 18:32:49,40.152167,-68.331667,11.7150467357413
"AR16","13",13,2017-05-05 18:32:55,40.152167,-68.331667,11.5364384897942
"AR16","13",14,2017-05-05 18:33:02,40.152167,-68.331667,11.2387577333535
"AR16","13",15,2017-05-05 18:33:08,40.152167,-68.331667,11.2834098744337
"AR16","13",16,2017-05-05 18:33:14,40.152167,-68.331667,11.541399832065
"AR16","13",17,2017-05-05 18:33:21,40.152167,-68.331667,11.7547374358862
"AR16","13",18,2017-05-05 18:33:26,40.152167,-68.331667,11.5146085823731
"AR16","13",19,2017-05-05 18:33:33,40.152167,-68.331667,11.6356653123497
"AR16","13",20,2017-05-05 18:33:39,40.152167,-68.331667,11.5483457110421
"AR16","13",21,2017-05-05 18:33:45,40.152167,-68.331667,11.8589254871287
"AR16","13",22,2017-05-05 18:33:52,40.152167,-68.331667,11.5185776566229
"AR16","13",23,2017-05-05 18:33:59,40.152167,-68.331667,11.6793250990269
"AR16","13",24,2017-05-05 18:34:05,40.152167,-68.331667,11.3905749732619
"AR16","14",1,2017-05-05 19:32:05,40.154333,-68.350167,10.9728270628808
"AR16","14",2,2017-05-05 19:32:16,40.154333,-68.350167,11.0591546220544
"AR16","14",3,2017-05-05 19:32:25,40.154333,-68.350167,11.1603661967622
"AR16","14",4,2017-05-05 19:32:34,40.154333,-68.350167,11.1722734375534
"AR16","14",5,2017-05-05 19:33:34,40.154333,-68.350167,11.0264096901045
"AR16","14",6,2017-05-05 19:33:43,40.154333,-68.350167,11.0869381965682
"AR16","14",7,2017-05-05 19:33:50,40.154333,-68.350167,11.1970801869758
"AR16","14",8,2017-05-05 19:33:57,40.154333,-68.350167,10.8309322600324
"AR16","14",9,2017-05-05 19:34:04,40.154333,-68.350167,10.8607004086482
"AR16","14",10,2017-05-05 19:34:10,40.154333,-68.350167,10.9817575017261
"AR16","14",11,2017-05-05 19:34:17,40.154333,-68.350167,10.9261903203552
"AR16","14",12,2017-05-05 19:34:24,40.154333,-68.350167,11.1573893864561
"AR16","14",13,2017-05-05 19:34:30,40.154333,-68.350167,11.0452628333824
"AR16","14",14,2017-05-05 19:34:37,40.154333,-68.350167,10.952981641829
"AR16","14",15,2017-05-05 19:34:43,40.154333,-68.350167,11.1494512254281
"AR16","14",16,2017-05-05 19:34:50,40.154333,-68.350167,11.1702888974697
"AR16","14",17,2017-05-05 19:34:57,40.154333,-68.350167,11.0720541392622
"AR16","14",18,2017-05-05 19:35:05,40.154333,-68.350167,10.8914608243337
"AR16","14",19,2017-05-05 19:35:12,40.154333,-68.350167,11.2427245980534
"AR16","14",20,2017-05-05 19:35:20,40.154333,-68.350167,11.3399670050849
"AR16","14",21,2017-05-05 19:35:28,40.154333,-68.350167,11.1444898746291
"AR16","14",22,2017-05-05 19:35:35,40.154333,-68.350167,11.2913458073471
"AR16","14",23,2017-05-05 19:35:42,40.154333,-68.350167,11.1266290107567
"AR16","14",24,2017-05-05 19:35:49,40.154333,-68.350167,11.1385362535116
"AR16","15",1,2017-05-07 11:46:02,36.8655,-71.420833,121.018899197352
"AR16","15",2,2017-05-07 11:46:09,36.8655,-71.420833,120.006032798923
"AR16","15",3,2017-05-07 11:48:19,36.8655,-71.420833,89.852861219901
"AR16","15",4,2017-05-07 11:48:23,36.8655,-71.420833,90.0780864240668
"AR16","15",5,2017-05-07 11:50:00,36.8655,-71.420833,70.2245756770903
"AR16","15",6,2017-05-07 11:50:08,36.8655,-71.420833,70.4180696215766
"AR16","15",7,2017-05-07 11:51:49,36.8655,-71.420833,48.4002626902747
"AR16","15",8,2017-05-07 11:52:04,36.8655,-71.420833,49.1544722601315
"AR16","15",9,2017-05-07 11:53:10,36.8655,-71.420833,37.1254908419315
"AR16","15",10,2017-05-07 11:53:22,36.8655,-71.420833,37.4261991794233
"AR16","15",11,2017-05-07 11:56:07,36.8655,-71.420833,6.42411980229015
"AR16","15",12,2017-05-07 11:56:28,36.8655,-71.420833,5.12184234775513
"AR16","16",1,2017-05-07 12:42:49,36.869833,-71.3985,91.3827651815346
"AR16","16",2,2017-05-07 12:42:58,36.869833,-71.3985,90.7904362839498
"AR16","16",3,2017-05-07 12:43:07,36.869833,-71.3985,91.3897104013358
"AR16","16",4,2017-05-07 12:43:15,36.869833,-71.3985,93.0158775303786
"AR16","16",5,2017-05-07 12:43:22,36.869833,-71.3985,93.544701522587
"AR16","16",6,2017-05-07 12:43:30,36.869833,-71.3985,93.0406816880906
"AR16","16",7,2017-05-07 12:46:00,36.869833,-71.3985,50.6390467084857
"AR16","16",8,2017-05-07 12:46:08,36.869833,-71.3985,49.9572862772192
"AR16","16",9,2017-05-07 12:46:16,36.869833,-71.3985,49.9562939023026
"AR16","16",10,2017-05-07 12:46:25,36.869833,-71.3985,50.7571388960928
"AR16","16",11,2017-05-07 12:46:33,36.869833,-71.3985,50.7611083802075
"AR16","16",12,2017-05-07 12:46:42,36.869833,-71.3985,49.3697994853011
"AR16","16",13,2017-05-07 12:48:04,36.869833,-71.3985,38.9843028558117
"AR16","16",14,2017-05-07 12:48:11,36.869833,-71.3985,40.0590996617732
"AR16","16",15,2017-05-07 12:48:20,36.869833,-71.3985,39.3048568795989
"AR16","16",16,2017-05-07 12:48:28,36.869833,-71.3985,38.3838829778828
"AR16","16",17,2017-05-07 12:48:36,36.869833,-71.3985,38.2032604552121
"AR16","16",18,2017-05-07 12:48:46,36.869833,-71.3985,38.5327475745865
"AR16","16",19,2017-05-07 12:48:55,36.869833,-71.3985,38.7252789591385
"AR16","16",20,2017-05-07 12:49:03,36.869833,-71.3985,39.202636920324
"AR16","16",21,2017-05-07 12:49:11,36.869833,-71.3985,39.7445013653926
"AR16","16",22,2017-05-07 12:49:20,36.869833,-71.3985,39.8893952780319
"AR16","16",23,2017-05-07 12:49:30,36.869833,-71.3985,40.0084860883595
"AR16","16",24,2017-05-07 12:49:38,36.869833,-71.3985,41.1219818132964
"AR16","17",1,2017-05-07 14:57:28,36.863167,-71.338667,993.454485649093
"AR16","17",2,2017-05-07 14:57:59,36.863167,-71.338667,995.78087423179
"AR16","17",3,2017-05-07 15:06:04,36.863167,-71.338667,744.420239823956
"AR16","17",4,2017-05-07 15:06:14,36.863167,-71.338667,744.478593110849
"AR16","17",5,2017-05-07 15:11:37,36.863167,-71.338667,496.031617522646
"AR16","17",6,2017-05-07 15:11:49,36.863167,-71.338667,495.970223518162
"AR16","17",7,2017-05-07 15:15:52,36.863167,-71.338667,302.624185511818
"AR16","17",8,2017-05-07 15:16:01,36.863167,-71.338667,302.55183119028
"AR16","17",9,2017-05-07 15:18:34,36.863167,-71.338667,203.938972202515
"AR16","17",10,2017-05-07 15:18:43,36.863167,-71.338667,204.350498547089
"AR16","17",11,2017-05-07 15:20:21,36.863167,-71.338667,154.626196316565
"AR16","17",12,2017-05-07 15:20:38,36.863167,-71.338667,153.322876388136
"AR16","17",13,2017-05-07 15:22:20,36.863167,-71.338667,105.896831281935
"AR16","17",14,2017-05-07 15:22:33,36.863167,-71.338667,104.817418623407
"AR16","17",15,2017-05-07 15:24:16,36.863167,-71.338667,80.7255918680068
"AR16","17",16,2017-05-07 15:24:29,36.863167,-71.338667,80.1530764022528
"AR16","17",17,2017-05-07 15:26:21,36.863167,-71.338667,55.9710230041792
"AR16","17",18,2017-05-07 15:26:32,36.863167,-71.338667,53.9228098742994
"AR16","17",19,2017-05-07 15:29:02,36.863167,-71.338667,26.1270085799626
"AR16","17",20,2017-05-07 15:29:14,36.863167,-71.338667,24.4179319211607
"AR16","17",21,2017-05-07 15:31:07,36.863167,-71.338667,10.4668862893755
"AR16","17",22,2017-05-07 15:31:17,36.863167,-71.338667,11.129919943693
"AR16","17",23,2017-05-07 15:31:25,36.863167,-71.338667,10.7090724840086
"AR16","17",24,2017-05-07 15:31:38,36.863167,-71.338667,9.90211491042337
"AR16","18",1,2017-05-07 17:22:18,36.8505,-71.277333,121.252187461913
"AR16","18",2,2017-05-07 17:22:29,36.8505,-71.277333,120.416895295879
"AR16","18",3,2017-05-07 17:24:08,36.8505,-71.277333,90.1932991856849
"AR16","18",4,2017-05-07 17:24:16,36.8505,-71.277333,91.2837040081676
"AR16","18",5,2017-05-07 17:25:43,36.8505,-71.277333,70.7297380505568
"AR16","18",6,2017-05-07 17:25:52,36.8505,-71.277333,71.3965464231158
"AR16","18",7,2017-05-07 17:27:17,36.8505,-71.277333,49.5723293169324
"AR16","18",8,2017-05-07 17:27:25,36.8505,-71.277333,48.5511693159612
"AR16","18",9,2017-05-07 17:29:06,36.8505,-71.277333,21.0682430067604
"AR16","18",10,2017-05-07 17:29:13,36.8505,-71.277333,21.019609684834
"AR16","18",11,2017-05-07 17:29:20,36.8505,-71.277333,20.3655400079409
"AR16","18",12,2017-05-07 17:29:28,36.8505,-71.277333,20.3149214784301
"AR16","18",13,2017-05-07 17:29:35,36.8505,-71.277333,21.0325124040223
"AR16","18",14,2017-05-07 17:29:43,36.8505,-71.277333,21.3848555751637
"AR16","18",15,2017-05-07 17:29:51,36.8505,-71.277333,20.7129217354508
"AR16","18",16,2017-05-07 17:29:59,36.8505,-71.277333,20.1005369793568
"AR16","18",17,2017-05-07 17:30:06,36.8505,-71.277333,20.2484226069091
"AR16","18",18,2017-05-07 17:30:14,36.8505,-71.277333,20.9451709044028
"AR16","18",19,2017-05-07 17:30:22,36.8505,-71.277333,21.6161114676496
"AR16","18",20,2017-05-07 17:30:33,36.8505,-71.277333,21.1873449708372
"AR16","18",21,2017-05-07 17:30:41,36.8505,-71.277333,20.5967970521454
"AR16","18",22,2017-05-07 17:30:49,36.8505,-71.277333,20.577939191373
"AR16","18",23,2017-05-07 17:32:31,36.8505,-71.277333,7.9328560511237
"AR16","18",24,2017-05-07 17:32:42,36.8505,-71.277333,7.54674192517178
"AR16","19",1,2017-05-07 19:40:32,36.838,-71.178833,921.707063828757
"AR16","19",2,2017-05-07 19:40:45,36.838,-71.178833,918.944042606301
"AR16","19",3,2017-05-07 19:45:00,36.838,-71.178833,734.27211067849
"AR16","19",4,2017-05-07 19:45:09,36.838,-71.178833,735.664743963636
"AR16","19",5,2017-05-07 19:51:01,36.838,-71.178833,505.420860628227
"AR16","19",6,2017-05-07 19:51:11,36.838,-71.178833,507.404187554829
"AR16","19",7,2017-05-07 19:57:04,36.838,-71.178833,315.475801959437
"AR16","19",8,2017-05-07 19:57:12,36.838,-71.178833,316.487707719333
"AR16","19",9,2017-05-07 20:00:40,36.838,-71.178833,209.396310294323
"AR16","19",10,2017-05-07 20:00:49,36.838,-71.178833,210.381964897751
"AR16","19",11,2017-05-07 20:03:53,36.838,-71.178833,104.155912396893
"AR16","19",12,2017-05-07 20:04:07,36.838,-71.178833,103.973363110003
"AR16","19",13,2017-05-07 20:05:55,36.838,-71.178833,79.7136960166644
"AR16","19",14,2017-05-07 20:06:03,36.838,-71.178833,79.9309950531165
"AR16","19",15,2017-05-07 20:07:32,36.838,-71.178833,54.8388748806731
"AR16","19",16,2017-05-07 20:07:40,36.838,-71.178833,53.7641526160076
"AR16","19",17,2017-05-07 20:09:20,36.838,-71.178833,29.6890939916687
"AR16","19",18,2017-05-07 20:09:27,36.838,-71.178833,30.1208205763171
"AR16","19",19,2017-05-07 20:11:02,36.838,-71.178833,9.95672842437515
"AR16","19",20,2017-05-07 20:11:16,36.838,-71.178833,10.3696378122551
"AR16","20",1,2017-05-07 22:42:43,36.7675,-71.100167,150.654998447856
"AR16","20",2,2017-05-07 22:44:21,36.7675,-71.100167,119.447559773927
"AR16","20",3,2017-05-07 22:44:29,36.7675,-71.100167,120.208458758459
"AR16","20",4,2017-05-07 22:46:25,36.7675,-71.100167,88.4070215391314
"AR16","20",5,2017-05-07 22:46:33,36.7675,-71.100167,89.0757616784463
"AR16","20",6,2017-05-07 22:48:02,36.7675,-71.100167,71.8882489406546
"AR16","20",7,2017-05-07 22:48:10,36.7675,-71.100167,72.8795319244104
"AR16","20",8,2017-05-07 22:50:20,36.7675,-71.100167,48.5683966208954
"AR16","20",9,2017-05-07 22:50:30,36.7675,-71.100167,49.1231422350284
"AR16","20",10,2017-05-07 22:52:45,36.7675,-71.100167,21.281790314806
"AR16","20",11,2017-05-07 22:52:56,36.7675,-71.100167,22.425173516278
"AR16","20",12,2017-05-07 22:55:31,36.7675,-71.100167,7.07134642812196
"AR16","20",13,2017-05-07 22:55:46,36.7675,-71.100167,7.44555320782183
"AR16","21",1,2017-05-08 00:47:30,36.742833,-71.067667,1972.77623829398
"AR16","21",2,2017-05-08 00:47:37,36.742833,-71.067667,1972.25017939003
"AR16","21",3,2017-05-08 00:47:45,36.742833,-71.067667,1971.70248677562
"AR16","21",4,2017-05-08 00:47:53,36.742833,-71.067667,1972.30622684917
"AR16","21",5,2017-05-08 00:48:01,36.742833,-71.067667,1972.85686776807
"AR16","21",6,2017-05-08 00:48:10,36.742833,-71.067667,1972.68085948641
"AR16","21",7,2017-05-08 00:48:18,36.742833,-71.067667,1971.71231968956
"AR16","21",8,2017-05-08 00:48:26,36.742833,-71.067667,1971.90897787298
"AR16","21",9,2017-05-08 00:48:37,36.742833,-71.067667,1972.06237112989
"AR16","21",10,2017-05-08 00:48:44,36.742833,-71.067667,1972.18331573526
"AR16","21",11,2017-05-08 00:48:51,36.742833,-71.067667,1972.29836054001
"AR16","21",12,2017-05-08 00:49:02,36.742833,-71.067667,1971.55302642777
"AR16","21",13,2017-05-08 00:49:09,36.742833,-71.067667,1971.29245385976
"AR16","21",14,2017-05-08 00:49:17,36.742833,-71.067667,1972.45175351625
"AR16","21",15,2017-05-08 00:49:25,36.742833,-71.067667,1972.9492966398
"AR16","21",16,2017-05-08 00:49:32,36.742833,-71.067667,1972.44487050045
"AR16","21",17,2017-05-08 00:49:40,36.742833,-71.067667,1972.7054416574
"AR16","21",18,2017-05-08 00:49:48,36.742833,-71.067667,1973.38095860501
"AR16","21",19,2017-05-08 00:49:57,36.742833,-71.067667,1972.36817402367
"AR16","21",20,2017-05-08 00:50:05,36.742833,-71.067667,1973.41832338087
"AR16","21",21,2017-05-08 00:50:12,36.742833,-71.067667,1973.63759548594
"AR16","21",22,2017-05-08 00:50:20,36.742833,-71.067667,1973.02205976591
"AR16","21",23,2017-05-08 00:50:30,36.742833,-71.067667,1973.52648453717
"AR16","21",24,2017-05-08 00:50:37,36.742833,-71.067667,1973.85096767622
"AR16","22",1,2017-05-08 03:37:14,36.718833,-71.0275,1976.77843817446
"AR16","22",2,2017-05-08 03:37:25,36.718833,-71.0275,1977.46672611054
"AR16","22",3,2017-05-08 03:37:34,36.718833,-71.0275,1976.62504798826
"AR16","22",4,2017-05-08 03:37:46,36.718833,-71.0275,1975.01444435852
"AR16","22",5,2017-05-08 03:37:58,36.718833,-71.0275,1975.62407598166
"AR16","22",6,2017-05-08 03:38:11,36.718833,-71.0275,1977.06850264746
"AR16","22",7,2017-05-08 03:38:19,36.718833,-71.0275,1976.19830804248
"AR16","22",8,2017-05-08 03:38:27,36.718833,-71.0275,1976.72829139498
"AR16","22",9,2017-05-08 03:38:35,36.718833,-71.0275,1976.91904574803
"AR16","22",10,2017-05-08 03:38:43,36.718833,-71.0275,1976.97115902093
"AR16","22",11,2017-05-08 03:38:51,36.718833,-71.0275,1976.69191039071
"AR16","22",12,2017-05-08 03:39:00,36.718833,-71.0275,1975.61031012557
"AR16","22",13,2017-05-08 04:12:15,36.718833,-71.0275,119.572080354637
"AR16","22",14,2017-05-08 04:12:23,36.718833,-71.0275,119.787355335304
"AR16","22",15,2017-05-08 04:14:07,36.718833,-71.0275,90.3610383940864
"AR16","22",16,2017-05-08 04:14:16,36.718833,-71.0275,89.6168926800875
"AR16","22",17,2017-05-08 04:15:34,36.718833,-71.0275,69.3721159491521
"AR16","22",18,2017-05-08 04:15:41,36.718833,-71.0275,69.6717885538688
"AR16","22",19,2017-05-08 04:17:05,36.718833,-71.0275,48.2282139452704
"AR16","22",20,2017-05-08 04:17:12,36.718833,-71.0275,47.7518630437766
"AR16","22",21,2017-05-08 04:18:46,36.718833,-71.0275,19.7484216767153
"AR16","22",22,2017-05-08 04:18:54,36.718833,-71.0275,19.7643022300364
"AR16","22",23,2017-05-08 04:20:19,36.718833,-71.0275,4.41616505027415
"AR16","22",24,2017-05-08 04:20:27,36.718833,-71.0275,5.53383971883541
"AR16","23",1,2017-05-08 05:41:31,36.707667,-71.0085,1990.81808713976
"AR16","23",2,2017-05-08 05:41:39,36.707667,-71.0085,1991.67249161125
"AR16","23",3,2017-05-08 05:41:47,36.707667,-71.0085,1993.50320633326
"AR16","23",4,2017-05-08 05:41:55,36.707667,-71.0085,1994.12851667018
"AR16","23",5,2017-05-08 05:42:10,36.707667,-71.0085,1995.0979407002
"AR16","23",6,2017-05-08 05:42:19,36.707667,-71.0085,1995.72521272047
"AR16","23",7,2017-05-08 05:42:27,36.707667,-71.0085,1996.78311557746
"AR16","23",8,2017-05-08 05:42:35,36.707667,-71.0085,1997.67878944491
"AR16","23",9,2017-05-08 05:42:43,36.707667,-71.0085,1997.91475119786
"AR16","23",10,2017-05-08 05:42:51,36.707667,-71.0085,1998.53414955523
"AR16","23",11,2017-05-08 05:43:00,36.707667,-71.0085,1998.11040261972
"AR16","23",12,2017-05-08 05:43:08,36.707667,-71.0085,1999.86339201111
"AR16","23",13,2017-05-08 05:43:16,36.707667,-71.0085,2000.30483238175
"AR16","23",14,2017-05-08 05:43:24,36.707667,-71.0085,2001.73237938658
"AR16","23",15,2017-05-08 05:43:32,36.707667,-71.0085,2002.37732861377
"AR16","23",16,2017-05-08 05:43:39,36.707667,-71.0085,2002.50907105102
"AR16","23",17,2017-05-08 05:43:47,36.707667,-71.0085,2003.11174250449
"AR16","23",18,2017-05-08 05:43:55,36.707667,-71.0085,2003.40963657344
"AR16","23",19,2017-05-08 05:44:07,36.707667,-71.0085,2004.6847757826
"AR16","23",20,2017-05-08 05:44:16,36.707667,-71.0085,2006.26664565498
"AR16","23",21,2017-05-08 05:44:25,36.707667,-71.0085,2007.50440885247
"AR16","23",22,2017-05-08 05:44:33,36.707667,-71.0085,2008.66154871891
"AR16","23",23,2017-05-08 05:44:42,36.707667,-71.0085,2008.32433698556
"AR16","23",24,2017-05-08 05:44:50,36.707667,-71.0085,2009.67711319186
"AR16","24",1,2017-05-08 11:15:31,36.859667,-70.833667,151.982895667091
"AR16","24",2,2017-05-08 11:15:39,36.859667,-70.833667,152.186231381687
"AR16","24",3,2017-05-08 11:18:00,36.859667,-70.833667,121.023921867642
"AR16","24",4,2017-05-08 11:18:08,36.859667,-70.833667,120.619172522581
"AR16","24",5,2017-05-08 11:20:26,36.859667,-70.833667,89.9223604014159
"AR16","24",6,2017-05-08 11:20:36,36.859667,-70.833667,89.2734721908099
"AR16","24",7,2017-05-08 11:22:05,36.859667,-70.833667,69.9507431453332
"AR16","24",8,2017-05-08 11:22:17,36.859667,-70.833667,69.1132580031129
"AR16","24",9,2017-05-08 11:23:54,36.859667,-70.833667,48.1561612409782
"AR16","24",10,2017-05-08 11:24:10,36.859667,-70.833667,48.4082267580125
"AR16","24",11,2017-05-08 11:26:00,36.859667,-70.833667,19.8841510702774
"AR16","24",12,2017-05-08 11:26:08,36.859667,-70.833667,20.0637973996732
"AR16","24",13,2017-05-08 11:27:49,36.859667,-70.833667,5.52583002490313
"AR16","24",14,2017-05-08 11:28:09,36.859667,-70.833667,6.69708432984371
"AR16","25",1,2017-05-08 12:40:25,36.85,-70.821833,1002.47162389243
"AR16","25",2,2017-05-08 12:51:15,36.85,-70.821833,500.586199101314
"AR16","25",3,2017-05-08 12:51:25,36.85,-70.821833,500.281215717497
"AR16","25",4,2017-05-08 12:51:33,36.85,-70.821833,500.50599247582
"AR16","25",5,2017-05-08 12:51:40,36.85,-70.821833,500.680268560679
"AR16","25",6,2017-05-08 12:51:49,36.85,-70.821833,500.387167788229
"AR16","25",7,2017-05-08 12:51:56,36.85,-70.821833,500.537679047636
"AR16","25",8,2017-05-08 12:52:03,36.85,-70.821833,501.535803572572
"AR16","25",9,2017-05-08 12:52:11,36.85,-70.821833,501.518970163214
"AR16","25",10,2017-05-08 12:55:33,36.85,-70.821833,403.356861491133
"AR16","25",11,2017-05-08 12:58:56,36.85,-70.821833,299.388388331855
"AR16","25",12,2017-05-08 13:01:47,36.85,-70.821833,198.339388335746
"AR16","25",13,2017-05-08 13:04:51,36.85,-70.821833,100.840129285909
"AR16","25",14,2017-05-08 13:06:47,36.85,-70.821833,76.9690778065061
"AR16","25",15,2017-05-08 13:08:47,36.85,-70.821833,51.6225752771402
"AR16","25",16,2017-05-08 13:08:54,36.85,-70.821833,51.1680699595121
"AR16","25",17,2017-05-08 13:10:41,36.85,-70.821833,26.5240355257119
"AR16","25",18,2017-05-08 13:11:43,36.85,-70.821833,21.3342382422691
"AR16","25",19,2017-05-08 13:11:52,36.85,-70.821833,21.293545106408
"AR16","25",20,2017-05-08 13:11:58,36.85,-70.821833,21.0047228608475
"AR16","25",21,2017-05-08 13:12:06,36.85,-70.821833,21.2042186822427
"AR16","25",22,2017-05-08 13:12:13,36.85,-70.821833,21.0086929288412
"AR16","25",23,2017-05-08 13:12:20,36.85,-70.821833,21.1178697684917
"AR16","25",24,2017-05-08 13:12:27,36.85,-70.821833,20.8419500067991
"AR16","26",1,2017-05-09 11:09:40,34.006167,-69.969,100.629919118562
"AR16","26",2,2017-05-09 11:09:52,34.006167,-69.969,100.02754528813
"AR16","26",3,2017-05-09 11:11:14,34.006167,-69.969,81.5029416136318
"AR16","26",4,2017-05-09 11:11:33,34.006167,-69.969,81.1178629812364
"AR16","26",5,2017-05-09 11:13:18,34.006167,-69.969,62.3017219689137
"AR16","26",6,2017-05-09 11:13:26,34.006167,-69.969,62.1687185149403
"AR16","26",7,2017-05-09 11:14:55,34.006167,-69.969,38.6962268175647
"AR16","26",8,2017-05-09 11:15:06,34.006167,-69.969,38.1442975749534
"AR16","26",9,2017-05-09 11:16:32,34.006167,-69.969,17.0497572831026
"AR16","26",10,2017-05-09 11:16:46,34.006167,-69.969,16.5990337086875
"AR16","26",11,2017-05-09 11:18:02,34.006167,-69.969,5.65230134226865
"AR16","26",12,2017-05-09 11:18:11,34.006167,-69.969,5.58875973916246
"AR16","27",1,2017-05-09 12:32:48,33.9985,-69.966833,82.0101468131118
"AR16","27",2,2017-05-09 12:32:56,33.9985,-69.966833,82.1480998137952
"AR16","27",3,2017-05-09 12:33:03,33.9985,-69.966833,81.9416665121003
"AR16","27",4,2017-05-09 12:33:11,33.9985,-69.966833,81.9674706861823
"AR16","27",5,2017-05-09 12:33:21,33.9985,-69.966833,82.1659642243596
"AR16","27",6,2017-05-09 12:33:31,33.9985,-69.966833,81.7511125106145
"AR16","27",7,2017-05-09 12:35:53,33.9985,-69.966833,38.0976665985589
"AR16","27",8,2017-05-09 12:36:01,33.9985,-69.966833,37.9189839930479
"AR16","27",9,2017-05-09 12:36:08,33.9985,-69.966833,37.6231646701001
"AR16","27",10,2017-05-09 12:36:18,33.9985,-69.966833,37.9537278452186
"AR16","27",11,2017-05-09 12:36:27,33.9985,-69.966833,37.46135727575
"AR16","27",12,2017-05-09 12:36:53,33.9985,-69.966833,37.8842401349827
"AR16","27",13,2017-05-09 12:38:30,33.9985,-69.966833,16.168175472182
"AR16","27",14,2017-05-09 12:38:38,33.9985,-69.966833,16.0192573624323
"AR16","27",15,2017-05-09 12:38:45,33.9985,-69.966833,15.94281269068
"AR16","27",16,2017-05-09 12:39:14,33.9985,-69.966833,16.2823459496218
"AR16","27",17,2017-05-09 12:39:27,33.9985,-69.966833,16.1433557947471
"AR16","27",18,2017-05-09 12:39:34,33.9985,-69.966833,16.1423630075871
"AR16","27",19,2017-05-09 12:39:43,33.9985,-69.966833,16.1086082412826
"AR16","27",20,2017-05-09 12:39:51,33.9985,-69.966833,16.416372081016
"AR16","27",21,2017-05-09 12:39:59,33.9985,-69.966833,16.0103222724021
"AR16","27",22,2017-05-09 12:40:07,33.9985,-69.966833,16.0808101942641
"AR16","27",23,2017-05-09 12:40:17,33.9985,-69.966833,16.1026515172393
"AR16","27",24,2017-05-09 12:40:24,33.9985,-69.966833,15.9567117240311
"AR16","28",1,2017-05-09 14:58:14,33.9985,-69.952,1001.58434572581
"AR16","28",2,2017-05-09 15:01:21,33.9985,-69.952,901.031371075405
"AR16","28",3,2017-05-09 15:05:15,33.9985,-69.952,751.498251586533
"AR16","28",4,2017-05-09 15:10:55,33.9985,-69.952,502.205126961494
"AR16","28",5,2017-05-09 15:15:34,33.9985,-69.952,303.081399709121
"AR16","28",6,2017-05-09 15:17:51,33.9985,-69.952,253.529206823588
"AR16","28",7,2017-05-09 15:18:17,33.9985,-69.952,253.328895606548
"AR16","28",8,2017-05-09 15:20:23,33.9985,-69.952,203.710159134932
"AR16","28",9,2017-05-09 15:20:36,33.9985,-69.952,203.490953634375
"AR16","28",10,2017-05-09 15:20:51,33.9985,-69.952,203.395733072585
"AR16","28",11,2017-05-09 15:23:34,33.9985,-69.952,153.935579478455
"AR16","28",12,2017-05-09 15:23:50,33.9985,-69.952,153.828430490165
"AR16","28",13,2017-05-09 15:24:04,33.9985,-69.952,154.278852712447
"AR16","28",14,2017-05-09 15:26:22,33.9985,-69.952,113.912532115928
"AR16","28",15,2017-05-09 15:26:37,33.9985,-69.952,114.074279160942
"AR16","28",16,2017-05-09 15:26:49,33.9985,-69.952,114.357088104926
"AR16","28",17,2017-05-09 15:29:47,33.9985,-69.952,83.8759780945919
"AR16","28",18,2017-05-09 15:30:09,33.9985,-69.952,83.8620836690944
"AR16","28",19,2017-05-09 15:30:24,33.9985,-69.952,84.3404483478076
"AR16","28",20,2017-05-09 15:32:20,33.9985,-69.952,54.7750161647271
"AR16","28",21,2017-05-09 15:34:00,33.9985,-69.952,29.2804867238827
"AR16","28",22,2017-05-09 15:34:23,33.9985,-69.952,29.1851852501946
"AR16","28",23,2017-05-09 15:34:36,33.9985,-69.952,29.7669206381491
"AR16","28",24,2017-05-09 15:36:00,33.9985,-69.952,15.4285477932349
"AR16","29",1,2017-05-09 18:23:51,33.9985,-69.9335,3932.33267157333
"AR16","29",2,2017-05-09 18:24:01,33.9985,-69.9335,3933.04126766013
"AR16","29",3,2017-05-09 18:24:14,33.9985,-69.9335,3932.61435584627
"AR16","29",4,2017-05-09 18:24:36,33.9985,-69.9335,3932.7859004183
"AR16","29",5,2017-05-09 18:24:59,33.9985,-69.9335,3932.37750715631
"AR16","29",6,2017-05-09 18:25:21,33.9985,-69.9335,3933.29760928999
"AR16","29",7,2017-05-09 18:25:30,33.9985,-69.9335,3934.04324010112
"AR16","29",8,2017-05-09 18:25:39,33.9985,-69.9335,3932.67771039118
"AR16","29",9,2017-05-09 18:25:47,33.9985,-69.9335,3932.62897612747
"AR16","29",10,2017-05-09 18:25:55,33.9985,-69.9335,3933.51106464135
"AR16","29",11,2017-05-09 18:26:03,33.9985,-69.9335,3932.21863320179
"AR16","29",12,2017-05-09 18:26:11,33.9985,-69.9335,3932.66893822451
"AR16","29",13,2017-05-09 18:26:20,33.9985,-69.9335,3932.48569733006
"AR16","29",14,2017-05-09 18:26:29,33.9985,-69.9335,3932.10849352227
"AR16","29",15,2017-05-09 18:26:36,33.9985,-69.9335,3931.44375553269
"AR16","29",16,2017-05-09 18:26:45,33.9985,-69.9335,3932.16892414967
"AR16","29",17,2017-05-09 18:26:53,33.9985,-69.9335,3933.04711576145
"AR16","29",18,2017-05-09 18:27:01,33.9985,-69.9335,3933.15043219276
"AR16","29",19,2017-05-09 18:27:09,33.9985,-69.9335,3933.20403975605
"AR16","29",20,2017-05-09 18:27:16,33.9985,-69.9335,3933.14750814348
"AR16","29",21,2017-05-09 18:27:24,33.9985,-69.9335,3932.85120428297
"AR16","29",22,2017-05-09 18:27:32,33.9985,-69.9335,3933.08317904955
"AR16","29",23,2017-05-09 18:27:40,33.9985,-69.9335,3933.24010301861
"AR16","29",24,2017-05-09 18:27:48,33.9985,-69.9335,3933.16895117064
"AR16","30",1,2017-05-09 22:42:11,33.985,-69.871333,149.785672459894
"AR16","30",2,2017-05-09 22:42:21,33.985,-69.871333,150.033707612225
"AR16","30",3,2017-05-09 22:44:54,33.985,-69.871333,99.6774152420042
"AR16","30",4,2017-05-09 22:45:04,33.985,-69.871333,100.116048316439
"AR16","30",5,2017-05-09 22:46:18,33.985,-69.871333,82.1372774916716
"AR16","30",6,2017-05-09 22:46:27,33.985,-69.871333,81.8484689560453
"AR16","30",7,2017-05-09 22:47:41,33.985,-69.871333,62.0229239091537
"AR16","30",8,2017-05-09 22:47:49,33.985,-69.871333,61.9028233982392
"AR16","30",9,2017-05-09 22:49:12,33.985,-69.871333,38.1145861692164
"AR16","30",10,2017-05-09 22:49:20,33.985,-69.871333,38.1195495780203
"AR16","30",11,2017-05-09 22:50:55,33.985,-69.871333,16.4114270971117
"AR16","30",12,2017-05-09 22:51:03,33.985,-69.871333,16.1662085603418
"AR16","30",13,2017-05-09 22:52:20,33.985,-69.871333,5.615576520195
"AR16","30",14,2017-05-09 22:52:34,33.985,-69.871333,5.36140948370811
"AR16","31",1,2017-05-10 01:05:00,33.9835,-69.868667,2956.74462496079
"AR16","31",2,2017-05-10 01:05:07,33.9835,-69.868667,2956.59385374961
"AR16","31",3,2017-05-10 01:05:14,33.9835,-69.868667,2956.25021248097
"AR16","31",4,2017-05-10 01:05:21,33.9835,-69.868667,2956.41273235102
"AR16","31",5,2017-05-10 01:05:28,33.9835,-69.868667,2957.01287997379
"AR16","31",6,2017-05-10 01:05:35,33.9835,-69.868667,2957.21064440621
"AR16","31",7,2017-05-10 01:05:43,33.9835,-69.868667,2956.98644610037
"AR16","31",8,2017-05-10 01:05:50,33.9835,-69.868667,2956.35496927861
"AR16","31",9,2017-05-10 01:05:56,33.9835,-69.868667,2956.72014912194
"AR16","31",10,2017-05-10 01:06:04,33.9835,-69.868667,2956.85525571798
"AR16","31",11,2017-05-10 01:06:12,33.9835,-69.868667,2957.11078318067
"AR16","31",12,2017-05-10 01:06:20,33.9835,-69.868667,2957.05008319761
"AR16","31",13,2017-05-10 01:06:28,33.9835,-69.868667,2956.04657295404
"AR16","31",14,2017-05-10 01:06:35,33.9835,-69.868667,2956.26000283803
"AR16","31",15,2017-05-10 01:06:43,33.9835,-69.868667,2956.35399024335
"AR16","31",16,2017-05-10 01:06:51,33.9835,-69.868667,2956.75637336246
"AR16","31",17,2017-05-10 01:06:59,33.9835,-69.868667,2957.02267029647
"AR16","31",18,2017-05-10 01:07:07,33.9835,-69.868667,2957.25176372102
"AR16","31",19,2017-05-10 01:07:17,33.9835,-69.868667,2956.29426908427
"AR16","31",20,2017-05-10 01:07:26,33.9835,-69.868667,2957.20379118631
"AR16","31",21,2017-05-10 01:07:36,33.9835,-69.868667,2956.94238963751
"AR16","31",22,2017-05-10 01:07:46,33.9835,-69.868667,2956.99917352131
"AR16","31",23,2017-05-10 01:07:55,33.9835,-69.868667,2956.94826383308
"AR16","31",24,2017-05-10 01:27:44,33.9835,-69.868667,1976.18874845963
"AR16","32",1,2017-05-10 04:02:03,33.976333,-69.840333,2957.93204317496
"AR16","32",2,2017-05-10 04:02:11,33.976333,-69.840333,2957.83414027759
"AR16","32",3,2017-05-10 04:02:27,33.976333,-69.840333,2957.24378487089
"AR16","32",4,2017-05-10 04:02:44,33.976333,-69.840333,2958.06714910084
"AR16","32",5,2017-05-10 04:02:52,33.976333,-69.840333,2957.54924259514
"AR16","32",6,2017-05-10 04:02:59,33.976333,-69.840333,2957.27511388803
"AR16","32",7,2017-05-10 04:03:07,33.976333,-69.840333,2958.04169436761
"AR16","32",8,2017-05-10 04:03:15,33.976333,-69.840333,2957.78029366523
"AR16","32",9,2017-05-10 04:03:24,33.976333,-69.840333,2957.28979936325
"AR16","32",10,2017-05-10 04:03:32,33.976333,-69.840333,2957.99665906304
"AR16","32",11,2017-05-10 04:03:40,33.976333,-69.840333,2957.77441948853
"AR16","32",12,2017-05-10 04:03:48,33.976333,-69.840333,2957.93889637612
"AR16","32",13,2017-05-10 04:03:56,33.976333,-69.840333,2957.82924513157
"AR16","32",14,2017-05-10 04:04:05,33.976333,-69.840333,2957.65595689111
"AR16","32",15,2017-05-10 04:04:13,33.976333,-69.840333,2958.02798797156
"AR16","32",16,2017-05-10 04:04:21,33.976333,-69.840333,2957.14000746935
"AR16","32",17,2017-05-10 04:04:29,33.976333,-69.840333,2956.97455094357
"AR16","32",18,2017-05-10 04:04:37,33.976333,-69.840333,2957.43763309187
"AR16","32",19,2017-05-10 04:04:45,33.976333,-69.840333,2958.26980783205
"AR16","32",20,2017-05-10 04:04:53,33.976333,-69.840333,2957.76267113464
"AR16","32",21,2017-05-10 04:05:01,33.976333,-69.840333,2957.07930745678
"AR16","32",22,2017-05-10 04:05:09,33.976333,-69.840333,2957.72840509886
"AR16","32",23,2017-05-10 04:05:17,33.976333,-69.840333,2957.97609946438
"AR16","32",24,2017-05-10 04:05:25,33.976333,-69.840333,2957.42588471976
"AR16","33",1,2017-05-10 07:00:13,33.9695,-69.789167,2958.39685082646
"AR16","33",2,2017-05-10 07:00:28,33.9695,-69.789167,2958.42132650599
"AR16","33",3,2017-05-10 07:00:41,33.9695,-69.789167,2958.50650184928
"AR16","33",4,2017-05-10 07:00:53,33.9695,-69.789167,2958.87559461746
"AR16","33",5,2017-05-10 07:01:03,33.9695,-69.789167,2958.28230460955
"AR16","33",6,2017-05-10 07:01:12,33.9695,-69.789167,2958.73951008894
"AR16","33",7,2017-05-10 07:01:22,33.9695,-69.789167,2958.38706055387
"AR16","33",8,2017-05-10 07:01:32,33.9695,-69.789167,2958.26761919276
"AR16","33",9,2017-05-10 07:01:43,33.9695,-69.789167,2958.9069234177
"AR16","33",10,2017-05-10 07:01:52,33.9695,-69.789167,2957.46971005407
"AR16","33",11,2017-05-10 07:02:01,33.9695,-69.789167,2958.11978594172
"AR16","33",12,2017-05-10 07:02:10,33.9695,-69.789167,2958.70524418702
"AR16","33",13,2017-05-10 07:02:19,33.9695,-69.789167,2958.8383916613
"AR16","33",14,2017-05-10 07:02:30,33.9695,-69.789167,2959.0743366174
"AR16","33",15,2017-05-10 07:02:39,33.9695,-69.789167,2958.80608382578
"AR16","33",16,2017-05-10 07:02:48,33.9695,-69.789167,2957.25530206796
"AR16","33",17,2017-05-10 07:02:57,33.9695,-69.789167,2957.65572594358
"AR16","33",18,2017-05-10 07:03:05,33.9695,-69.789167,2958.32538182642
"AR16","33",19,2017-05-10 07:03:15,33.9695,-69.789167,2958.5564322074
"AR16","33",20,2017-05-10 07:03:24,33.9695,-69.789167,2957.28369400522
"AR16","33",21,2017-05-10 07:03:32,33.9695,-69.789167,2958.58482397454
"AR16","33",22,2017-05-10 07:03:41,33.9695,-69.789167,2958.39978790815
"AR16","33",23,2017-05-10 07:03:50,33.9695,-69.789167,2958.7953145462
"AR16","33",24,2017-05-10 07:03:58,33.9695,-69.789167,2958.57894981612
"AR16","34",1,2017-05-10 11:02:20,33.972333,-69.739333,100.126080562989
"AR16","34",2,2017-05-10 11:02:38,33.972333,-69.739333,99.8085179213819
"AR16","34",3,2017-05-10 11:03:55,33.972333,-69.739333,82.0718634409498
"AR16","34",4,2017-05-10 11:04:05,33.972333,-69.739333,81.8009189826266
"AR16","34",5,2017-05-10 11:05:36,33.972333,-69.739333,62.0994187216107
"AR16","34",6,2017-05-10 11:05:46,33.972333,-69.739333,62.2820508982275
"AR16","34",7,2017-05-10 11:07:20,33.972333,-69.739333,38.3211053742474
"AR16","34",8,2017-05-10 11:07:29,33.972333,-69.739333,38.3399663284712
"AR16","34",9,2017-05-10 11:08:51,33.972333,-69.739333,15.883280930879
"AR16","34",10,2017-05-10 11:09:03,33.972333,-69.739333,16.0431201615691
"AR16","34",11,2017-05-10 11:09:59,33.972333,-69.739333,5.40708600204189
"AR16","34",12,2017-05-10 11:10:07,33.972333,-69.739333,5.32170161897606
"AR16","35",1,2017-05-10 12:46:27,33.970167,-69.722667,1001.34667120027
"AR16","35",2,2017-05-10 12:46:38,33.970167,-69.722667,1001.19549658981
"AR16","35",3,2017-05-10 12:46:47,33.970167,-69.722667,1001.58479569142
"AR16","35",4,2017-05-10 12:46:57,33.970167,-69.722667,1001.75079102665
"AR16","35",5,2017-05-10 12:47:11,33.970167,-69.722667,1001.7399222885
"AR16","35",6,2017-05-10 12:47:23,33.970167,-69.722667,1001.65000816028
"AR16","35",7,2017-05-10 13:03:00,33.970167,-69.722667,147.425541903803
"AR16","35",8,2017-05-10 13:03:13,33.970167,-69.722667,147.385855744881
"AR16","35",9,2017-05-10 13:05:32,33.970167,-69.722667,125.859944216642
"AR16","35",10,2017-05-10 13:05:40,33.970167,-69.722667,125.613864045507
"AR16","35",11,2017-05-10 13:07:14,33.970167,-69.722667,105.721076263908
"AR16","35",12,2017-05-10 13:07:21,33.970167,-69.722667,106.259924642816
"AR16","35",13,2017-05-10 13:08:52,33.970167,-69.722667,91.0406344555818
"AR16","35",14,2017-05-10 13:09:12,33.970167,-69.722667,90.8481035953985
"AR16","35",15,2017-05-10 13:11:13,33.970167,-69.722667,76.1080392140207
"AR16","35",16,2017-05-10 13:11:23,33.970167,-69.722667,76.4127361653865
"AR16","35",17,2017-05-10 13:12:53,33.970167,-69.722667,60.9748489454613
"AR16","35",18,2017-05-10 13:13:20,33.970167,-69.722667,60.8210001887126
"AR16","35",19,2017-05-10 13:14:54,33.970167,-69.722667,46.7775960986246
"AR16","35",20,2017-05-10 13:15:02,33.970167,-69.722667,46.1075622981501
"AR16","35",21,2017-05-10 13:16:48,33.970167,-69.722667,25.6709746194742
"AR16","35",22,2017-05-10 13:16:57,33.970167,-69.722667,25.1209940595632
"AR16","35",23,2017-05-10 13:18:29,33.970167,-69.722667,15.5675761463311
"AR16","35",24,2017-05-10 13:18:36,33.970167,-69.722667,15.2012354393892
"AR16","36",1,2017-05-10 15:28:39,33.955833,-69.692667,699.812833578351
"AR16","36",2,2017-05-10 15:28:48,33.955833,-69.692667,699.551604672172
"AR16","36",3,2017-05-10 15:43:34,33.955833,-69.692667,16.2357442033169
"AR16","36",4,2017-05-10 15:43:42,33.955833,-69.692667,16.7321387670563
"AR16","36",5,2017-05-10 15:43:52,33.955833,-69.692667,16.6576796592336
"AR16","36",6,2017-05-10 15:43:59,33.955833,-69.692667,16.5057829952933
"AR16","36",7,2017-05-10 15:44:07,33.955833,-69.692667,16.4084896480601
"AR16","36",8,2017-05-10 15:44:14,33.955833,-69.692667,17.0438739377463
"AR16","36",9,2017-05-10 15:44:22,33.955833,-69.692667,16.5385450303826
"AR16","36",10,2017-05-10 15:44:29,33.955833,-69.692667,16.5474801299515
"AR16","36",11,2017-05-10 15:44:37,33.955833,-69.692667,16.6924272462547
"AR16","36",12,2017-05-10 15:44:45,33.955833,-69.692667,16.8383670473338
"AR16","36",13,2017-05-10 15:44:52,33.955833,-69.692667,16.2883620841089
"AR16","36",14,2017-05-10 15:44:59,33.955833,-69.692667,16.7837637325812
"AR16","36",15,2017-05-10 15:45:07,33.955833,-69.692667,16.8572300072271
"AR16","36",16,2017-05-10 15:45:14,33.955833,-69.692667,16.4948623157649
"AR16","36",17,2017-05-10 15:45:21,33.955833,-69.692667,16.611018604527
"AR16","36",18,2017-05-10 15:45:29,33.955833,-69.692667,16.689448881884
"AR16","36",19,2017-05-10 15:45:36,33.955833,-69.692667,16.4323165945153
"AR16","36",20,2017-05-10 15:45:43,33.955833,-69.692667,16.642787834419
"AR16","36",21,2017-05-10 15:45:50,33.955833,-69.692667,16.5226604079638
"AR16","36",22,2017-05-10 15:45:57,33.955833,-69.692667,16.7708574924205
"AR16","36",23,2017-05-10 15:46:05,33.955833,-69.692667,16.5991051420464
"AR16","36",24,2017-05-10 15:46:12,33.955833,-69.692667,16.6586724475161
"AR16","37",1,2017-05-10 16:40:46,33.942667,-69.687667,15.9021842727034
"AR16","37",2,2017-05-10 16:40:52,33.942667,-69.687667,15.5596703783379
"AR16","37",3,2017-05-10 16:40:59,33.942667,-69.687667,15.7890058318782
"AR16","37",4,2017-05-10 16:41:06,33.942667,-69.687667,15.8297103660474
"AR16","37",5,2017-05-10 16:41:14,33.942667,-69.687667,15.4246502508934
"AR16","37",6,2017-05-10 16:41:21,33.942667,-69.687667,15.8108472902436
"AR16","37",7,2017-05-10 16:41:28,33.942667,-69.687667,15.9786293245199
"AR16","37",8,2017-05-10 16:41:35,33.942667,-69.687667,15.688733652201
"AR16","37",9,2017-05-10 16:41:42,33.942667,-69.687667,15.7790778954872
"AR16","37",10,2017-05-10 16:41:49,33.942667,-69.687667,15.7770923081512
"AR16","37",11,2017-05-10 16:41:55,33.942667,-69.687667,16.1831445175979
"AR16","37",12,2017-05-10 16:42:02,33.942667,-69.687667,16.1513751806219
"AR16","37",13,2017-05-10 16:42:09,33.942667,-69.687667,15.6450507070806
"AR16","37",14,2017-05-10 16:42:16,33.942667,-69.687667,16.0798941543984
"AR16","37",15,2017-05-10 16:42:24,33.942667,-69.687667,16.1781805590204
"AR16","37",16,2017-05-10 16:42:32,33.942667,-69.687667,15.4653548575151
"AR16","37",17,2017-05-10 16:42:38,33.942667,-69.687667,15.6579570327455
"AR16","37",18,2017-05-10 16:42:45,33.942667,-69.687667,15.7443301143267
"AR16","37",19,2017-05-10 16:42:53,33.942667,-69.687667,15.7780851018216
"AR16","37",20,2017-05-10 16:43:00,33.942667,-69.687667,15.5080450460077
"AR16","37",21,2017-05-10 16:43:07,33.942667,-69.687667,15.4742900139828
"AR16","37",22,2017-05-10 16:43:14,33.942667,-69.687667,15.859494166409
"AR16","37",23,2017-05-10 16:43:21,33.942667,-69.687667,15.8396382999827
"AR16","37",24,2017-05-10 16:43:28,33.942667,-69.687667,15.6708633575966
"AR16","38",1,2017-05-10 17:37:15,33.933667,-69.683333,99.8247259373484
"AR16","38",2,2017-05-10 17:37:22,33.933667,-69.683333,99.9993860147315
"AR16","38",3,2017-05-10 17:38:50,33.933667,-69.683333,81.8200463105813
"AR16","38",4,2017-05-10 17:38:58,33.933667,-69.683333,82.4701160035829
"AR16","38",5,2017-05-10 17:40:10,33.933667,-69.683333,61.9924263543578
"AR16","38",6,2017-05-10 17:40:17,33.933667,-69.683333,62.4877183947375
"AR16","38",7,2017-05-10 17:41:40,33.933667,-69.683333,38.3837711616419
"AR16","38",8,2017-05-10 17:41:48,33.933667,-69.683333,38.5326738311343
"AR16","38",9,2017-05-10 17:43:01,33.933667,-69.683333,16.1414596748013
"AR16","38",10,2017-05-10 17:43:09,33.933667,-69.683333,16.2576163841368
"AR16","38",11,2017-05-10 17:43:16,33.933667,-69.683333,16.6229635530412
"AR16","38",12,2017-05-10 17:43:22,33.933667,-69.683333,16.2864073531805
"AR16","38",13,2017-05-10 17:43:30,33.933667,-69.683333,16.4909223960472
"AR16","38",14,2017-05-10 17:43:37,33.933667,-69.683333,16.5643889149609
"AR16","38",15,2017-05-10 17:43:44,33.933667,-69.683333,15.9776488188452
"AR16","38",16,2017-05-10 17:43:51,33.933667,-69.683333,16.2814433932894
"AR16","38",17,2017-05-10 17:44:00,33.933667,-69.683333,16.6318986658512
"AR16","38",18,2017-05-10 17:44:08,33.933667,-69.683333,16.5673672867932
"AR16","38",19,2017-05-10 17:44:15,33.933667,-69.683333,16.3539171957478
"AR16","38",20,2017-05-10 17:44:24,33.933667,-69.683333,16.208969565172
"AR16","38",21,2017-05-10 17:44:31,33.933667,-69.683333,16.4551819178529
"AR16","38",22,2017-05-10 17:44:38,33.933667,-69.683333,16.5862303073912
"AR16","38",23,2017-05-10 17:45:36,33.933667,-69.683333,5.55305199443167
"AR16","38",24,2017-05-10 17:45:44,33.933667,-69.683333,5.61957253358528
"AR16","39",1,2017-05-11 10:43:50,31.700333,-70.791333,115.212876663194
"AR16","39",2,2017-05-11 10:44:01,31.700333,-70.791333,115.352818978052
"AR16","39",3,2017-05-11 10:45:32,31.700333,-70.791333,95.0760680012347
"AR16","39",4,2017-05-11 10:45:43,31.700333,-70.791333,94.2611446756933
"AR16","39",5,2017-05-11 10:47:25,31.700333,-70.791333,74.246365512498
"AR16","39",6,2017-05-11 10:47:38,31.700333,-70.791333,74.6424513641646
"AR16","39",7,2017-05-11 10:49:42,31.700333,-70.791333,48.446523403015
"AR16","39",8,2017-05-11 10:49:54,31.700333,-70.791333,48.1089635362847
"AR16","39",9,2017-05-11 10:51:32,31.700333,-70.791333,18.4283266892926
"AR16","39",10,2017-05-11 10:51:41,31.700333,-70.791333,18.2793814581998
"AR16","39",11,2017-05-11 10:53:29,31.700333,-70.791333,4.83215948433147
"AR16","39",12,2017-05-11 10:53:42,31.700333,-70.791333,4.91557430611636
"AR16","40",1,2017-05-11 12:27:26,31.690167,-70.770667,501.311904646231
"AR16","40",2,2017-05-11 12:27:34,31.690167,-70.770667,502.026155360675
"AR16","40",3,2017-05-11 12:28:15,31.690167,-70.770667,501.408987412537
"AR16","40",4,2017-05-11 12:36:56,31.690167,-70.770667,95.2647411001395
"AR16","40",5,2017-05-11 12:37:04,31.690167,-70.770667,94.292986927436
"AR16","40",6,2017-05-11 12:37:12,31.690167,-70.770667,94.5897744410596
"AR16","40",7,2017-05-11 12:37:19,31.690167,-70.770667,95.5059418821315
"AR16","40",8,2017-05-11 12:37:27,31.690167,-70.770667,94.6681897993395
"AR16","40",9,2017-05-11 12:37:37,31.690167,-70.770667,95.0781328930755
"AR16","40",10,2017-05-11 12:40:04,31.690167,-70.770667,49.5624941966822
"AR16","40",11,2017-05-11 12:40:12,31.690167,-70.770667,50.1651336808553
"AR16","40",12,2017-05-11 12:40:20,31.690167,-70.770667,49.0501996003494
"AR16","40",13,2017-05-11 12:40:27,31.690167,-70.770667,49.6895748284805
"AR16","40",14,2017-05-11 12:40:46,31.690167,-70.770667,48.9320539593358
"AR16","40",15,2017-05-11 12:40:55,31.690167,-70.770667,48.9181544676784
"AR16","40",16,2017-05-11 12:43:03,31.690167,-70.770667,18.3181225839395
"AR16","40",17,2017-05-11 12:43:11,31.690167,-70.770667,18.2257764263045
"AR16","40",18,2017-05-11 12:43:19,31.690167,-70.770667,18.3260663374894
"AR16","40",19,2017-05-11 12:43:26,31.690167,-70.770667,18.3558554105568
"AR16","40",20,2017-05-11 12:43:34,31.690167,-70.770667,18.5246600760729
"AR16","40",21,2017-05-11 12:43:42,31.690167,-70.770667,18.4630960377133
"AR16","40",22,2017-05-11 12:43:52,31.690167,-70.770667,18.3280522758288
"AR16","40",23,2017-05-11 12:44:01,31.690167,-70.770667,18.7252395565182
"AR16","40",24,2017-05-11 12:44:10,31.690167,-70.770667,18.0361191332393
"AR16","41",1,2017-05-11 14:57:30,31.6795,-70.764667,1002.57702218644
"AR16","41",2,2017-05-11 15:01:08,31.6795,-70.764667,900.919212654806
"AR16","41",3,2017-05-11 15:05:27,31.6795,-70.764667,752.06915320636
"AR16","41",4,2017-05-11 15:11:11,31.6795,-70.764667,502.025606182476
"AR16","41",5,2017-05-11 15:16:32,31.6795,-70.764667,301.91286174071
"AR16","41",6,2017-05-11 15:19:17,31.6795,-70.764667,251.863724487687
"AR16","41",7,2017-05-11 15:19:29,31.6795,-70.764667,251.630641790876
"AR16","41",8,2017-05-11 15:21:31,31.6795,-70.764667,201.84705011329
"AR16","41",9,2017-05-11 15:21:41,31.6795,-70.764667,201.712126913461
"AR16","41",10,2017-05-11 15:21:53,31.6795,-70.764667,201.953202862652
"AR16","41",11,2017-05-11 15:24:12,31.6795,-70.764667,153.0774535865
"AR16","41",12,2017-05-11 15:24:20,31.6795,-70.764667,152.456261816125
"AR16","41",13,2017-05-11 15:24:31,31.6795,-70.764667,152.57434793634
"AR16","41",14,2017-05-11 15:26:39,31.6795,-70.764667,103.503216708726
"AR16","41",15,2017-05-11 15:26:48,31.6795,-70.764667,102.542418901874
"AR16","41",16,2017-05-11 15:27:00,31.6795,-70.764667,103.066490990874
"AR16","41",17,2017-05-11 15:28:56,31.6795,-70.764667,78.4435815892004
"AR16","41",18,2017-05-11 15:30:54,31.6795,-70.764667,43.4963262207747
"AR16","41",19,2017-05-11 15:31:02,31.6795,-70.764667,43.7316310654477
"AR16","41",20,2017-05-11 15:31:13,31.6795,-70.764667,43.8418370390001
"AR16","41",21,2017-05-11 15:32:52,31.6795,-70.764667,24.3036748851187
"AR16","41",22,2017-05-11 15:32:59,31.6795,-70.764667,24.0584182964256
"AR16","41",23,2017-05-11 15:33:07,31.6795,-70.764667,24.3215478234186
"AR16","41",24,2017-05-11 15:33:14,31.6795,-70.764667,24.01671471771
"AR16","42",1,2017-05-11 19:20:06,31.657,-70.747833,3934.02033654503
"AR16","42",2,2017-05-11 19:20:29,31.657,-70.747833,3933.99596468788
"AR16","42",3,2017-05-11 19:20:38,31.657,-70.747833,3933.60796436109
"AR16","42",4,2017-05-11 19:20:46,31.657,-70.747833,3933.15172190149
"AR16","42",5,2017-05-11 19:20:54,31.657,-70.747833,3933.17511897356
"AR16","42",6,2017-05-11 19:21:01,31.657,-70.747833,3934.4746274714
"AR16","42",7,2017-05-11 19:21:09,31.657,-70.747833,3934.88699804222
"AR16","42",8,2017-05-11 19:21:17,31.657,-70.747833,3933.33889840884
"AR16","42",9,2017-05-11 19:21:25,31.657,-70.747833,3933.23751115366
"AR16","42",10,2017-05-11 19:21:34,31.657,-70.747833,3933.96964307916
"AR16","42",11,2017-05-11 19:21:41,31.657,-70.747833,3932.96552011489
"AR16","42",12,2017-05-11 19:21:51,31.657,-70.747833,3933.36814472382
"AR16","42",13,2017-05-11 19:21:59,31.657,-70.747833,3934.68909925887
"AR16","42",14,2017-05-11 19:22:07,31.657,-70.747833,3934.26502984214
"AR16","42",15,2017-05-11 19:22:14,31.657,-70.747833,3934.781712012
"AR16","42",16,2017-05-11 19:22:22,31.657,-70.747833,3932.78126793117
"AR16","42",17,2017-05-11 19:22:30,31.657,-70.747833,3933.20436531017
"AR16","42",18,2017-05-11 19:22:38,31.657,-70.747833,3934.68032541709
"AR16","42",19,2017-05-11 19:22:46,31.657,-70.747833,3934.09540184818
"AR16","42",20,2017-05-11 19:22:54,31.657,-70.747833,3933.88482898533
"AR16","42",21,2017-05-11 19:23:02,31.657,-70.747833,3934.59941108209
"AR16","42",22,2017-05-11 19:23:10,31.657,-70.747833,3934.37908997196
"AR16","42",23,2017-05-11 19:23:18,31.657,-70.747833,3933.64500964776
"AR16","42",24,2017-05-11 19:23:26,31.657,-70.747833,3933.92577372434
"AR16","43",1,2017-05-11 22:43:23,31.635,-70.706667,152.583838312191
"AR16","43",2,2017-05-11 22:43:39,31.635,-70.706667,152.857719456337
"AR16","43",3,2017-05-11 22:45:44,31.635,-70.706667,113.635409007547
"AR16","43",4,2017-05-11 22:45:58,31.635,-70.706667,113.403161066966
"AR16","43",5,2017-05-11 22:47:21,31.635,-70.706667,94.5882192609802
"AR16","43",6,2017-05-11 22:47:45,31.635,-70.706667,94.9515120704518
"AR16","43",7,2017-05-11 22:49:13,31.635,-70.706667,74.9932763443944
"AR16","43",8,2017-05-11 22:49:24,31.635,-70.706667,74.8265028346384
"AR16","43",9,2017-05-11 22:50:53,31.635,-70.706667,48.7466179999974
"AR16","43",10,2017-05-11 22:51:05,31.635,-70.706667,48.9422046704621
"AR16","43",11,2017-05-11 22:53:01,31.635,-70.706667,19.0132862926133
"AR16","43",12,2017-05-11 22:53:10,31.635,-70.706667,19.2049294817066
"AR16","43",13,2017-05-11 22:54:51,31.635,-70.706667,4.94539193422553
"AR16","43",14,2017-05-11 22:55:00,31.635,-70.706667,4.70209733438999
"AR16","44",1,2017-05-12 00:54:21,31.631,-70.699,3935.00850778889
"AR16","44",2,2017-05-12 00:54:30,31.631,-70.699,3934.55519184177
"AR16","44",3,2017-05-12 00:54:38,31.631,-70.699,3934.9246687804
"AR16","44",4,2017-05-12 00:54:47,31.631,-70.699,3934.09310108297
"AR16","44",5,2017-05-12 00:54:54,31.631,-70.699,3934.28612645386
"AR16","44",6,2017-05-12 00:55:03,31.631,-70.699,3934.65950333541
"AR16","44",7,2017-05-12 00:55:12,31.631,-70.699,3935.37895884193
"AR16","44",8,2017-05-12 00:55:21,31.631,-70.699,3934.37971445193
"AR16","44",9,2017-05-12 00:55:29,31.631,-70.699,3934.54349335344
"AR16","44",10,2017-05-12 00:55:36,31.631,-70.699,3934.88664875447
"AR16","44",11,2017-05-12 00:55:43,31.631,-70.699,3934.25590532104
"AR16","44",12,2017-05-12 00:55:51,31.631,-70.699,3934.64585510539
"AR16","44",13,2017-05-12 00:55:59,31.631,-70.699,3934.74139269788
"AR16","44",14,2017-05-12 00:56:07,31.631,-70.699,3934.40018682124
"AR16","44",15,2017-05-12 00:56:14,31.631,-70.699,3934.11747298251
"AR16","44",16,2017-05-12 00:56:22,31.631,-70.699,3934.56299083364
"AR16","44",17,2017-05-12 00:56:39,31.631,-70.699,3932.90959841514
"AR16","44",18,2017-05-12 00:56:47,31.631,-70.699,3933.65050692091
"AR16","44",19,2017-05-12 00:56:54,31.631,-70.699,3934.60491041028
"AR16","44",20,2017-05-12 00:57:05,31.631,-70.699,3934.04825678082
"AR16","44",21,2017-05-12 00:57:13,31.631,-70.699,3933.04120734385
"AR16","44",22,2017-05-12 00:57:22,31.631,-70.699,3933.80551246593
"AR16","44",23,2017-05-12 00:57:30,31.631,-70.699,3933.92347258791
"AR16","44",24,2017-05-12 00:57:39,31.631,-70.699,3933.98099031056
"AR16","45",1,2017-05-12 04:14:00,31.603,-70.635167,3939.11201038672
"AR16","45",2,2017-05-12 04:14:10,31.603,-70.635167,3938.8478241888
"AR16","45",3,2017-05-12 04:14:21,31.603,-70.635167,3939.26018848531
"AR16","45",4,2017-05-12 04:14:32,31.603,-70.635167,3939.30405698233
"AR16","45",5,2017-05-12 04:14:41,31.603,-70.635167,3938.8546481905
"AR16","45",6,2017-05-12 04:14:51,31.603,-70.635167,3939.30795640386
"AR16","45",7,2017-05-12 04:15:05,31.603,-70.635167,3939.19389829556
"AR16","45",8,2017-05-12 04:15:16,31.603,-70.635167,3939.15490405703
"AR16","45",9,2017-05-12 04:15:29,31.603,-70.635167,3939.88409518182
"AR16","45",10,2017-05-12 04:15:46,31.603,-70.635167,3939.31185582533
"AR16","45",11,2017-05-12 04:16:00,31.603,-70.635167,3938.74741385385
"AR16","45",12,2017-05-12 04:16:14,31.603,-70.635167,3939.33427749744
"AR16","45",13,2017-05-12 04:16:21,31.603,-70.635167,3939.43371271163
"AR16","45",14,2017-05-12 04:16:32,31.603,-70.635167,3938.53197016606
"AR16","45",15,2017-05-12 04:16:47,31.603,-70.635167,3939.25531420733
"AR16","45",16,2017-05-12 04:16:57,31.603,-70.635167,3939.08373955403
"AR16","45",17,2017-05-12 04:17:10,31.603,-70.635167,3939.2221691142
"AR16","45",18,2017-05-12 04:17:22,31.603,-70.635167,3939.35377460178
"AR16","45",19,2017-05-12 04:17:32,31.603,-70.635167,3938.31555140904
"AR16","45",20,2017-05-12 04:17:45,31.603,-70.635167,3937.92365744621
"AR16","45",21,2017-05-12 04:17:53,31.603,-70.635167,3938.8497739036
"AR16","45",22,2017-05-12 04:18:03,31.603,-70.635167,3938.73474070154
"AR16","45",23,2017-05-12 04:18:11,31.603,-70.635167,3938.69769609833
"AR16","45",24,2017-05-12 04:18:20,31.603,-70.635167,3938.60800913861
"AR16","46",1,2017-05-12 10:48:23,31.518667,-70.512333,114.229031248615
"AR16","46",2,2017-05-12 10:48:43,31.518667,-70.512333,114.134741956297
"AR16","46",3,2017-05-12 10:50:12,31.518667,-70.512333,94.4233581422337
"AR16","46",4,2017-05-12 10:50:25,31.518667,-70.512333,94.763824628885
"AR16","46",5,2017-05-12 10:51:53,31.518667,-70.512333,74.8847962387368
"AR16","46",6,2017-05-12 10:52:02,31.518667,-70.512333,74.3268929707643
"AR16","46",7,2017-05-12 10:53:42,31.518667,-70.512333,48.6448225189323
"AR16","46",8,2017-05-12 10:53:57,31.518667,-70.512333,49.766724366216
"AR16","46",9,2017-05-12 10:56:06,31.518667,-70.512333,17.9201945501046
"AR16","46",10,2017-05-12 10:56:15,31.518667,-70.512333,18.0582194413238
"AR16","46",11,2017-05-12 10:57:54,31.518667,-70.512333,5.39231043045823
"AR16","46",12,2017-05-12 10:58:08,31.518667,-70.512333,4.98615424183413
"AR16","47",1,2017-05-12 12:56:29,31.485667,-70.501667,500.490169026601
"AR16","47",2,2017-05-12 12:56:39,31.485667,-70.501667,499.900724680058
"AR16","47",3,2017-05-12 12:56:50,31.485667,-70.501667,500.261326126957
"AR16","47",4,2017-05-12 12:57:00,31.485667,-70.501667,500.274204738427
"AR16","47",5,2017-05-12 12:57:09,31.485667,-70.501667,499.977996471635
"AR16","47",6,2017-05-12 12:57:17,31.485667,-70.501667,500.784395239602
"AR16","47",7,2017-05-12 12:57:27,31.485667,-70.501667,500.22764360086
"AR16","47",8,2017-05-12 12:57:34,31.485667,-70.501667,500.244484864595
"AR16","47",9,2017-05-12 12:57:44,31.485667,-70.501667,499.923509954936
"AR16","47",10,2017-05-12 12:57:54,31.485667,-70.501667,500.509982252749
"AR16","47",11,2017-05-12 13:07:59,31.485667,-70.501667,77.7132156660653
"AR16","47",12,2017-05-12 13:08:06,31.485667,-70.501667,78.1331265262197
"AR16","47",13,2017-05-12 13:11:43,31.485667,-70.501667,18.9122356114206
"AR16","47",14,2017-05-12 13:11:51,31.485667,-70.501667,18.4703576793759
"AR16","47",15,2017-05-12 13:12:00,31.485667,-70.501667,18.7444214079667
"AR16","47",16,2017-05-12 13:12:09,31.485667,-70.501667,18.7960565621403
"AR16","47",17,2017-05-12 13:12:18,31.485667,-70.501667,18.4733366349196
"AR16","47",18,2017-05-12 13:12:26,31.485667,-70.501667,18.5497964790414
"AR16","47",19,2017-05-12 13:12:34,31.485667,-70.501667,18.6560458254153
"AR16","47",20,2017-05-12 13:14:31,31.485667,-70.501667,3.93452448265568
"AR16","47",21,2017-05-12 13:14:33,31.485667,-70.501667,3.43700297429832
"AR16","47",22,2017-05-12 13:14:37,31.485667,-70.501667,4.05369113149344
"AR16","47",23,2017-05-12 13:15:44,31.485667,-70.501667,3.58596163656388
"AR16","47",24,2017-05-12 13:15:55,31.485667,-70.501667,4.20165629058322
"AR16","48",1,2017-05-12 17:30:23,31.452333,-70.533167,113.569624170537
"AR16","48",2,2017-05-12 17:30:32,31.452333,-70.533167,114.514507927251
"AR16","48",3,2017-05-12 17:31:57,31.452333,-70.533167,93.9335178747897
"AR16","48",4,2017-05-12 17:32:05,31.452333,-70.533167,94.2690239277391
"AR16","48",5,2017-05-12 17:34:04,31.452333,-70.533167,74.0731622452556
"AR16","48",6,2017-05-12 17:34:13,31.452333,-70.533167,73.9808394102294
"AR16","48",7,2017-05-12 17:35:40,31.452333,-70.533167,48.0255534951464
"AR16","48",8,2017-05-12 17:35:50,31.452333,-70.533167,48.1903656364857
"AR16","48",9,2017-05-12 17:37:43,31.452333,-70.533167,18.6263072861641
"AR16","48",10,2017-05-12 17:37:50,31.452333,-70.533167,17.9421379962055
"AR16","48",11,2017-05-12 17:37:55,31.452333,-70.533167,18.9053364854089
"AR16","48",12,2017-05-12 17:38:03,31.452333,-70.533167,18.8527082313737
"AR16","48",13,2017-05-12 17:38:11,31.452333,-70.533167,18.0930724918376
"AR16","48",14,2017-05-12 17:38:22,31.452333,-70.533167,18.0176052579295
"AR16","48",15,2017-05-12 17:38:33,31.452333,-70.533167,18.269824588704
"AR16","48",16,2017-05-12 17:38:45,31.452333,-70.533167,17.8547548163004
"AR16","48",17,2017-05-12 17:38:58,31.452333,-70.533167,18.8834907966968
"AR16","48",18,2017-05-12 17:39:05,31.452333,-70.533167,18.3145090834116
"AR16","48",19,2017-05-12 17:39:14,31.452333,-70.533167,18.7712833588531
"AR16","48",20,2017-05-12 17:39:20,31.452333,-70.533167,18.1526518673797
"AR16","48",21,2017-05-12 17:39:28,31.452333,-70.533167,18.4267167715761
"AR16","48",22,2017-05-12 17:39:41,31.452333,-70.533167,18.2390419311214
"AR16","48",23,2017-05-12 17:40:58,31.452333,-70.533167,5.38240930178644
"AR16","48",24,2017-05-12 17:41:08,31.452333,-70.533167,5.81041400361525
"AR16","49",1,2017-05-13 11:10:48,29.243333,-70.016,203.897015909263
"AR16","49",2,2017-05-13 11:10:59,29.243333,-70.016,204.087531097125
"AR16","49",3,2017-05-13 11:11:09,29.243333,-70.016,204.374295812575
"AR16","49",4,2017-05-13 11:15:27,29.243333,-70.016,110.082543925087
"AR16","49",5,2017-05-13 11:15:47,29.243333,-70.016,110.150048907487
"AR16","49",6,2017-05-13 11:16:04,29.243333,-70.016,109.873079794187
"AR16","49",7,2017-05-13 11:18:12,29.243333,-70.016,90.7404586945987
"AR16","49",8,2017-05-13 11:18:21,29.243333,-70.016,90.2926990428876
"AR16","49",9,2017-05-13 11:18:30,29.243333,-70.016,90.5826011906044
"AR16","49",10,2017-05-13 11:20:18,29.243333,-70.016,58.0256168134957
"AR16","49",11,2017-05-13 11:20:30,29.243333,-70.016,58.2649230582871
"AR16","49",12,2017-05-13 11:20:38,29.243333,-70.016,57.8349659952549
"AR16","49",13,2017-05-13 11:22:28,29.243333,-70.016,25.1833967587908
"AR16","49",14,2017-05-13 11:22:38,29.243333,-70.016,25.4177757145186
"AR16","49",15,2017-05-13 11:22:47,29.243333,-70.016,26.0305363781501
"AR16","49",16,2017-05-13 11:24:32,29.243333,-70.016,5.53532908384983
"AR16","49",17,2017-05-13 11:24:43,29.243333,-70.016,5.73794729825063
"AR16","49",18,2017-05-13 11:24:51,29.243333,-70.016,5.94751788747649
"AR16","50",1,2017-05-13 14:17:45,29.234167,-69.974667,1993.47851142547
"AR16","50",2,2017-05-13 14:22:38,29.234167,-69.974667,1794.82107892722
"AR16","50",3,2017-05-13 14:27:17,29.234167,-69.974667,1595.63938661119
"AR16","50",4,2017-05-13 14:31:43,29.234167,-69.974667,1400.16284948083
"AR16","50",5,2017-05-13 14:36:14,29.234167,-69.974667,1200.90910991133
"AR16","50",6,2017-05-13 14:41:01,29.234167,-69.974667,1002.98309690818
"AR16","50",7,2017-05-13 14:43:58,29.234167,-69.974667,905.118642244928
"AR16","50",8,2017-05-13 14:47:43,29.234167,-69.974667,752.343002400244
"AR16","50",9,2017-05-13 14:51:36,29.234167,-69.974667,600.964266419422
"AR16","50",10,2017-05-13 14:54:19,29.234167,-69.974667,502.776480326812
"AR16","50",11,2017-05-13 14:59:14,29.234167,-69.974667,303.037529548897
"AR16","50",12,2017-05-13 15:02:03,29.234167,-69.974667,203.580629148069
"AR16","50",13,2017-05-13 15:03:54,29.234167,-69.974667,179.001640884715
"AR16","50",14,2017-05-13 15:05:53,29.234167,-69.974667,150.126082327612
"AR16","50",15,2017-05-13 15:07:37,29.234167,-69.974667,127.066387449424
"AR16","50",16,2017-05-13 15:09:17,29.234167,-69.974667,100.723034179405
"AR16","50",17,2017-05-13 15:10:32,29.234167,-69.974667,91.3322408534449
"AR16","50",18,2017-05-13 15:11:43,29.234167,-69.974667,80.7664637947289
"AR16","50",19,2017-05-13 15:12:58,29.234167,-69.974667,71.0053941501381
"AR16","50",20,2017-05-13 15:14:19,29.234167,-69.974667,61.0313666540278
"AR16","50",21,2017-05-13 15:15:18,29.234167,-69.974667,50.4908389700183
"AR16","50",22,2017-05-13 15:16:22,29.234167,-69.974667,41.3807647758704
"AR16","50",23,2017-05-13 15:17:25,29.234167,-69.974667,31.0408263507582
"AR16","50",24,2017-05-13 15:18:30,29.234167,-69.974667,20.9734831701886
"AR16","51",1,2017-05-13 17:05:15,29.2315,-69.947,204.967859920328
"AR16","51",2,2017-05-13 17:05:24,29.2315,-69.947,204.358609647435
"AR16","51",3,2017-05-13 17:08:40,29.2315,-69.947,135.785572056375
"AR16","51",4,2017-05-13 17:08:49,29.2315,-69.947,135.27736172077
"AR16","51",5,2017-05-13 17:10:30,29.2315,-69.947,109.392703768485
"AR16","51",6,2017-05-13 17:10:38,29.2315,-69.947,109.70441910462
"AR16","51",7,2017-05-13 17:12:03,29.2315,-69.947,90.5717644675602
"AR16","51",8,2017-05-13 17:12:16,29.2315,-69.947,90.2947686586445
"AR16","51",9,2017-05-13 17:14:00,29.2315,-69.947,59.9172765207018
"AR16","51",10,2017-05-13 17:14:08,29.2315,-69.947,58.7445823172245
"AR16","51",11,2017-05-13 17:15:57,29.2315,-69.947,25.552865198503
"AR16","51",12,2017-05-13 17:16:07,29.2315,-69.947,25.3552320602436
"AR16","51",13,2017-05-13 17:16:14,29.2315,-69.947,25.2320836766488
"AR16","51",14,2017-05-13 17:16:23,29.2315,-69.947,26.1239146520313
"AR16","51",15,2017-05-13 17:16:31,29.2315,-69.947,26.259973156529
"AR16","51",16,2017-05-13 17:16:39,29.2315,-69.947,25.7852576899794
"AR16","51",17,2017-05-13 17:16:48,29.2315,-69.947,25.06821676108
"AR16","51",18,2017-05-13 17:16:58,29.2315,-69.947,25.2132141597172
"AR16","51",19,2017-05-13 17:17:11,29.2315,-69.947,25.7087866855673
"AR16","51",20,2017-05-13 17:17:20,29.2315,-69.947,25.2648570440297
"AR16","51",21,2017-05-13 17:17:30,29.2315,-69.947,25.2042759668796
"AR16","51",22,2017-05-13 17:17:39,29.2315,-69.947,25.9024469660127
"AR16","51",23,2017-05-13 17:19:24,29.2315,-69.947,6.25641645887463
"AR16","51",24,2017-05-13 17:19:43,29.2315,-69.947,6.31402346935158
"AR16","52",1,2017-05-13 18:30:18,29.228667,-69.924333,501.014993294031
"AR16","52",2,2017-05-13 18:30:28,29.228667,-69.924333,501.339988251802
"AR16","52",3,2017-05-13 18:35:40,29.228667,-69.924333,250.605947530877
"AR16","52",4,2017-05-13 18:35:49,29.228667,-69.924333,250.676382560653
"AR16","52",5,2017-05-13 18:37:53,29.228667,-69.924333,205.290390789369
"AR16","52",6,2017-05-13 18:38:13,29.228667,-69.924333,205.575169637312
"AR16","52",7,2017-05-13 18:40:33,29.228667,-69.924333,150.595612412575
"AR16","52",8,2017-05-13 18:40:47,29.228667,-69.924333,149.32517558738
"AR16","52",9,2017-05-13 18:42:20,29.228667,-69.924333,107.810318410204
"AR16","52",10,2017-05-13 18:42:30,29.228667,-69.924333,107.049883803978
"AR16","52",11,2017-05-13 18:44:06,29.228667,-69.924333,89.9860223151004
"AR16","52",12,2017-05-13 18:44:12,29.228667,-69.924333,90.3752069568677
"AR16","52",13,2017-05-13 18:45:50,29.228667,-69.924333,57.4308915965055
"AR16","52",14,2017-05-13 18:45:59,29.228667,-69.924333,57.7119037749349
"AR16","52",15,2017-05-13 18:47:55,29.228667,-69.924333,24.6719617165314
"AR16","52",16,2017-05-13 18:48:03,29.228667,-69.924333,24.7027489104244
"AR16","52",17,2017-05-13 18:49:31,29.228667,-69.924333,5.59393591883661
"AR16","52",18,2017-05-13 18:49:39,29.228667,-69.924333,4.89470228787538
"AR16","53",1,2017-05-13 20:30:43,29.219333,-69.8915,898.123021761788
"AR16","53",2,2017-05-13 20:30:52,29.219333,-69.8915,898.506732456631
"AR16","53",3,2017-05-13 20:31:04,29.219333,-69.8915,899.133722123135
"AR16","53",4,2017-05-13 20:31:18,29.219333,-69.8915,898.887475617863
"AR16","53",5,2017-05-13 20:31:26,29.219333,-69.8915,898.886486675488
"AR16","53",6,2017-05-13 20:31:36,29.219333,-69.8915,898.779680871379
"AR16","53",7,2017-05-13 20:31:44,29.219333,-69.8915,899.681594829959
"AR16","53",8,2017-05-13 20:31:52,29.219333,-69.8915,899.814112560772
"AR16","53",9,2017-05-13 20:32:00,29.219333,-69.8915,899.270195964595
"AR16","53",10,2017-05-13 20:32:07,29.219333,-69.8915,899.246461389892
"AR16","53",11,2017-05-13 20:32:15,29.219333,-69.8915,898.767813556433
"AR16","53",12,2017-05-13 20:32:25,29.219333,-69.8915,898.584859032154
"AR16","53",13,2017-05-13 20:32:33,29.219333,-69.8915,898.716388517189
"AR16","53",14,2017-05-13 20:32:41,29.219333,-69.8915,899.029883270849
"AR16","53",15,2017-05-13 20:32:49,29.219333,-69.8915,899.473917619625
"AR16","53",16,2017-05-13 20:32:57,29.219333,-69.8915,900.338249028529
"AR16","53",17,2017-05-13 20:33:12,29.219333,-69.8915,899.021971737125
"AR16","53",18,2017-05-13 20:33:20,29.219333,-69.8915,898.75594624081
"AR16","53",19,2017-05-13 20:33:28,29.219333,-69.8915,899.265251261755
"AR16","53",20,2017-05-13 20:33:36,29.219333,-69.8915,899.591601397558
"AR16","53",21,2017-05-13 20:33:44,29.219333,-69.8915,899.3789793974
"AR16","53",22,2017-05-13 20:33:52,29.219333,-69.8915,899.270195964595
"AR16","53",23,2017-05-13 20:34:00,29.219333,-69.8915,899.090208705618
"AR16","53",24,2017-05-13 20:34:08,29.219333,-69.8915,899.475895498795
"AR16","54",1,2017-05-13 22:44:51,29.204833,-69.8315,300.682708437657
"AR16","54",2,2017-05-13 22:44:58,29.204833,-69.8315,301.179601329459
"AR16","54",3,2017-05-13 22:49:02,29.204833,-69.8315,204.285609985702
"AR16","54",4,2017-05-13 22:49:12,29.204833,-69.8315,203.752761275837
"AR16","54",5,2017-05-13 22:51:39,29.204833,-69.8315,144.503669878544
"AR16","54",6,2017-05-13 22:51:50,29.204833,-69.8315,144.856027314596
"AR16","54",7,2017-05-13 22:53:45,29.204833,-69.8315,107.379673071049
"AR16","54",8,2017-05-13 22:53:53,29.204833,-69.8315,107.708268614813
"AR16","54",9,2017-05-13 22:55:14,29.204833,-69.8315,90.5481266039149
"AR16","54",10,2017-05-13 22:55:21,29.204833,-69.8315,90.6354945732135
"AR16","54",11,2017-05-13 22:57:08,29.204833,-69.8315,58.0913287366366
"AR16","54",12,2017-05-13 22:57:19,29.204833,-69.8315,58.0784200581576
"AR16","54",13,2017-05-13 22:59:28,29.204833,-69.8315,25.6482594788255
"AR16","54",14,2017-05-13 22:59:38,29.204833,-69.8315,25.6383281537105
"AR16","54",15,2017-05-13 23:01:00,29.204833,-69.8315,6.27728732384969
"AR16","54",16,2017-05-13 23:01:08,29.204833,-69.8315,5.91773903752517
"AR16","55",1,2017-05-14 01:30:05,29.190833,-69.819833,5180.70708659684
"AR16","55",2,2017-05-14 01:38:17,29.190833,-69.819833,4910.44280262779
"AR16","55",3,2017-05-14 01:38:28,29.190833,-69.819833,4909.55934896206
"AR16","55",4,2017-05-14 01:38:38,29.190833,-69.819833,4909.5321657176
"AR16","55",5,2017-05-14 01:47:57,29.190833,-69.819833,4411.42851973008
"AR16","55",6,2017-05-14 01:56:50,29.190833,-69.819833,3991.11199845494
"AR16","55",7,2017-05-14 01:56:58,29.190833,-69.819833,3990.85854510081
"AR16","55",8,2017-05-14 01:57:07,29.190833,-69.819833,3991.04571068259
"AR16","55",9,2017-05-14 02:06:38,29.190833,-69.819833,3503.14736448334
"AR16","55",10,2017-05-14 02:16:37,29.190833,-69.819833,3001.23747057168
"AR16","55",11,2017-05-14 02:16:44,29.190833,-69.819833,3001.71043514378
"AR16","55",12,2017-05-14 02:16:54,29.190833,-69.819833,3002.183398687
"AR16","55",13,2017-05-14 02:27:06,29.190833,-69.819833,2503.10999141079
"AR16","55",14,2017-05-14 02:36:40,29.190833,-69.819833,2002.25488780973
"AR16","55",15,2017-05-14 02:36:55,29.190833,-69.819833,2003.15307664362
"AR16","55",16,2017-05-14 02:37:04,29.190833,-69.819833,2003.82499418274
"AR16","55",17,2017-05-14 02:46:31,29.190833,-69.819833,1503.66703399648
"AR16","55",18,2017-05-14 02:56:03,29.190833,-69.819833,1001.72623192534
"AR16","55",19,2017-05-14 02:56:08,29.190833,-69.819833,1002.78783225537
"AR16","55",20,2017-05-14 02:56:19,29.190833,-69.819833,1001.93578474574
"AR16","55",21,2017-05-14 03:01:28,29.190833,-69.819833,751.610258671246
"AR16","55",22,2017-05-14 03:06:45,29.190833,-69.819833,501.444525584803
"AR16","55",23,2017-05-14 03:06:54,29.190833,-69.819833,502.508684960938
"AR16","55",24,2017-05-14 03:07:02,29.190833,-69.819833,501.695207942165
"AR16","56",1,2017-05-14 04:41:42,29.160833,-69.802167,204.017409885866
"AR16","56",2,2017-05-14 04:41:50,29.160833,-69.802167,203.612562136639
"AR16","56",3,2017-05-14 04:45:06,29.160833,-69.802167,129.796874194888
"AR16","56",4,2017-05-14 04:45:15,29.160833,-69.802167,129.476253951465
"AR16","56",5,2017-05-14 04:46:30,29.160833,-69.802167,108.512757227748
"AR16","56",6,2017-05-14 04:46:40,29.160833,-69.802167,108.486946128479
"AR16","56",7,2017-05-14 04:48:29,29.160833,-69.802167,90.3816453222539
"AR16","56",8,2017-05-14 04:48:38,29.160833,-69.802167,90.6516928050237
"AR16","56",9,2017-05-14 04:50:23,29.160833,-69.802167,58.5463131355236
"AR16","56",10,2017-05-14 04:50:31,29.160833,-69.802167,58.4023314978019
"AR16","56",11,2017-05-14 04:52:07,29.160833,-69.802167,25.3106815895328
"AR16","56",12,2017-05-14 04:52:16,29.160833,-69.802167,25.072328437524
"AR16","56",13,2017-05-14 04:53:30,29.160833,-69.802167,5.53735141886116
"AR16","56",14,2017-05-14 04:53:38,29.160833,-69.802167,5.48173033760283
"AR16","57",1,2017-05-14 06:25:09,29.122333,-69.7405,901.58028932264
"AR16","57",2,2017-05-14 06:25:15,29.122333,-69.7405,902.078713052548
"AR16","57",3,2017-05-14 06:25:23,29.122333,-69.7405,902.10739215947
"AR16","57",4,2017-05-14 06:25:31,29.122333,-69.7405,902.034210982269
"AR16","57",5,2017-05-14 06:25:39,29.122333,-69.7405,901.205481804018
"AR16","57",6,2017-05-14 06:25:48,29.122333,-69.7405,901.714784732266
"AR16","57",7,2017-05-14 06:25:59,29.122333,-69.7405,901.510074772836
"AR16","57",8,2017-05-14 06:26:09,29.122333,-69.7405,901.086809098256
"AR16","57",9,2017-05-14 06:26:17,29.122333,-69.7405,900.627940666826
"AR16","57",10,2017-05-14 06:26:26,29.122333,-69.7405,900.873198057592
"AR16","57",11,2017-05-14 06:26:39,29.122333,-69.7405,901.280641149383
"AR16","57",12,2017-05-14 06:26:49,29.122333,-69.7405,902.090580269684
"AR16","57",13,2017-05-14 06:27:00,29.122333,-69.7405,901.988719967274
"AR16","57",14,2017-05-14 06:27:12,29.122333,-69.7405,902.72448646961
"AR16","57",15,2017-05-14 06:27:21,29.122333,-69.7405,902.02728843715
"AR16","57",16,2017-05-14 06:27:30,29.122333,-69.7405,901.660393216767
"AR16","57",17,2017-05-14 06:27:38,29.122333,-69.7405,901.66336002707
"AR16","57",18,2017-05-14 06:27:47,29.122333,-69.7405,901.581278259792
"AR16","57",19,2017-05-14 06:27:56,29.122333,-69.7405,901.179769390171
"AR16","57",20,2017-05-14 06:28:05,29.122333,-69.7405,901.837412824221
"AR16","57",21,2017-05-14 06:28:13,29.122333,-69.7405,901.758297934445
"AR16","57",22,2017-05-14 06:28:21,29.122333,-69.7405,900.853419246456
"AR16","57",23,2017-05-14 06:28:31,29.122333,-69.7405,900.550803202002
"AR16","57",24,2017-05-14 06:28:40,29.122333,-69.7405,900.673431978852
"AR16","58",1,2017-05-14 08:03:32,29.119667,-69.728,900.608350067886
"AR16","58",2,2017-05-14 08:03:41,29.119667,-69.728,901.547842825798
"AR16","58",3,2017-05-14 08:03:50,29.119667,-69.728,901.579488823912
"AR16","58",4,2017-05-14 08:03:59,29.119667,-69.728,900.810094132982
"AR16","58",5,2017-05-14 08:04:07,29.119667,-69.728,900.553958252205
"AR16","58",6,2017-05-14 08:04:15,29.119667,-69.728,900.544068829647
"AR16","58",7,2017-05-14 08:04:23,29.119667,-69.728,901.039528322613
"AR16","58",8,2017-05-14 08:04:30,29.119667,-69.728,900.849651769905
"AR16","58",9,2017-05-14 08:04:38,29.119667,-69.728,900.18903824898
"AR16","58",10,2017-05-14 08:04:46,29.119667,-69.728,900.790315311706
"AR16","58",11,2017-05-14 08:04:54,29.119667,-69.728,902.011654004759
"AR16","58",12,2017-05-14 08:05:03,29.119667,-69.728,901.69519446361
"AR16","58",13,2017-05-14 08:05:13,29.119667,-69.728,901.461805244136
"AR16","58",14,2017-05-14 08:05:21,29.119667,-69.728,901.172046230858
"AR16","58",15,2017-05-14 08:05:28,29.119667,-69.728,900.818994601945
"AR16","58",16,2017-05-14 08:05:37,29.119667,-69.728,900.971291456397
"AR16","58",17,2017-05-14 08:05:45,29.119667,-69.728,901.207648042594
"AR16","58",18,2017-05-14 08:05:53,29.119667,-69.728,901.184902441353
"AR16","58",19,2017-05-14 08:06:01,29.119667,-69.728,901.116665622736
"AR16","58",20,2017-05-14 08:06:08,29.119667,-69.728,901.548831763312
"AR16","58",21,2017-05-14 08:06:16,29.119667,-69.728,901.849468549948
"AR16","58",22,2017-05-14 08:06:25,29.119667,-69.728,901.22347106808
"AR16","58",23,2017-05-14 08:06:33,29.119667,-69.728,901.174024109447
"AR16","58",24,2017-05-14 08:06:41,29.119667,-69.728,900.977225097824
"AR16","59",1,2017-05-14 10:42:43,29.08,-69.739667,204.383861287419
"AR16","59",2,2017-05-14 10:43:01,29.08,-69.739667,203.675373971672
"AR16","59",3,2017-05-14 10:46:21,29.08,-69.739667,125.334748510867
"AR16","59",4,2017-05-14 10:46:31,29.08,-69.739667,125.017097246046
"AR16","59",5,2017-05-14 10:47:52,29.08,-69.739667,108.140174057574
"AR16","59",6,2017-05-14 10:48:02,29.08,-69.739667,108.280150719611
"AR16","59",7,2017-05-14 10:49:29,29.08,-69.739667,90.4695870269216
"AR16","59",8,2017-05-14 10:49:38,29.08,-69.739667,90.4328523820576
"AR16","59",9,2017-05-14 10:51:15,29.08,-69.739667,58.0134517501441
"AR16","59",10,2017-05-14 10:51:23,29.08,-69.739667,58.4096525177379
"AR16","59",11,2017-05-14 10:53:10,29.08,-69.739667,25.9782335810324
"AR16","59",12,2017-05-14 10:53:19,29.08,-69.739667,25.6773117540647
"AR16","59",13,2017-05-14 10:54:41,29.08,-69.739667,6.20484253967536
"AR16","59",14,2017-05-14 10:54:50,29.08,-69.739667,5.96845211244697
"AR16","60",1,2017-05-14 12:56:24,29.042833,-69.7295,503.343852023648
"AR16","60",2,2017-05-14 12:56:31,29.042833,-69.7295,503.325026017586
"AR16","60",3,2017-05-14 12:56:36,29.042833,-69.7295,503.031736438626
"AR16","60",4,2017-05-14 12:56:44,29.042833,-69.7295,503.230895961565
"AR16","60",5,2017-05-14 12:56:55,29.042833,-69.7295,503.15460104261
"AR16","60",6,2017-05-14 12:57:05,29.042833,-69.7295,502.851402774752
"AR16","60",7,2017-05-14 13:08:10,29.042833,-69.7295,27.1204210318599
"AR16","60",8,2017-05-14 13:08:19,29.042833,-69.7295,26.9416561199619
"AR16","60",9,2017-05-14 13:08:26,29.042833,-69.7295,26.9267590369277
"AR16","60",10,2017-05-14 13:08:35,29.042833,-69.7295,26.7062820813404
"AR16","60",11,2017-05-14 13:08:42,29.042833,-69.7295,26.8721363898659
"AR16","60",12,2017-05-14 13:08:54,29.042833,-69.7295,26.8771020856553
"AR16","60",13,2017-05-14 13:09:02,29.042833,-69.7295,26.9734365601468
"AR16","60",14,2017-05-14 13:09:10,29.042833,-69.7295,26.8473079091132
"AR16","60",15,2017-05-14 13:09:18,29.042833,-69.7295,26.7191929005968
"AR16","60",16,2017-05-14 13:09:28,29.042833,-69.7295,26.7251517399792
"AR16","61",1,2017-05-15 11:02:48,29.030833,-66.053,126.913559488216
"AR16","61",2,2017-05-15 11:02:57,29.030833,-66.053,126.693189821998
"AR16","61",3,2017-05-15 11:04:20,29.030833,-66.053,104.041499319038
"AR16","61",4,2017-05-15 11:04:31,29.030833,-66.053,104.472359432488
"AR16","61",5,2017-05-15 11:05:35,29.030833,-66.053,87.1627853203698
"AR16","61",6,2017-05-15 11:05:43,29.030833,-66.053,87.1240642453513
"AR16","61",7,2017-05-15 11:07:27,29.030833,-66.053,54.0486309916983
"AR16","61",8,2017-05-15 11:07:37,29.030833,-66.053,54.0208267553397
"AR16","61",9,2017-05-15 11:09:23,29.030833,-66.053,23.0405912721237
"AR16","61",10,2017-05-15 11:09:32,29.030833,-66.053,23.3464839177239
"AR16","61",11,2017-05-15 11:11:10,29.030833,-66.053,5.02588674797998
"AR16","61",12,2017-05-15 11:11:19,29.030833,-66.053,5.04575166819371
"AR16","62",1,2017-05-15 12:19:32,29.044667,-66.051833,501.880300606656
"AR16","62",2,2017-05-15 12:19:40,29.044667,-66.051833,502.376715485121
"AR16","62",3,2017-05-15 12:19:49,29.044667,-66.051833,502.061625939949
"AR16","62",4,2017-05-15 12:19:58,29.044667,-66.051833,502.04874491059
"AR16","62",5,2017-05-15 12:27:51,29.044667,-66.051833,104.692639615243
"AR16","62",6,2017-05-15 12:27:59,29.044667,-66.051833,105.216817310233
"AR16","62",7,2017-05-15 12:28:08,29.044667,-66.051833,104.92196752161
"AR16","62",8,2017-05-15 12:28:19,29.044667,-66.051833,105.098678893621
"AR16","62",9,2017-05-15 12:28:26,29.044667,-66.051833,104.62513178444
"AR16","62",10,2017-05-15 12:28:34,29.044667,-66.051833,104.779009895788
"AR16","62",11,2017-05-15 12:31:09,29.044667,-66.051833,53.6871174976248
"AR16","62",12,2017-05-15 12:31:18,29.044667,-66.051833,53.6612992606896
"AR16","62",13,2017-05-15 12:31:26,29.044667,-66.051833,53.3504871530754
"AR16","62",14,2017-05-15 12:31:33,29.044667,-66.051833,53.2025285081165
"AR16","62",15,2017-05-15 12:31:41,29.044667,-66.051833,53.0605278289374
"AR16","62",16,2017-05-15 12:31:53,29.044667,-66.051833,53.364389302145
"AR16","62",17,2017-05-15 12:33:44,29.044667,-66.051833,22.7078582574977
"AR16","62",18,2017-05-15 12:33:52,29.044667,-66.051833,22.5002878753265
"AR16","62",19,2017-05-15 12:34:00,29.044667,-66.051833,22.8091604728867
"AR16","62",20,2017-05-15 12:34:08,29.044667,-66.051833,22.7982357265787
"AR16","62",21,2017-05-15 12:34:23,29.044667,-66.051833,22.6333713024506
"AR16","62",22,2017-05-15 12:34:31,29.044667,-66.051833,22.7505640995062
"AR16","62",23,2017-05-15 12:34:39,29.044667,-66.051833,22.4287803265285
"AR16","62",24,2017-05-15 12:34:49,29.044667,-66.051833,22.7883041385203
"AR16","63",1,2017-05-15 15:07:07,29.058167,-66.044167,750.476011660948
"AR16","63",2,2017-05-15 15:08:59,29.058167,-66.044167,699.396321816462
"AR16","63",3,2017-05-15 15:13:17,29.058167,-66.044167,500.071464329622
"AR16","63",4,2017-05-15 15:17:48,29.058167,-66.044167,299.767744286165
"AR16","63",5,2017-05-15 15:20:34,29.058167,-66.044167,200.271172568646
"AR16","63",6,2017-05-15 15:20:37,29.058167,-66.044167,201.106686626133
"AR16","63",7,2017-05-15 15:23:35,29.058167,-66.044167,166.458779310746
"AR16","63",8,2017-05-15 15:23:45,29.058167,-66.044167,166.490538102377
"AR16","63",9,2017-05-15 15:26:13,29.058167,-66.044167,121.584654795861
"AR16","63",10,2017-05-15 15:26:44,29.058167,-66.044167,121.434760170918
"AR16","63",11,2017-05-15 15:28:19,29.058167,-66.044167,101.882003309885
"AR16","63",12,2017-05-15 15:28:38,29.058167,-66.044167,101.803574100929
"AR16","63",13,2017-05-15 15:30:29,29.058167,-66.044167,76.2112165601347
"AR16","63",14,2017-05-15 15:30:50,29.058167,-66.044167,75.8666803562971
"AR16","63",15,2017-05-15 15:32:32,29.058167,-66.044167,51.4279551030067
"AR16","63",16,2017-05-15 15:32:45,29.058167,-66.044167,52.071430370918
"AR16","63",17,2017-05-15 15:34:17,29.058167,-66.044167,31.0452274025413
"AR16","63",18,2017-05-15 15:34:30,29.058167,-66.044167,30.7532505776524
"AR16","63",19,2017-05-15 15:35:30,29.058167,-66.044167,25.9405385900765
"AR16","63",20,2017-05-15 15:35:42,29.058167,-66.044167,26.0368733894097
"AR16","63",21,2017-05-15 15:36:47,29.058167,-66.044167,20.4910932250117
"AR16","63",22,2017-05-15 15:36:58,29.058167,-66.044167,20.946957252049
"AR16","63",23,2017-05-15 15:38:23,29.058167,-66.044167,11.2166718371153
"AR16","63",24,2017-05-15 15:38:37,29.058167,-66.044167,11.1352282809479
"AR16","64",1,2017-05-15 17:05:22,29.0625,-66.039,124.15960654879
"AR16","64",2,2017-05-15 17:05:31,29.0625,-66.039,124.814765379759
"AR16","64",3,2017-05-15 17:07:08,29.0625,-66.039,103.003800600947
"AR16","64",4,2017-05-15 17:07:17,29.0625,-66.039,103.388994549557
"AR16","64",5,2017-05-15 17:08:53,29.0625,-66.039,85.9562583988981
"AR16","64",6,2017-05-15 17:09:02,29.0625,-66.039,85.8956944568049
"AR16","64",7,2017-05-15 17:10:59,29.0625,-66.039,54.1170144092742
"AR16","64",8,2017-05-15 17:11:11,29.0625,-66.039,54.0127487967976
"AR16","64",9,2017-05-15 17:12:57,29.0625,-66.039,21.7216184505421
"AR16","64",10,2017-05-15 17:13:11,29.0625,-66.039,22.379091046909
"AR16","64",11,2017-05-15 17:13:18,29.0625,-66.039,21.5517875728131
"AR16","64",12,2017-05-15 17:13:26,29.0625,-66.039,21.337264157539
"AR16","64",13,2017-05-15 17:13:34,29.0625,-66.039,21.4604165160017
"AR16","64",14,2017-05-15 17:13:42,29.0625,-66.039,21.7822013611493
"AR16","64",15,2017-05-15 17:13:57,29.0625,-66.039,22.364193654954
"AR16","64",16,2017-05-15 17:14:05,29.0625,-66.039,22.2867271993196
"AR16","64",17,2017-05-15 17:14:13,29.0625,-66.039,22.0930609320393
"AR16","64",18,2017-05-15 17:14:20,29.0625,-66.039,21.7514133268508
"AR16","64",19,2017-05-15 17:14:28,29.0625,-66.039,21.2558246540063
"AR16","64",20,2017-05-15 17:14:35,29.0625,-66.039,21.7484338394149
"AR16","64",21,2017-05-15 17:14:43,29.0625,-66.039,22.3483031023409
"AR16","64",22,2017-05-15 17:14:56,29.0625,-66.039,21.4713413184183
"AR16","64",23,2017-05-15 17:16:54,29.0625,-66.039,5.46389424704889
"AR16","64",24,2017-05-15 17:17:03,29.0625,-66.039,5.18777293170351
"AR16","65",1,2017-05-15 18:45:20,29.065833,-66.0235,22.3741194099673
"AR16","65",2,2017-05-15 18:45:28,29.065833,-66.0235,22.6005595806562
"AR16","65",3,2017-05-15 18:45:36,29.065833,-66.0235,22.9491577750938
"AR16","65",4,2017-05-15 18:45:44,29.065833,-66.0235,22.6472380057705
"AR16","65",5,2017-05-15 18:45:54,29.065833,-66.0235,23.1587136691066
"AR16","65",6,2017-05-15 18:46:02,29.065833,-66.0235,22.3373725165514
"AR16","65",7,2017-05-15 18:46:09,29.065833,-66.0235,22.2062754376728
"AR16","65",8,2017-05-15 18:46:21,29.065833,-66.0235,22.2122343976241
"AR16","65",9,2017-05-15 18:46:32,29.065833,-66.0235,22.2281249566468
"AR16","65",10,2017-05-15 18:46:42,29.065833,-66.0235,22.2181933574021
"AR16","65",11,2017-05-15 18:46:53,29.065833,-66.0235,22.2708308279108
"AR16","65",12,2017-05-15 18:47:01,29.065833,-66.0235,22.4883326852479
"AR16","65",13,2017-05-15 18:47:08,29.065833,-66.0235,22.1655558733648
"AR16","65",14,2017-05-15 18:47:16,29.065833,-66.0235,22.0841167204609
"AR16","65",15,2017-05-15 18:47:24,29.065833,-66.0235,21.9510331569912
"AR16","65",16,2017-05-15 18:47:33,29.065833,-66.0235,22.2112412376443
"AR16","65",17,2017-05-15 18:47:40,29.065833,-66.0235,22.8081295171861
"AR16","65",18,2017-05-15 18:47:47,29.065833,-66.0235,22.6164501095491
"AR16","65",19,2017-05-15 18:47:55,29.065833,-66.0235,22.4297363171906
"AR16","65",20,2017-05-15 18:48:03,29.065833,-66.0235,22.5499085115818
"AR16","65",21,2017-05-15 18:48:14,29.065833,-66.0235,22.007643340081
"AR16","65",22,2017-05-15 18:48:24,29.065833,-66.0235,22.5449427198218
"AR16","65",23,2017-05-15 18:48:32,29.065833,-66.0235,23.0673433530565
"AR16","65",24,2017-05-15 18:48:44,29.065833,-66.0235,22.4148389328082
"AR16","66",1,2017-05-15 19:37:06,29.067,-66.019167,22.9988134873781
"AR16","66",2,2017-05-15 19:37:14,29.067,-66.019167,23.2610065226412
"AR16","66",3,2017-05-15 19:37:22,29.067,-66.019167,22.8488468655522
"AR16","66",4,2017-05-15 19:37:29,29.067,-66.019167,22.2807603883364
"AR16","66",5,2017-05-15 19:37:37,29.067,-66.019167,22.380076319692
"AR16","66",6,2017-05-15 19:37:45,29.067,-66.019167,22.9541214592474
"AR16","66",7,2017-05-15 19:37:53,29.067,-66.019167,23.20538984624
"AR16","66",8,2017-05-15 19:38:01,29.067,-66.019167,22.133772721544
"AR16","66",9,2017-05-15 19:38:11,29.067,-66.019167,21.9659285676172
"AR16","66",10,2017-05-15 19:38:21,29.067,-66.019167,21.9619559232543
"AR16","66",11,2017-05-15 19:38:29,29.067,-66.019167,21.592499660678
"AR16","66",12,2017-05-15 19:38:39,29.067,-66.019167,22.5310364431138
"AR16","66",13,2017-05-15 19:38:47,29.067,-66.019167,22.5429543428554
"AR16","66",14,2017-05-15 19:38:55,29.067,-66.019167,22.4774058856943
"AR16","66",15,2017-05-15 19:39:03,29.067,-66.019167,22.356240500559
"AR16","66",16,2017-05-15 19:39:12,29.067,-66.019167,22.3721310469559
"AR16","66",17,2017-05-15 19:39:20,29.067,-66.019167,22.5737422473113
"AR16","66",18,2017-05-15 19:39:28,29.067,-66.019167,22.0255182238135
"AR16","66",19,2017-05-15 19:39:38,29.067,-66.019167,22.2062734082137
"AR16","66",20,2017-05-15 19:39:46,29.067,-66.019167,22.6829896128702
"AR16","66",21,2017-05-15 19:39:53,29.067,-66.019167,22.815079531584
"AR16","66",22,2017-05-15 19:40:01,29.067,-66.019167,22.6462427782318
"AR16","66",23,2017-05-15 19:40:19,29.067,-66.019167,21.9460653450321
"AR16","66",24,2017-05-15 19:40:28,29.067,-66.019167,21.5696569128883
"AR16","67",1,2017-05-15 22:41:56,29.0785,-65.991667,124.685562864636
"AR16","67",2,2017-05-15 22:42:05,29.0785,-65.991667,124.973434843171
"AR16","67",3,2017-05-15 22:43:40,29.0785,-65.991667,103.135709574076
"AR16","67",4,2017-05-15 22:43:48,29.0785,-65.991667,103.976581463924
"AR16","67",5,2017-05-15 22:45:01,29.0785,-65.991667,85.2561901578161
"AR16","67",6,2017-05-15 22:45:11,29.0785,-65.991667,86.0048003363815
"AR16","67",7,2017-05-15 22:46:55,29.0785,-65.991667,53.2123176476112
"AR16","67",8,2017-05-15 22:47:06,29.0785,-65.991667,52.9312959872766
"AR16","67",9,2017-05-15 22:48:39,29.0785,-65.991667,22.5747150718624
"AR16","67",10,2017-05-15 22:48:51,29.0785,-65.991667,22.2529318751832
"AR16","67",11,2017-05-15 22:50:05,29.0785,-65.991667,5.46885360120632
"AR16","67",12,2017-05-15 22:50:14,29.0785,-65.991667,5.83039271588337
"AR16","68",1,2017-05-16 01:30:18,29.080667,-65.991333,4952.37769754374
"AR16","68",2,2017-05-16 01:30:27,29.080667,-65.991333,4953.79484921176
"AR16","68",3,2017-05-16 01:30:39,29.080667,-65.991333,4952.46893908287
"AR16","68",4,2017-05-16 01:30:49,29.080667,-65.991333,4952.64851008964
"AR16","68",5,2017-05-16 01:31:01,29.080667,-65.991333,4954.65387175808
"AR16","68",6,2017-05-16 01:31:14,29.080667,-65.991333,4952.97659080421
"AR16","68",7,2017-05-16 01:31:24,29.080667,-65.991333,4952.60483066868
"AR16","68",8,2017-05-16 01:31:32,29.080667,-65.991333,4952.94067666634
"AR16","68",9,2017-05-16 01:31:41,29.080667,-65.991333,4953.24740263327
"AR16","68",10,2017-05-16 01:31:50,29.080667,-65.991333,4953.12801251202
"AR16","68",11,2017-05-16 01:31:58,29.080667,-65.991333,4952.48544020836
"AR16","68",12,2017-05-16 01:32:06,29.080667,-65.991333,4951.77977335542
"AR16","68",13,2017-05-16 01:32:16,29.080667,-65.991333,4952.35634313566
"AR16","68",14,2017-05-16 01:32:25,29.080667,-65.991333,4952.96300167163
"AR16","68",15,2017-05-16 01:32:33,29.080667,-65.991333,4953.87444239834
"AR16","68",16,2017-05-16 01:32:41,29.080667,-65.991333,4954.83052909776
"AR16","68",17,2017-05-16 01:32:49,29.080667,-65.991333,4953.17945704353
"AR16","68",18,2017-05-16 01:32:57,29.080667,-65.991333,4953.25419719112
"AR16","68",19,2017-05-16 01:33:04,29.080667,-65.991333,4953.45512188105
"AR16","68",20,2017-05-16 01:33:13,29.080667,-65.991333,4952.870789679
"AR16","68",21,2017-05-16 01:33:22,29.080667,-65.991333,4952.57765235804
"AR16","68",22,2017-05-16 01:33:32,29.080667,-65.991333,4952.30198645143
"AR16","68",23,2017-05-16 01:33:40,29.080667,-65.991333,4953.05424297472
"AR16","68",24,2017-05-16 01:33:49,29.080667,-65.991333,4953.96180074163
"AR16","69",1,2017-05-16 05:25:54,29.079833,-65.999833,4952.09653080972
"AR16","69",2,2017-05-16 05:26:05,29.079833,-65.999833,4952.35860781526
"AR16","69",3,2017-05-16 05:26:17,29.079833,-65.999833,4951.65682315181
"AR16","69",4,2017-05-16 05:26:28,29.079833,-65.999833,4951.95190299889
"AR16","69",5,2017-05-16 05:26:42,29.079833,-65.999833,4950.71140026044
"AR16","69",6,2017-05-16 05:26:52,29.079833,-65.999833,4951.50928308395
"AR16","69",7,2017-05-16 05:27:05,29.079833,-65.999833,4952.29648588584
"AR16","69",8,2017-05-16 05:27:14,29.079833,-65.999833,4952.50129405731
"AR16","69",9,2017-05-16 05:27:21,29.079833,-65.999833,4953.57095267954
"AR16","69",10,2017-05-16 05:27:28,29.079833,-65.999833,4952.44596674964
"AR16","69",11,2017-05-16 05:27:35,29.079833,-65.999833,4950.67160311163
"AR16","69",12,2017-05-16 05:27:42,29.079833,-65.999833,4951.72476920334
"AR16","69",13,2017-05-16 05:27:49,29.079833,-65.999833,4953.06136095393
"AR16","69",14,2017-05-16 05:27:58,29.079833,-65.999833,4953.4535040217
"AR16","69",15,2017-05-16 05:28:07,29.079833,-65.999833,4953.51659628349
"AR16","69",16,2017-05-16 05:28:15,29.079833,-65.999833,4952.27998474547
"AR16","69",17,2017-05-16 05:28:25,29.079833,-65.999833,4952.11594393165
"AR16","69",18,2017-05-16 05:28:33,29.079833,-65.999833,4951.6063489289
"AR16","69",19,2017-05-16 05:28:41,29.079833,-65.999833,4952.8691717765
"AR16","69",20,2017-05-16 05:28:49,29.079833,-65.999833,4953.17298590628
"AR16","69",21,2017-05-16 05:28:57,29.079833,-65.999833,4951.89463424288
"AR16","69",22,2017-05-16 05:29:06,29.079833,-65.999833,4951.75194761823
"AR16","69",23,2017-05-16 05:29:15,29.079833,-65.999833,4952.9575011662
"AR16","69",24,2017-05-16 05:29:23,29.079833,-65.999833,4952.43917216707
"AR16","70",1,2017-05-16 10:47:53,29.126833,-66.031167,124.386299996022
"AR16","70",2,2017-05-16 10:48:01,29.126833,-66.031167,124.892556163478
"AR16","70",3,2017-05-16 10:49:34,29.126833,-66.031167,104.069506933202
"AR16","70",4,2017-05-16 10:49:44,29.126833,-66.031167,104.193601730182
"AR16","70",5,2017-05-16 10:51:03,29.126833,-66.031167,86.6120954727927
"AR16","70",6,2017-05-16 10:51:11,29.126833,-66.031167,86.6200382180836
"AR16","70",7,2017-05-16 10:52:52,29.126833,-66.031167,53.4693041987941
"AR16","70",8,2017-05-16 10:53:05,29.126833,-66.031167,53.9558754399434
"AR16","70",9,2017-05-16 10:55:15,29.126833,-66.031167,23.0861029565982
"AR16","70",10,2017-05-16 10:55:25,29.126833,-66.031167,23.1516509115689
"AR16","70",11,2017-05-16 10:57:05,29.126833,-66.031167,4.98909912190365
"AR16","70",12,2017-05-16 10:57:18,29.126833,-66.031167,5.31190146698885
"AR16","71",1,2017-05-16 17:38:00,29.541333,-65.789,12.9026514190459
"AR16","71",2,2017-05-16 17:38:14,29.541333,-65.789,13.212519585714
"AR16","71",3,2017-05-16 17:38:22,29.541333,-65.789,12.8857675631598
"AR16","71",4,2017-05-16 17:38:29,29.541333,-65.789,12.6156256796418
"AR16","71",5,2017-05-16 17:38:47,29.541333,-65.789,12.6384685732925
"AR16","71",6,2017-05-16 17:38:54,29.541333,-65.789,12.9334396232542
"AR16","71",7,2017-05-16 17:39:01,29.541333,-65.789,13.2423145770271
"AR16","71",8,2017-05-16 17:39:08,29.541333,-65.789,12.9691936610413
"AR16","71",9,2017-05-16 17:39:15,29.541333,-65.789,12.9334396232542
"AR16","71",10,2017-05-16 17:39:21,29.541333,-65.789,12.8539861835973
"AR16","71",11,2017-05-16 17:39:28,29.541333,-65.789,12.7338127975354
"AR16","71",12,2017-05-16 17:39:34,29.541333,-65.789,12.3375380743244
"AR16","71",13,2017-05-16 17:39:41,29.541333,-65.789,12.5004180032616
"AR16","71",14,2017-05-16 17:39:47,29.541333,-65.789,12.9145694341274
"AR16","71",15,2017-05-16 17:39:54,29.541333,-65.789,12.9066240908168
"AR16","71",16,2017-05-16 17:40:01,29.541333,-65.789,12.4666502237625
"AR16","71",17,2017-05-16 17:40:08,29.541333,-65.789,12.8063141050044
"AR16","71",18,2017-05-16 17:40:16,29.541333,-65.789,12.822204799102
"AR16","71",19,2017-05-16 17:40:23,29.541333,-65.789,13.2671437331429
"AR16","71",20,2017-05-16 17:40:30,29.541333,-65.789,13.1360457548321
"AR16","71",21,2017-05-16 17:40:37,29.541333,-65.789,12.664290971742
"AR16","71",22,2017-05-16 17:40:44,29.541333,-65.789,12.4974384935298
"AR16","72",1,2017-05-17 10:50:20,32.185667,-64.162,105.458095990345
"AR16","72",2,2017-05-17 10:50:31,32.185667,-64.162,105.254632094565
"AR16","72",3,2017-05-17 10:51:48,32.185667,-64.162,82.948802382929
"AR16","72",4,2017-05-17 10:51:56,32.185667,-64.162,83.0163002106354
"AR16","72",5,2017-05-17 10:53:11,32.185667,-64.162,64.3632239817046
"AR16","72",6,2017-05-17 10:53:20,32.185667,-64.162,64.6074293373455
"AR16","72",7,2017-05-17 10:54:33,32.185667,-64.162,42.0817350018338
"AR16","72",8,2017-05-17 10:54:50,32.185667,-64.162,41.6518464109477
"AR16","72",9,2017-05-17 10:56:15,32.185667,-64.162,20.9645012179538
"AR16","72",10,2017-05-17 10:56:23,32.185667,-64.162,20.9128695983879
"AR16","72",11,2017-05-17 10:58:16,32.185667,-64.162,4.91736273505566
"AR16","72",12,2017-05-17 10:58:27,32.185667,-64.162,5.24107835045399
"AR16","73",1,2017-05-17 12:05:29,32.181,-64.1635,81.8003750343243
"AR16","73",2,2017-05-17 12:05:52,32.181,-64.1635,81.684238318349
"AR16","73",3,2017-05-17 12:06:04,32.181,-64.1635,81.7140169697433
"AR16","73",4,2017-05-17 12:06:19,32.181,-64.1635,81.1938825699641
"AR16","73",5,2017-05-17 12:06:39,32.181,-64.1635,81.6494965529216
"AR16","73",6,2017-05-17 12:06:51,32.181,-64.1635,80.3868775396804
"AR16","73",7,2017-05-17 12:09:56,32.181,-64.1635,41.2408364520653
"AR16","73",8,2017-05-17 12:10:14,32.181,-64.1635,41.5744229333361
"AR16","73",9,2017-05-17 12:10:25,32.181,-64.1635,41.4264932810038
"AR16","73",10,2017-05-17 12:10:38,32.181,-64.1635,41.4274860978185
"AR16","73",11,2017-05-17 12:11:05,32.181,-64.1635,41.1534684743373
"AR16","73",12,2017-05-17 12:11:21,32.181,-64.1635,42.0787728912699
"AR16","73",13,2017-05-17 12:13:35,32.181,-64.1635,21.1799720167184
"AR16","73",14,2017-05-17 12:13:45,32.181,-64.1635,20.4849303537289
"AR16","73",15,2017-05-17 12:14:00,32.181,-64.1635,21.003233074686
"AR16","73",16,2017-05-17 12:14:14,32.181,-64.1635,20.3498934140469
"AR16","73",17,2017-05-17 12:14:24,32.181,-64.1635,20.5335833469367
"AR16","73",18,2017-05-17 12:14:34,32.181,-64.1635,20.5385479374303
"AR16","73",19,2017-05-17 12:14:47,32.181,-64.1635,20.9863535048255
"AR16","73",20,2017-05-17 12:14:58,32.181,-64.1635,20.6576980731635
"AR16","73",21,2017-05-17 12:15:12,32.181,-64.1635,20.6050734384306
"AR16","73",22,2017-05-17 12:15:21,32.181,-64.1635,20.8255010634002
"AR16","73",23,2017-05-17 12:15:32,32.181,-64.1635,21.3040863511181
"AR16","73",24,2017-05-17 12:15:44,32.181,-64.1635,19.8504545471185
"AR16","74",1,2017-05-17 14:53:55,32.141667,-64.1875,1001.93882917733
"AR16","74",2,2017-05-17 14:56:48,32.141667,-64.1875,903.097450205369
"AR16","74",3,2017-05-17 14:57:08,32.141667,-64.1875,901.614413449335
"AR16","74",4,2017-05-17 15:00:49,32.141667,-64.1875,750.604755880326
"AR16","74",5,2017-05-17 15:06:11,32.141667,-64.1875,499.943964458924
"AR16","74",6,2017-05-17 15:10:41,32.141667,-64.1875,300.471477020356
"AR16","74",7,2017-05-17 15:10:50,32.141667,-64.1875,300.670782187739
"AR16","74",8,2017-05-17 15:11:01,32.141667,-64.1875,300.326707971835
"AR16","74",9,2017-05-17 15:13:49,32.141667,-64.1875,201.125056548364
"AR16","74",10,2017-05-17 15:14:00,32.141667,-64.1875,201.021883579502
"AR16","74",11,2017-05-17 15:14:21,32.141667,-64.1875,201.269895436473
"AR16","74",12,2017-05-17 15:16:18,32.141667,-64.1875,152.407762220781
"AR16","74",13,2017-05-17 15:18:16,32.141667,-64.1875,126.654421446185
"AR16","74",14,2017-05-17 15:18:28,32.141667,-64.1875,126.528385667841
"AR16","74",15,2017-05-17 15:18:37,32.141667,-64.1875,126.162186785984
"AR16","74",16,2017-05-17 15:20:51,32.141667,-64.1875,92.4283971704622
"AR16","74",17,2017-05-17 15:21:01,32.141667,-64.1875,91.792156881691
"AR16","74",18,2017-05-17 15:21:12,32.141667,-64.1875,91.3147272248811
"AR16","74",19,2017-05-17 15:23:18,32.141667,-64.1875,51.9115330687765
"AR16","74",20,2017-05-17 15:23:31,32.141667,-64.1875,51.8767861421021
"AR16","74",21,2017-05-17 15:23:40,32.141667,-64.1875,51.5739912459327
"AR16","74",22,2017-05-17 15:25:23,32.141667,-64.1875,27.0907981256127
"AR16","74",23,2017-05-17 15:25:42,32.141667,-64.1875,27.2963261615515
"AR16","74",24,2017-05-17 15:27:12,32.141667,-64.1875,12.7539638411424
"AR16","75",1,2017-05-17 17:04:19,32.129333,-64.214333,104.85613472038
"AR16","75",2,2017-05-17 17:04:29,32.129333,-64.214333,104.552425248569
"AR16","75",3,2017-05-17 17:05:47,32.129333,-64.214333,82.6176554390857
"AR16","75",4,2017-05-17 17:05:57,32.129333,-64.214333,82.845958263763
"AR16","75",5,2017-05-17 17:07:05,32.129333,-64.214333,65.0127566112744
"AR16","75",6,2017-05-17 17:07:12,32.129333,-64.214333,65.0872096071634
"AR16","75",7,2017-05-17 17:08:29,32.129333,-64.214333,42.1285944720325
"AR16","75",8,2017-05-17 17:08:37,32.129333,-64.214333,41.9429374820767
"AR16","75",9,2017-05-17 17:09:52,32.129333,-64.214333,21.1145302857255
"AR16","75",10,2017-05-17 17:10:01,32.129333,-64.214333,20.9546701745434
"AR16","75",11,2017-05-17 17:10:08,32.129333,-64.214333,20.7719727517897
"AR16","75",12,2017-05-17 17:10:20,32.129333,-64.214333,21.0787851785312
"AR16","75",13,2017-05-17 17:11:24,32.129333,-64.214333,5.20535501129586
"AR16","75",14,2017-05-17 17:11:34,32.129333,-64.214333,5.24110289019678
"AR16","76",1,2017-05-17 19:19:16,32.136833,-64.2245,4000.27370892294
"AR16","76",2,2017-05-17 19:28:49,32.136833,-64.2245,3498.57021265371
"AR16","76",3,2017-05-17 19:38:27,32.136833,-64.2245,2995.49260747274
"AR16","76",4,2017-05-17 19:48:04,32.136833,-64.2245,2504.39880520868
"AR16","76",5,2017-05-17 19:57:57,32.136833,-64.2245,2006.78319573206
"AR16","76",6,2017-05-17 20:09:20,32.136833,-64.2245,1502.73115631416
"AR16","76",7,2017-05-17 20:30:28,32.136833,-64.2245,303.492885896256
"AR16","76",8,2017-05-17 20:30:37,32.136833,-64.2245,303.471071699956
"AR16","76",9,2017-05-17 20:30:45,32.136833,-64.2245,303.25392116532
"AR16","76",10,2017-05-17 20:30:55,32.136833,-64.2245,303.790351978803
"AR16","76",11,2017-05-17 20:31:03,32.136833,-64.2245,304.140369852253
"AR16","76",12,2017-05-17 20:31:11,32.136833,-64.2245,304.100707800168
"AR16","76",13,2017-05-17 20:31:19,32.136833,-64.2245,303.923220023491
"AR16","76",14,2017-05-17 20:31:27,32.136833,-64.2245,303.524615632203
"AR16","76",15,2017-05-17 20:31:35,32.136833,-64.2245,304.279186974389
"AR16","76",16,2017-05-17 20:31:43,32.136833,-64.2245,303.842904275384
"AR16","76",17,2017-05-17 20:31:52,32.136833,-64.2245,304.601440647108
"AR16","76",18,2017-05-17 20:32:00,32.136833,-64.2245,303.682272685184
"AR16","76",19,2017-05-17 20:32:11,32.136833,-64.2245,303.501809884985
"AR16","76",20,2017-05-17 20:32:19,32.136833,-64.2245,303.664424722981
"AR16","76",21,2017-05-17 20:32:26,32.136833,-64.2245,303.576176442689
"AR16","76",22,2017-05-17 20:32:35,32.136833,-64.2245,303.849845143741
"AR16","76",23,2017-05-17 20:32:43,32.136833,-64.2245,303.576176442689
"AR16","76",24,2017-05-17 20:37:06,32.136833,-64.2245,102.991128489204
"AR16","77",1,2017-05-17 22:43:22,32.128833,-64.273167,149.470743277723
"AR16","77",2,2017-05-17 22:43:30,32.128833,-64.273167,149.376474933707
"AR16","77",3,2017-05-17 22:45:35,32.128833,-64.273167,104.134580186555
"AR16","77",4,2017-05-17 22:45:43,32.128833,-64.273167,104.39858964823
"AR16","77",5,2017-05-17 22:46:57,32.128833,-64.273167,82.4052377445709
"AR16","77",6,2017-05-17 22:47:06,32.128833,-64.273167,81.7163565031355
"AR16","77",7,2017-05-17 22:48:12,32.128833,-64.273167,64.6623334999094
"AR16","77",8,2017-05-17 22:48:20,32.128833,-64.273167,64.5620699137559
"AR16","77",9,2017-05-17 22:49:34,32.128833,-64.273167,41.7880594611104
"AR16","77",10,2017-05-17 22:49:44,32.128833,-64.273167,41.9111690259909
"AR16","77",11,2017-05-17 22:51:01,32.128833,-64.273167,20.7024691146008
"AR16","77",12,2017-05-17 22:51:11,32.128833,-64.273167,21.0986444485693
"AR16","77",13,2017-05-17 22:52:30,32.128833,-64.273167,5.90839572912231
"AR16","77",14,2017-05-17 22:52:39,32.128833,-64.273167,6.11295225772254
"AR16","78",1,2017-05-17 23:45:58,32.121167,-64.281667,302.226068888083
"AR16","78",2,2017-05-17 23:46:05,32.121167,-64.281667,302.20227140548
"AR16","78",3,2017-05-17 23:46:13,32.121167,-64.281667,302.460077320505
"AR16","78",4,2017-05-17 23:46:22,32.121167,-64.281667,303.006426481184
"AR16","78",5,2017-05-17 23:46:31,32.121167,-64.281667,302.510646904429
"AR16","78",6,2017-05-17 23:46:39,32.121167,-64.281667,302.286554143985
"AR16","78",7,2017-05-17 23:46:47,32.121167,-64.281667,302.038663638127
"AR16","78",8,2017-05-17 23:46:57,32.121167,-64.281667,301.833410073407
"AR16","78",9,2017-05-17 23:47:06,32.121167,-64.281667,301.787798142349
"AR16","78",10,2017-05-17 23:47:14,32.121167,-64.281667,302.23697606669
"AR16","78",11,2017-05-17 23:47:24,32.121167,-64.281667,302.275646968005
"AR16","78",12,2017-05-17 23:47:31,32.121167,-64.281667,302.322250352246
"AR16","78",13,2017-05-17 23:47:39,32.121167,-64.281667,302.044613013763
"AR16","78",14,2017-05-17 23:47:46,32.121167,-64.281667,301.785815014682
"AR16","78",15,2017-05-17 23:47:56,32.121167,-64.281667,302.20921233819
"AR16","78",16,2017-05-17 23:48:05,32.121167,-64.281667,302.600878876262
"AR16","78",17,2017-05-17 23:48:13,32.121167,-64.281667,302.348030943252
"AR16","78",18,2017-05-17 23:48:21,32.121167,-64.281667,302.126912692425
"AR16","78",19,2017-05-17 23:48:29,32.121167,-64.281667,301.88298824788
"AR16","78",20,2017-05-17 23:48:37,32.121167,-64.281667,302.429338939895
"AR16","78",21,2017-05-17 23:48:45,32.121167,-64.281667,302.898346635208
"AR16","78",22,2017-05-17 23:48:53,32.121167,-64.281667,302.400583676459
"AR16","78",23,2017-05-17 23:49:03,32.121167,-64.281667,302.512630025114
"AR16","78",24,2017-05-17 23:49:12,32.121167,-64.281667,301.85423290814
"AR16","79",1,2017-05-18 02:19:13,32.114,-64.296833,300.931264345054
"AR16","79",2,2017-05-18 02:19:22,32.114,-64.296833,300.840040018735
"AR16","79",3,2017-05-18 02:19:30,32.114,-64.296833,301.159324984018
"AR16","79",4,2017-05-18 02:19:37,32.114,-64.296833,301.161308118901
"AR16","79",5,2017-05-18 02:19:45,32.114,-64.296833,301.058185079652
"AR16","79",6,2017-05-18 02:19:53,32.114,-64.296833,300.871770223778
"AR16","79",7,2017-05-18 02:20:01,32.114,-64.296833,301.998189334689
"AR16","79",8,2017-05-18 02:20:09,32.114,-64.296833,301.224768425074
"AR16","79",9,2017-05-18 02:20:16,32.114,-64.296833,301.333840780608
"AR16","79",10,2017-05-18 02:20:24,32.114,-64.296833,300.517779846725
"AR16","79",11,2017-05-18 02:20:36,32.114,-64.296833,301.115696011757
"AR16","79",12,2017-05-18 02:20:44,32.114,-64.296833,301.832598179239
"AR16","79",13,2017-05-18 02:20:52,32.114,-64.296833,301.56685880112
"AR16","79",14,2017-05-18 02:21:00,32.114,-64.296833,301.212869619156
"AR16","79",15,2017-05-18 02:21:08,32.114,-64.296833,300.89854258048
"AR16","79",16,2017-05-18 02:21:15,32.114,-64.296833,301.70766105165
"AR16","79",17,2017-05-18 02:21:23,32.114,-64.296833,301.336815480404
"AR16","79",18,2017-05-18 02:21:30,32.114,-64.296833,302.366059029807
"AR16","79",19,2017-05-18 02:21:38,32.114,-64.296833,301.315001014235
"AR16","79",20,2017-05-18 02:21:47,32.114,-64.296833,301.079999573031
"AR16","79",21,2017-05-18 02:21:55,32.114,-64.296833,301.334832347211
"AR16","79",22,2017-05-18 02:22:03,32.114,-64.296833,301.748315204663
"AR16","79",23,2017-05-18 02:22:11,32.114,-64.296833,301.548019056069
"AR16","79",24,2017-05-18 02:22:23,32.114,-64.296833,301.576774455718
"AR16","80",1,2017-05-18 10:50:29,32.114333,-64.363167,105.944059048408
"AR16","80",2,2017-05-18 10:50:36,32.114333,-64.363167,105.264188673426
"AR16","80",3,2017-05-18 10:51:53,32.114333,-64.363167,82.4241968465909
"AR16","80",4,2017-05-18 10:52:04,32.114333,-64.363167,82.2653769924962
"AR16","80",5,2017-05-18 10:53:06,32.114333,-64.363167,64.853011559749
"AR16","80",6,2017-05-18 10:53:15,32.114333,-64.363167,64.8966907424382
"AR16","80",7,2017-05-18 10:54:35,32.114333,-64.363167,42.3252250137097
"AR16","80",8,2017-05-18 10:54:46,32.114333,-64.363167,41.7265549075255
"AR16","80",9,2017-05-18 10:56:00,32.114333,-64.363167,21.2992397783091
"AR16","80",10,2017-05-18 10:56:07,32.114333,-64.363167,21.0251937027452
"AR16","80",11,2017-05-18 10:56:15,32.114333,-64.363167,20.7600835632055
"AR16","80",12,2017-05-18 10:56:30,32.114333,-64.363167,20.9477458323044
"AR16","80",13,2017-05-18 10:57:34,32.114333,-64.363167,5.93422070205013
"AR16","80",14,2017-05-18 10:57:54,32.114333,-64.363167,5.76441858508095
"AR16","81",1,2017-05-18 12:34:30,32.1145,-64.366667,701.592971433985
"AR16","81",2,2017-05-18 12:34:47,32.1145,-64.366667,701.729542868659
"AR16","81",3,2017-05-18 12:44:41,32.1145,-64.366667,201.007456493115
"AR16","81",4,2017-05-18 12:47:30,32.1145,-64.366667,150.576339685933
"AR16","81",5,2017-05-18 12:49:09,32.1145,-64.366667,130.325597697989
"AR16","81",6,2017-05-18 12:51:22,32.1145,-64.366667,95.7695868506019
"AR16","81",7,2017-05-18 12:52:41,32.1145,-64.366667,85.4298382024786
"AR16","81",8,2017-05-18 12:54:17,32.1145,-64.366667,75.4300498678296
"AR16","81",9,2017-05-18 12:54:30,32.1145,-64.366667,76.0127390267453
"AR16","81",10,2017-05-18 12:55:59,32.1145,-64.366667,65.0793481392556
"AR16","81",11,2017-05-18 12:56:12,32.1145,-64.366667,65.3851018806354
"AR16","81",12,2017-05-18 12:57:46,32.1145,-64.366667,50.3688775210992
"AR16","81",13,2017-05-18 12:57:56,32.1145,-64.366667,50.7669814996213
"AR16","81",14,2017-05-18 12:59:13,32.1145,-64.366667,40.7883364765145
"AR16","81",15,2017-05-18 12:59:25,32.1145,-64.366667,40.563957813699
"AR16","81",16,2017-05-18 13:00:53,32.1145,-64.366667,30.4458131804381
"AR16","81",17,2017-05-18 13:01:06,32.1145,-64.366667,30.3604258666186
"AR16","81",18,2017-05-18 13:02:58,32.1145,-64.366667,20.4939798723458
"AR16","81",19,2017-05-18 13:03:11,32.1145,-64.366667,20.6627768471418
"AR16","81",20,2017-05-18 13:03:25,32.1145,-64.366667,21.0351226230276
"AR16","81",21,2017-05-18 13:05:05,32.1145,-64.366667,10.4483234349642
"AR16","81",22,2017-05-18 13:05:17,32.1145,-64.366667,10.7104680104749
"AR16","82",1,2017-05-18 14:38:02,32.114833,-64.372667,20.3788001166387
"AR16","82",2,2017-05-18 14:38:17,32.114833,-64.372667,20.5912858111905
"AR16","82",3,2017-05-18 14:38:27,32.114833,-64.372667,20.2199321635577
"AR16","82",4,2017-05-18 14:38:35,32.114833,-64.372667,20.8335589508804
"AR16","82",5,2017-05-18 14:38:43,32.114833,-64.372667,20.7432030183691
"AR16","82",6,2017-05-18 14:38:50,32.114833,-64.372667,20.5257528634909
"AR16","82",7,2017-05-18 14:38:58,32.114833,-64.372667,20.8146934298034
"AR16","82",8,2017-05-18 14:39:05,32.114833,-64.372667,20.5972433508504
"AR16","82",9,2017-05-18 14:39:12,32.114833,-64.372667,20.0322692351728
"AR16","82",10,2017-05-18 14:39:20,32.114833,-64.372667,19.9071605206913
"AR16","82",11,2017-05-18 14:39:27,32.114833,-64.372667,20.5952575043164
"AR16","82",12,2017-05-18 14:39:36,32.114833,-64.372667,20.5396537935435
"AR16","82",13,2017-05-18 14:39:49,32.114833,-64.372667,20.2805005852093
"AR16","82",14,2017-05-18 14:40:01,32.114833,-64.372667,20.3936939809201
"AR16","82",15,2017-05-18 14:40:10,32.114833,-64.372667,20.4830571438568
"AR16","82",16,2017-05-18 14:40:22,32.114833,-64.372667,20.6290168927755
"AR16","82",17,2017-05-18 14:40:29,32.114833,-64.372667,20.7362525603704
"AR16","82",18,2017-05-18 14:40:43,32.114833,-64.372667,20.5178094744656
"AR16","82",19,2017-05-18 14:40:55,32.114833,-64.372667,20.3996515263293
"AR16","82",20,2017-05-18 14:41:06,32.114833,-64.372667,20.6647621215476
"AR16","82",21,2017-05-18 14:41:22,32.114833,-64.372667,20.5019226954906
"AR16","82",22,2017-05-18 14:41:35,32.114833,-64.372667,20.4294392507751
"AR16","82",23,2017-05-18 14:41:43,32.114833,-64.372667,20.7620685460331
"AR16","82",24,2017-05-18 14:41:50,32.114833,-64.372667,20.8206509629629
"AR16","83",1,2017-05-18 15:41:53,32.115,-64.3745,20.274542755122
"AR16","83",2,2017-05-18 15:42:03,32.115,-64.3745,20.5297242731374
"AR16","83",3,2017-05-18 15:42:13,32.115,-64.3745,20.7124221295851
"AR16","83",4,2017-05-18 15:42:26,32.115,-64.3745,20.5902926023064
"AR16","83",5,2017-05-18 15:42:38,32.115,-64.3745,20.7362522727553
"AR16","83",6,2017-05-18 15:42:49,32.115,-64.3745,20.6995141342099
"AR16","83",7,2017-05-18 15:43:02,32.115,-64.3745,20.4463186757771
"AR16","83",8,2017-05-18 15:43:13,32.115,-64.3745,20.6180944523187
"AR16","83",9,2017-05-18 15:43:27,32.115,-64.3745,20.2616347321414
"AR16","83",10,2017-05-18 15:43:38,32.115,-64.3745,20.5614978250996
"AR16","83",11,2017-05-18 15:43:48,32.115,-64.3745,20.4205026506608
"AR16","83",12,2017-05-18 15:43:59,32.115,-64.3745,20.7481673433004
"AR16","83",13,2017-05-18 15:44:08,32.115,-64.3745,20.5446181262336
"AR16","83",14,2017-05-18 15:44:20,32.115,-64.3745,20.6081652206048
"AR16","83",15,2017-05-18 15:44:38,32.115,-64.3745,20.6627759890725
"AR16","83",16,2017-05-18 15:44:47,32.115,-64.3745,20.527738425976
"AR16","83",17,2017-05-18 15:44:56,32.115,-64.3745,20.5535544375713
"AR16","83",18,2017-05-18 15:45:06,32.115,-64.3745,20.4483045237281
"AR16","83",19,2017-05-18 15:45:16,32.115,-64.3745,20.4999365636947
"AR16","83",20,2017-05-18 15:45:27,32.115,-64.3745,20.502915334834
"AR16","83",21,2017-05-18 15:45:36,32.115,-64.3745,20.5674553655436
"AR16","83",22,2017-05-18 15:45:45,32.115,-64.3745,20.5267455023881
"AR16","83",23,2017-05-18 15:45:55,32.115,-64.3745,20.7789479389991
"AR16","83",24,2017-05-18 15:46:14,32.115,-64.3745,20.3986583191738
"AR16","84",1,2017-05-18 16:43:58,32.115333,-64.381167,105.484517711551
"AR16","84",2,2017-05-18 16:44:06,32.115333,-64.381167,105.58972395579
"AR16","84",3,2017-05-18 16:45:39,32.115333,-64.381167,81.6787283060334
"AR16","84",4,2017-05-18 16:45:47,32.115333,-64.381167,82.1184616976319
"AR16","84",5,2017-05-18 16:46:58,32.115333,-64.381167,64.172006859414
"AR16","84",6,2017-05-18 16:47:11,32.115333,-64.381167,64.0856408954966
"AR16","84",7,2017-05-18 16:48:28,32.115333,-64.381167,40.8399605652042
"AR16","84",8,2017-05-18 16:48:37,32.115333,-64.381167,41.1864562246871
"AR16","84",9,2017-05-18 16:50:01,32.115333,-64.381167,20.6300089591678
"AR16","84",10,2017-05-18 16:50:08,32.115333,-64.381167,20.3112804081637
"AR16","84",11,2017-05-18 16:50:15,32.115333,-64.381167,20.3678771029826
"AR16","84",12,2017-05-18 16:50:22,32.115333,-64.381167,20.2407827488775
"AR16","84",13,2017-05-18 16:50:30,32.115333,-64.381167,20.4979501493249
"AR16","84",14,2017-05-18 16:50:37,32.115333,-64.381167,20.2795068182506
"AR16","84",15,2017-05-18 16:50:44,32.115333,-64.381167,20.4502898060584
"AR16","84",16,2017-05-18 16:50:52,32.115333,-64.381167,20.2685846455792
"AR16","84",17,2017-05-18 16:50:59,32.115333,-64.381167,20.3092945589386
"AR16","84",18,2017-05-18 16:51:06,32.115333,-64.381167,20.5863203397756
"AR16","84",19,2017-05-18 16:51:14,32.115333,-64.381167,20.5197944696143
"AR16","84",20,2017-05-18 16:51:21,32.115333,-64.381167,20.4056082241704
"AR16","84",21,2017-05-18 16:51:28,32.115333,-64.381167,20.4890138358075
"AR16","84",22,2017-05-18 16:51:36,32.115333,-64.381167,20.3907143613743
"AR16","84",23,2017-05-18 16:52:57,32.115333,-64.381167,5.40098155310084
"AR16","84",24,2017-05-18 16:53:04,32.115333,-64.381167,5.38906558961071
"AR16","85",1,2017-05-20 12:59:25,38.505667,-68.004,99.5415989781446
"AR16","85",2,2017-05-20 12:59:36,38.505667,-68.004,99.797532203331
"AR16","85",3,2017-05-20 13:02:25,38.505667,-68.004,41.9078102807587
"AR16","85",4,2017-05-20 13:02:42,38.505667,-68.004,41.6666887704603
"AR16","85",5,2017-05-20 13:04:18,38.505667,-68.004,30.9459210905728
"AR16","85",6,2017-05-20 13:04:26,38.505667,-68.004,30.9211130355035
"AR16","85",7,2017-05-20 13:05:39,38.505667,-68.004,21.9215445755546
"AR16","85",8,2017-05-20 13:05:48,38.505667,-68.004,21.7945217011026
"AR16","85",9,2017-05-20 13:06:55,38.505667,-68.004,14.1630809058657
"AR16","85",10,2017-05-20 13:07:02,38.505667,-68.004,14.309956574781
"AR16","85",11,2017-05-20 13:08:15,38.505667,-68.004,5.28782369305673
"AR16","85",12,2017-05-20 13:08:24,38.505667,-68.004,4.93848220029289
"AR16","86",1,2017-05-20 14:53:38,38.510667,-68.0165,16.7403291030474
"AR16","86",2,2017-05-20 14:53:47,38.510667,-68.0165,16.8117812122488
"AR16","86",3,2017-05-20 14:54:54,38.510667,-68.0165,14.596754224978
"AR16","86",4,2017-05-20 14:55:02,38.510667,-68.0165,14.6761462875789
"AR16","87",1,2017-05-20 16:52:13,38.4995,-68.045667,251.020191871372
"AR16","87",2,2017-05-20 16:54:02,38.4995,-68.045667,201.212331278404
"AR16","87",3,2017-05-20 16:55:39,38.4995,-68.045667,150.583127031906
"AR16","87",4,2017-05-20 16:57:19,38.4995,-68.045667,125.435928421497
"AR16","87",5,2017-05-20 16:58:54,38.4995,-68.045667,100.417579828681
"AR16","87",6,2017-05-20 16:59:02,38.4995,-68.045667,100.710215541358
"AR16","87",7,2017-05-20 17:02:10,38.4995,-68.045667,42.8762863104093
"AR16","87",8,2017-05-20 17:03:39,38.4995,-68.045667,31.5730852283697
"AR16","87",9,2017-05-20 17:04:43,38.4995,-68.045667,22.7055247220664
"AR16","87",10,2017-05-20 17:05:37,38.4995,-68.045667,14.9163220643497
"AR16","87",11,2017-05-20 17:05:44,38.4995,-68.045667,14.4816502180455
"AR16","87",12,2017-05-20 17:05:51,38.4995,-68.045667,14.7317355026938
"AR16","87",13,2017-05-20 17:05:59,38.4995,-68.045667,14.9510560761538
"AR16","87",14,2017-05-20 17:06:06,38.4995,-68.045667,14.8418920192007
"AR16","87",15,2017-05-20 17:06:13,38.4995,-68.045667,14.8746412424018
"AR16","87",16,2017-05-20 17:06:20,38.4995,-68.045667,14.8121199935604
"AR16","87",17,2017-05-20 17:06:28,38.4995,-68.045667,14.8359376144192
"AR16","87",18,2017-05-20 17:06:36,38.4995,-68.045667,14.7019634610256
"AR16","87",19,2017-05-20 17:06:46,38.4995,-68.045667,14.7704391503864
"AR16","87",20,2017-05-20 17:06:53,38.4995,-68.045667,14.7585303364915
"AR16","87",21,2017-05-20 17:07:00,38.4995,-68.045667,14.6682218085648
"AR16","87",22,2017-05-20 17:07:07,38.4995,-68.045667,14.7634923423653
"AR16","87",23,2017-05-20 17:08:05,38.4995,-68.045667,5.80985314666608
"AR16","87",24,2017-05-20 17:08:12,38.4995,-68.045667,5.91405980239776
"EN688","1",1,2022-08-07 23:06:21,38.98006,-70.20013,1999.999
"EN688","1",2,2022-08-07 23:06:25,38.98004,-70.20012,2000.489
"EN688","1",3,2022-08-07 23:33:14,38.97648,-70.19664,501.02
"EN688","1",4,2022-08-07 23:36:14,38.97604,-70.19626,451.022
"EN688","1",5,2022-08-07 23:39:10,38.97564,-70.19588,400.611
"EN688","1",6,2022-08-07 23:42:09,38.97522,-70.19554,350.916
"EN688","1",7,2022-08-07 23:44:52,38.97486,-70.19526,300.049
"EN688","1",8,2022-08-07 23:48:11,38.97436,-70.195,250.061
"EN688","1",9,2022-08-07 23:51:26,38.97382,-70.19488,200.085
"EN688","1",10,2022-08-07 23:53:09,38.97352,-70.19482,180.06
"EN688","1",11,2022-08-07 23:55:00,38.9732,-70.19476,165.081
"EN688","1",12,2022-08-07 23:56:46,38.97292,-70.19472,149.818
"EN688","1",13,2022-08-07 23:58:12,38.97266,-70.1947,134.528
"EN688","1",14,2022-08-07 23:59:42,38.97242,-70.19462,119.658
"EN688","1",15,2022-08-08 00:01:11,38.97221,-70.1946,104.89
"EN688","1",16,2022-08-08 00:02:45,38.97198,-70.19452,90.211
"EN688","1",17,2022-08-08 00:04:01,38.97178,-70.19444,74.795
"EN688","1",18,2022-08-08 00:05:00,38.97162,-70.1944,65.086
"EN688","1",19,2022-08-08 00:06:43,38.97134,-70.19432,55.002
"EN688","1",20,2022-08-08 00:07:51,38.97119,-70.19426,45.263
"EN688","1",21,2022-08-08 00:09:04,38.97098,-70.19416,34.982
"EN688","1",22,2022-08-08 00:10:21,38.97078,-70.1941,24.868
"EN688","1",23,2022-08-08 00:11:27,38.97062,-70.19404,15.716
"EN688","1",24,2022-08-08 00:12:36,38.97044,-70.19396,4.9
"EN688","2",1,2022-08-08 11:37:29,38.95912,-70.17362,501.22
"EN688","2",2,2022-08-08 11:40:32,38.95848,-70.1734,451.628
"EN688","2",3,2022-08-08 11:43:47,38.95771,-70.17336,400.348
"EN688","2",4,2022-08-08 11:47:19,38.9569,-70.17334,350.807
"EN688","2",5,2022-08-08 11:50:10,38.95618,-70.17326,300.05
"EN688","2",6,2022-08-08 11:52:19,38.95566,-70.17328,275.627
"EN688","2",7,2022-08-08 11:54:43,38.95514,-70.17322,251.849
"EN688","2",8,2022-08-08 11:57:24,38.95462,-70.17294,225.724
"EN688","2",9,2022-08-08 11:59:53,38.95416,-70.17279,200.671
"EN688","2",10,2022-08-08 12:02:09,38.95366,-70.17265,180.593
"EN688","2",11,2022-08-08 12:04:26,38.95316,-70.17252,165.725
"EN688","2",12,2022-08-08 12:06:31,38.95273,-70.17238,150.291
"EN688","2",13,2022-08-08 12:08:55,38.95215,-70.17228,135.648
"EN688","2",14,2022-08-08 12:11:13,38.95159,-70.17227,120.975
"EN688","2",15,2022-08-08 12:13:39,38.95097,-70.17225,105.335
"EN688","2",16,2022-08-08 12:16:07,38.95032,-70.17218,90.73
"EN688","2",17,2022-08-08 12:17:52,38.94991,-70.17206,75.971
"EN688","2",18,2022-08-08 12:19:37,38.94951,-70.1719,65.325
"EN688","2",19,2022-08-08 12:21:22,38.94912,-70.17184,55.676
"EN688","2",20,2022-08-08 12:22:49,38.94879,-70.17178,45.472
"EN688","2",21,2022-08-08 12:24:27,38.94842,-70.17178,35.065
"EN688","2",22,2022-08-08 12:27:16,38.94772,-70.17174,25.724
"EN688","2",23,2022-08-08 12:28:42,38.94736,-70.17169,15.491
"EN688","2",24,2022-08-08 12:30:26,38.94692,-70.1717,4.952
"EN688","3",1,2022-08-09 20:03:16,38.86844,-70.101,500.576
"EN688","3",2,2022-08-09 20:06:07,38.86786,-70.1006,450.599
"EN688","3",3,2022-08-09 20:09:01,38.86736,-70.10007,399.824
"EN688","3",4,2022-08-09 20:11:30,38.86688,-70.09968,350.556
"EN688","3",5,2022-08-09 20:14:38,38.86621,-70.09914,300.394
"EN688","3",6,2022-08-09 20:16:37,38.86574,-70.09886,274.668
"EN688","3",7,2022-08-09 20:18:31,38.86526,-70.09862,250.304
"EN688","3",8,2022-08-09 20:20:21,38.86491,-70.09834,224.929
"EN688","3",9,2022-08-09 20:21:56,38.86456,-70.09806,199.815
"EN688","3",10,2022-08-09 20:23:28,38.86432,-70.09764,179.863
"EN688","3",11,2022-08-09 20:24:30,38.86414,-70.09738,164.483
"EN688","3",12,2022-08-09 20:25:35,38.86392,-70.0972,149.704
"EN688","3",13,2022-08-09 20:26:48,38.86366,-70.09696,135.339
"EN688","3",14,2022-08-09 20:27:54,38.86344,-70.09672,120.294
"EN688","3",15,2022-08-09 20:29:02,38.86318,-70.0965,105.164
"EN688","3",16,2022-08-09 20:30:22,38.86292,-70.09616,89.848
"EN688","3",17,2022-08-09 20:31:47,38.8626,-70.09592,74.499
"EN688","3",18,2022-08-09 20:33:02,38.8623,-70.09572,65.526
"EN688","3",19,2022-08-09 20:34:12,38.86206,-70.09546,55.209
"EN688","3",20,2022-08-09 20:35:23,38.86182,-70.0952,45.162
"EN688","3",21,2022-08-09 20:37:50,38.8613,-70.09474,34.949
"EN688","3",22,2022-08-09 20:39:20,38.86096,-70.0945,25.403
"EN688","4",1,2022-08-10 05:40:21,38.76892,-69.98116,501.395
"EN688","4",2,2022-08-10 05:42:42,38.76835,-69.9809,449.886
"EN688","4",3,2022-08-10 05:44:46,38.76787,-69.98073,400.19
"EN688","4",4,2022-08-10 05:46:34,38.76761,-69.98044,349.532
"EN688","4",5,2022-08-10 05:48:14,38.76726,-69.98014,300.097
"EN688","4",6,2022-08-10 05:49:52,38.76698,-69.97994,276.102
"EN688","4",7,2022-08-10 05:51:33,38.76667,-69.97969,251.081
"EN688","4",8,2022-08-10 05:53:05,38.76636,-69.9795,225.296
"EN688","4",9,2022-08-10 05:54:38,38.76602,-69.97934,200.271
"EN688","4",10,2022-08-10 05:56:14,38.76574,-69.97918,179.687
"EN688","4",11,2022-08-10 05:57:54,38.76537,-69.979,164.662
"EN688","4",12,2022-08-10 05:59:30,38.76505,-69.97886,149.295
"EN688","4",13,2022-08-10 06:00:51,38.76479,-69.97878,135.053
"EN688","4",14,2022-08-10 06:02:11,38.76459,-69.97864,119.627
"EN688","4",15,2022-08-10 06:03:37,38.76434,-69.97854,104.756
"EN688","4",16,2022-08-10 06:05:08,38.76408,-69.9784,89.694
"EN688","4",17,2022-08-10 06:06:32,38.76386,-69.97826,75.415
"EN688","4",18,2022-08-10 06:07:56,38.76361,-69.97801,64.723
"EN688","4",19,2022-08-10 06:09:59,38.76326,-69.97774,55.018
"EN688","4",20,2022-08-10 06:11:08,38.76299,-69.97766,45.064
"EN688","4",21,2022-08-10 06:12:22,38.76272,-69.9776,35.034
"EN688","4",22,2022-08-10 06:13:27,38.76252,-69.97758,25.579
"EN688","5",1,2022-08-12 05:37:43,38.7713,-69.42078,500.611
"EN688","5",2,2022-08-12 05:39:27,38.77115,-69.42072,449.883
"EN688","5",3,2022-08-12 05:41:31,38.77097,-69.42064,399.723
"EN688","5",4,2022-08-12 05:43:25,38.77081,-69.4206,349.964
"EN688","5",5,2022-08-12 05:45:29,38.77063,-69.4206,300.231
"EN688","5",6,2022-08-12 05:47:48,38.77041,-69.42068,274.539
"EN688","5",7,2022-08-12 05:49:28,38.77026,-69.42074,249.699
"EN688","5",8,2022-08-12 05:51:12,38.77013,-69.42074,225.02
"EN688","5",9,2022-08-12 05:52:37,38.77002,-69.42073,200.101
"EN688","5",10,2022-08-12 05:54:05,38.76986,-69.42072,179.833
"EN688","5",11,2022-08-12 05:55:36,38.76966,-69.42076,164.996
"EN688","5",12,2022-08-12 05:56:48,38.76961,-69.42078,150.053
"EN688","5",13,2022-08-12 05:58:02,38.76952,-69.42082,134.183
"EN688","5",14,2022-08-12 05:59:16,38.76937,-69.42086,120.095
"EN688","5",15,2022-08-12 06:00:31,38.76926,-69.4209,105.088
"EN688","5",16,2022-08-12 06:01:58,38.76912,-69.42094,89.687
"EN688","5",17,2022-08-12 06:03:43,38.76896,-69.42098,74.594
"EN688","5",18,2022-08-12 06:04:56,38.76888,-69.421,65.057
"EN688","5",19,2022-08-12 06:06:30,38.76886,-69.42096,49.677
"EN688","5",20,2022-08-12 06:07:44,38.76879,-69.42084,39.533
"EN688","5",21,2022-08-12 06:08:56,38.76877,-69.42064,34.857
"EN688","5",22,2022-08-12 06:10:02,38.76878,-69.42046,24.638
"EN688","5",23,2022-08-12 06:11:21,38.76882,-69.4202,14.882
"EN688","5",24,2022-08-12 06:12:20,38.76884,-69.42,4.76
"EN688","6",1,2022-08-12 07:37:55,38.77344,-69.41046,1001.717
"EN688","6",2,2022-08-12 07:38:48,38.77356,-69.41026,1002.099
"EN688","6",3,2022-08-12 07:45:04,38.77438,-69.40908,752.177
"EN688","6",4,2022-08-12 07:45:27,38.77442,-69.40898,752.752
"EN688","6",5,2022-08-12 07:53:17,38.77554,-69.40728,401.936
"EN688","6",6,2022-08-12 07:53:34,38.77556,-69.40724,402.234
"EN688","6",7,2022-08-12 07:58:20,38.77604,-69.40638,200.536
"EN688","6",8,2022-08-12 07:58:35,38.77608,-69.40632,200.504
"EN688","6",9,2022-08-12 08:02:04,38.77652,-69.4055,125.201
"EN688","6",10,2022-08-12 08:02:17,38.77654,-69.40544,125.398
"EN688","6",11,2022-08-12 08:04:55,38.7769,-69.40474,75.028
"EN688","6",12,2022-08-12 08:05:08,38.77694,-69.40468,75.304
"EN688","6",13,2022-08-12 08:06:48,38.77719,-69.40423,59.829
"EN688","6",14,2022-08-12 08:07:12,38.77724,-69.40412,59.614
"EN688","6",15,2022-08-12 08:08:15,38.77738,-69.40382,49.864
"EN688","6",16,2022-08-12 08:08:35,38.77742,-69.40372,49.966
"EN688","6",17,2022-08-12 08:09:57,38.77756,-69.40332,35.104
"EN688","6",18,2022-08-12 08:10:09,38.7776,-69.40326,35.098
"EN688","6",19,2022-08-12 08:11:29,38.77774,-69.4029,20.075
"EN688","6",20,2022-08-12 08:11:38,38.77776,-69.40285,20.236
"EN688","6",21,2022-08-12 08:12:37,38.77786,-69.4026,15.254
"EN688","6",22,2022-08-12 08:13:59,38.77802,-69.40224,4.962
"EN688","6",23,2022-08-12 08:14:17,38.77804,-69.40216,5.12
"EN688","6",24,2022-08-12 08:15:39,38.77818,-69.4018,2.677
"EN688","7",1,2022-08-12 17:24:58,39.03762,-70.20056,999.066
"EN688","7",2,2022-08-12 17:25:18,39.03766,-70.20048,998.682
"EN688","7",3,2022-08-12 17:32:57,39.03831,-70.19758,749.935
"EN688","7",4,2022-08-12 17:33:13,39.03828,-70.1975,750.261
"EN688","7",5,2022-08-12 17:41:39,39.03706,-70.19556,400.693
"EN688","7",6,2022-08-12 17:42:08,39.03698,-70.19544,400.854
"EN688","7",7,2022-08-12 17:47:35,39.03594,-70.19426,201.091
"EN688","7",8,2022-08-12 17:47:52,39.03589,-70.1942,201.671
"EN688","7",9,2022-08-12 17:51:25,39.03514,-70.19342,126.529
"EN688","7",10,2022-08-12 17:51:43,39.03504,-70.19334,126.983
"EN688","7",11,2022-08-12 17:54:26,39.03434,-70.1928,76.276
"EN688","7",12,2022-08-12 17:54:50,39.03424,-70.19273,76.695
"EN688","7",13,2022-08-12 17:56:50,39.03362,-70.19246,60.558
"EN688","7",14,2022-08-12 17:57:05,39.03352,-70.19245,60.558
"EN688","7",15,2022-08-12 17:58:54,39.03294,-70.19248,50.909
"EN688","7",16,2022-08-12 17:59:11,39.03286,-70.19252,51.05
"EN688","7",17,2022-08-12 18:01:12,39.03243,-70.19282,35.32
"EN688","7",18,2022-08-12 18:01:36,39.03234,-70.1929,35.357
"EN688","7",19,2022-08-12 18:03:27,39.03216,-70.19315,20.461
"EN688","7",20,2022-08-12 18:03:40,39.03214,-70.19318,20.437
"EN688","7",21,2022-08-12 18:04:59,39.03204,-70.19336,14.973
"EN688","7",22,2022-08-12 18:05:20,39.03204,-70.19338,14.868
"EN688","7",23,2022-08-12 18:06:46,39.032,-70.19348,4.98
"EN688","7",24,2022-08-12 18:08:57,39.03191,-70.19356,3.407
"EN688","8",1,2022-08-14 00:56:17,39.00972,-70.19048,501.034
"EN688","8",2,2022-08-14 00:58:50,39.00978,-70.19105,450.713
"EN688","8",3,2022-08-14 01:01:16,39.00994,-70.19158,400.846
"EN688","8",4,2022-08-14 01:03:51,39.01006,-70.19212,351.849
"EN688","8",5,2022-08-14 01:06:30,39.01016,-70.19268,301.719
"EN688","8",6,2022-08-14 01:08:32,39.01032,-70.19308,275.604
"EN688","8",7,2022-08-14 01:10:37,39.01056,-70.19352,250.143
"EN688","8",8,2022-08-14 01:12:24,39.0108,-70.19393,225.493
"EN688","8",9,2022-08-14 01:14:17,39.01094,-70.19439,201.178
"EN688","8",10,2022-08-14 01:16:28,39.01118,-70.19488,180.896
"EN688","8",11,2022-08-14 01:18:16,39.01134,-70.1953,164.62
"EN688","8",12,2022-08-14 01:20:01,39.01149,-70.19567,150.167
"EN688","8",13,2022-08-14 01:21:32,39.01166,-70.19598,135.1
"EN688","8",14,2022-08-14 01:23:06,39.01183,-70.19634,120.709
"EN688","8",15,2022-08-14 01:24:56,39.01204,-70.19678,105.867
"EN688","8",16,2022-08-14 01:26:40,39.01227,-70.1972,90.023
"EN688","8",17,2022-08-14 01:28:14,39.01246,-70.19757,74.695
"EN688","8",18,2022-08-14 01:29:37,39.0126,-70.19786,64.731
"EN688","8",19,2022-08-14 01:31:26,39.01283,-70.19827,54.94
"EN688","8",20,2022-08-14 01:32:59,39.0131,-70.19862,44.863
"EN688","8",21,2022-08-14 01:34:26,39.0134,-70.19896,35.328
"EN688","8",22,2022-08-14 01:35:44,39.01366,-70.19928,25.219
"EN688","8",23,2022-08-14 01:37:02,39.01386,-70.19958,16.124
"EN688","8",24,2022-08-14 01:38:51,39.01414,-70.19993,5.082
"EN688","10",1,2022-08-14 13:01:58,39.03238,-70.2146,499.633
"EN688","10",2,2022-08-14 13:04:36,39.03216,-70.2149,449.239
"EN688","10",3,2022-08-14 13:06:55,39.03186,-70.21508,400.297
"EN688","10",4,2022-08-14 13:09:21,39.03154,-70.21522,349.754
"EN688","10",5,2022-08-14 13:11:53,39.0312,-70.21528,300.061
"EN688","10",6,2022-08-14 13:13:26,39.03098,-70.21534,275.133
"EN688","10",7,2022-08-14 13:15:30,39.0307,-70.21542,250.338
"EN688","10",8,2022-08-14 13:17:00,39.0305,-70.2155,225.211
"EN688","10",9,2022-08-14 13:18:45,39.03034,-70.21576,199.372
"EN688","10",10,2022-08-14 13:20:15,39.03026,-70.21604,180.223
"EN688","10",11,2022-08-14 13:21:37,39.0302,-70.21624,165.132
"EN688","10",12,2022-08-14 13:23:21,39.03012,-70.21654,150.073
"EN688","10",13,2022-08-14 13:24:32,39.03006,-70.21666,134.845
"EN688","10",14,2022-08-14 13:25:53,39.03002,-70.2168,119.871
"EN688","10",15,2022-08-14 13:27:31,39.02994,-70.21694,105.854
"EN688","10",16,2022-08-14 13:29:23,39.02982,-70.21698,90.15
"EN688","10",17,2022-08-14 13:31:05,39.02976,-70.21708,74.901
"EN688","10",18,2022-08-14 13:32:19,39.02967,-70.21708,65.06
"EN688","10",19,2022-08-14 13:33:43,39.02964,-70.21708,55.233
"EN688","10",20,2022-08-14 13:34:49,39.0296,-70.21708,45.165
"EN688","10",21,2022-08-14 13:36:06,39.02955,-70.21708,35.379
"EN688","10",22,2022-08-14 13:37:23,39.02948,-70.21708,25.305
"EN688","10",23,2022-08-14 13:38:43,39.0295,-70.21707,15.891
"EN688","10",24,2022-08-14 13:40:05,39.02959,-70.21725,4.875
"EN688","11",1,2022-08-17 21:00:11,38.86118,-69.44346,507.279
"EN688","11",2,2022-08-17 21:02:11,38.86108,-69.44304,450.279
"EN688","11",3,2022-08-17 21:04:10,38.86108,-69.44278,400.492
"EN688","11",4,2022-08-17 21:06:13,38.86097,-69.44235,348.677
"EN688","11",5,2022-08-17 21:08:02,38.86073,-69.44191,299.987
"EN688","11",6,2022-08-17 21:09:20,38.86054,-69.44153,275.15
"EN688","11",7,2022-08-17 21:10:47,38.86041,-69.44123,251.317
"EN688","11",8,2022-08-17 21:12:11,38.86032,-69.44096,225.327
"EN688","11",9,2022-08-17 21:13:27,38.8602,-69.44066,199.943
"EN688","11",10,2022-08-17 21:14:46,38.86008,-69.4404,179.862
"EN688","11",11,2022-08-17 21:15:52,38.86004,-69.4402,165.246
"EN688","11",12,2022-08-17 21:17:08,38.86,-69.43996,149.397
"EN688","11",13,2022-08-17 21:18:53,38.85996,-69.43968,135.525
"EN688","11",14,2022-08-17 21:20:08,38.85998,-69.43948,118.989
"EN688","11",15,2022-08-17 21:21:22,38.85994,-69.43922,105.45
"EN688","11",16,2022-08-17 21:22:33,38.8599,-69.439,89.549
"EN688","11",17,2022-08-17 21:24:23,38.85984,-69.43856,74.988
"EN688","11",18,2022-08-17 21:26:00,38.85974,-69.43816,64.433
"EN688","11",19,2022-08-17 21:27:27,38.8597,-69.43782,54.021
"EN688","11",20,2022-08-17 21:28:50,38.85962,-69.43744,46.555
"EN688","11",21,2022-08-17 21:30:16,38.85966,-69.4372,34.271
"EN688","11",22,2022-08-17 21:33:02,38.85968,-69.43659,25.297
"EN688","11",23,2022-08-17 21:34:23,38.85972,-69.43628,14.265
"EN688","11",24,2022-08-17 21:36:00,38.85976,-69.43598,4.879
"EN688","12",1,2022-08-18 15:25:36,38.97212,-70.28988,502.863
"EN688","12",2,2022-08-18 15:28:05,38.97194,-70.28988,451.22
"EN688","12",3,2022-08-18 15:30:33,38.9718,-70.2899,401.012
"EN688","12",4,2022-08-18 15:32:51,38.97147,-70.29006,349.633
"EN688","12",5,2022-08-18 15:35:07,38.97102,-70.29048,298.915
"EN688","12",6,2022-08-18 15:36:44,38.9707,-70.29082,275.153
"EN688","12",7,2022-08-18 15:38:48,38.97039,-70.29118,250.37
"EN688","12",8,2022-08-18 15:40:39,38.97013,-70.2914,225.871
"EN688","12",9,2022-08-18 15:42:38,38.96987,-70.29166,200.377
"EN688","12",10,2022-08-18 15:44:19,38.96966,-70.2919,180.58
"EN688","12",11,2022-08-18 15:45:57,38.96952,-70.29216,165.34
"EN688","12",12,2022-08-18 15:47:44,38.96938,-70.29242,151.042
"EN688","12",13,2022-08-18 15:49:13,38.96924,-70.29264,134.366
"EN688","12",14,2022-08-18 15:50:30,38.9691,-70.29286,119.773
"EN688","12",15,2022-08-18 15:51:33,38.96899,-70.29312,104.817
"EN688","12",16,2022-08-18 15:52:56,38.96884,-70.29348,90.495
"EN688","12",17,2022-08-18 15:54:24,38.96865,-70.29386,74.703
"EN688","12",18,2022-08-18 15:55:38,38.9685,-70.2942,65.243
"EN688","12",19,2022-08-18 15:57:01,38.96832,-70.2946,55.051
"EN688","12",20,2022-08-18 15:58:22,38.96816,-70.29498,45.598
"EN688","12",21,2022-08-18 15:59:18,38.96804,-70.29525,35.156
"EN688","12",22,2022-08-18 16:00:23,38.96786,-70.29558,26.181
"EN688","12",23,2022-08-18 16:01:22,38.96772,-70.29587,14.717
"EN688","12",24,2022-08-18 16:02:29,38.96758,-70.29624,5.101
