cruise,cast,niskin,niskin_second_cast,replicate,vol_filtered,filter_size,fd_calibrated,tau_calibrated,rb,ra,blank,rb_blank,ra_blank,chl,phaeo,iode_quality_flag
en608,1,11-12-13-14,NA',a,151,>0&<200,1.393,2.13,122,64.1,0.521,121.479,63.579,6.04094863740257,1.45486388352458,1
en608,1,11-12-13-14,NA',b,151,>0&<200,1.393,2.13,148,73.8,0.521,147.479,73.279,7.74159566313075,0.897823731968583,1
en608,1,11-12-13-14,NA',c,151,>0&<200,1.393,2.13,132,70.8,0.521,131.479,70.279,6.38525140948251,1.90047513793471,1
en608,1,11-12-13-14,NA',a,151,>10&<200,1.393,2.13,103,51.2,0.521,102.479,50.679,5.40451017992147,0.570423095972572,1
en608,1,11-12-13-14,NA',b,151,>10&<200,1.393,2.13,114,61.4,0.521,113.479,60.879,5.48797751860752,1.68951143940573,1
en608,1,11-12-13-14,NA',c,151,>10&<200,1.393,2.13,122,60.7,0.521,121.479,60.179,6.39568482681826,0.699275800069157,1
en608,1,11-12-13-14,NA',a,151,>5&<200,1.393,2.13,115,58.1,0.521,114.479,57.579,5.93661446404501,0.851812361517905,1
en608,1,11-12-13-14,NA',b,151,>5&<200,1.393,2.13,110,56.2,0.521,109.479,55.679,5.61317852663658,0.951242828727657,1
en608,1,11-12-13-14,NA',c,151,>5&<200,1.393,2.13,117,58.8,0.521,116.479,58.279,6.07224888940984,0.798706267278906,1
en608,1,11-12-13-14,NA',a,151,>20&<200,1.393,2.13,100,54.9,0.521,99.479,54.379,4.70547121842583,1.70568323627615,1
en608,1,11-12-13-14,NA',b,151,>20&<200,1.393,2.13,89.9,56.9,0.521,89.379,56.379,3.44302772079939,3.20392196569067,1
en608,1,11-12-13-14,NA',c,151,>20&<200,1.393,2.13,87.5,56.1,0.521,86.979,55.579,3.2760930434273,3.27653855034754,1
en608,5,17-18-19-20,NA',a,151,>0&<200,1.393,2.13,71,44.4,0.501,70.499,43.899,2.77528901131102,2.40029842882143,1
en608,5,17-18-19-20,NA',b,151,>0&<200,1.393,2.13,68.7,42.1,0.501,68.199,41.599,2.77528901131102,2.12913391226514,1
en608,5,17-18-19-20,NA',c,151,>0&<200,1.393,2.13,72.5,42.9,0.501,71.999,42.399,3.0882915313837,1.9104494849077,1
en608,5,17-18-19-20,NA',a,151,>10&<200,1.393,2.13,63.3,32.2,0.501,62.799,31.699,3.24479279142003,0.492443734805135,2
en608,5,17-18-19-20,NA',b,151,>10&<200,1.393,2.13,61.9,31.6,0.501,61.399,31.099,3.16132545273399,0.505172503954756,2
en608,5,17-18-19-20,NA',c,151,>10&<200,1.393,2.13,62.5,31.5,0.501,61.999,30.999,3.23435937408428,0.420348821015061,2
en608,5,17-18-19-20,NA',a,151,>5&<200,1.393,2.13,66.3,34.8,0.501,65.799,34.299,3.28652646076305,0.757243866786614,1
en608,5,17-18-19-20,NA',b,151,>5&<200,1.393,2.13,59.6,32.5,0.501,59.099,31.999,2.8274560979898,0.945149713003574,1
en608,5,17-18-19-20,NA',c,151,>5&<200,1.393,2.13,67,34,0.501,66.499,33.499,3.44302772079939,0.506424514035047,1
en608,5,17-18-19-20,NA',a,151,>20&<200,1.393,2.13,60.6,30.4,0.501,60.099,29.899,3.15089203539823,0.374128782217663,1
en608,5,17-18-19-20,NA',b,151,>20&<200,1.393,2.13,45.1,24.1,0.501,44.599,23.599,2.1910176405087,0.59124819697474,1
en608,5,17-18-19-20,NA',c,151,>20&<200,1.393,2.13,45.2,24.7,0.501,44.699,24.199,2.13885055382993,0.714153853189942,1
en608,8,20-21-22-23,NA',a,151,>0&<200,1.393,2.13,77.3,44,0.505,76.795,43.495,3.47432797280666,1.6536288305046,1
en608,8,20-21-22-23,NA',b,151,>0&<200,1.393,2.13,71.7,40.6,0.505,71.195,40.095,3.24479279142003,1.48231211785149,1
en608,8,20-21-22-23,NA',c,151,>0&<200,1.393,2.13,69.8,44.2,0.505,69.295,43.695,2.67095483795347,2.4805814885366,1
en608,8,20-21-22-23,NA',a,151,>10&<200,1.393,2.13,46.3,33,0.505,45.795,32.495,1.38764450565551,2.44343852282131,3
en608,8,20-21-22-23,NA',b,151,>10&<200,1.393,2.13,61.8,33.8,0.505,61.295,33.295,2.9213568540116,1.00404426718045,1
en608,8,20-21-22-23,NA',c,151,>10&<200,1.393,2.13,48.4,34.2,0.505,47.895,33.695,1.48154526167731,2.49101490587236,3
en608,8,20-21-22-23,NA',a,151,>5&<200,1.393,2.13,64.1,34,0.505,63.595,33.495,3.14045861806247,0.808522026308387,1
en608,8,20-21-22-23,NA',b,151,>5&<200,1.393,2.13,63,31.5,0.505,62.495,30.995,3.28652646076305,0.367710143872708,1
en608,8,20-21-22-23,NA',c,151,>5&<200,1.393,2.13,63.7,33.7,0.505,63.195,33.195,3.13002520072672,0.78358615887593,1
en608,8,20-21-22-23,NA',a,151,>20&<200,1.393,2.13,58.1,31.8,0.505,57.595,31.295,2.74398875930376,0.945617130100217,1
en608,8,20-21-22-23,NA',b,151,>20&<200,1.393,2.13,49.5,29.2,0.505,48.995,28.695,2.11798371915841,1.26508836892106,1
en608,8,20-21-22-23,NA',c,151,>20&<200,1.393,2.13,44.6,31.9,0.505,44.095,31.395,1.32504400164098,2.3763516493524,1
en608,15,22-23-24,NA',a,151,>0&<200,1.393,2.13,41.2,19.8,0.5475,40.6525,19.2525,2.23275130985173,0.0370725401482741,3
en608,15,22-23-24,NA',b,151,>0&<200,1.393,2.13,35.6,17.8,0.5475,35.0525,17.2525,1.85714828576452,0.176880332447401,2
en608,15,22-23-24,NA',c,151,>0&<200,1.393,2.13,NaN,NaN,0.5475,NaN,NaN,NaN,NaN,9
en608,15,22-23-24,NA',a,151,>10&<200,1.393,2.13,39.6,19.3,0.5475,39.0525,18.7525,2.11798371915841,0.0928913228945669,2
en608,15,22-23-24,NA',b,151,>10&<200,1.393,2.13,39.2,19.2,0.5475,38.6525,18.6525,2.08668346715115,0.11240181331243,2
en608,15,22-23-24,NA',c,151,>10&<200,1.393,2.13,NaN,NaN,0.5475,NaN,NaN,NaN,NaN,9
en608,19,11-12,NA',a,151,>0&<200,1.393,2.13,38.6,23.5,0.541,38.059,22.959,1.57544601769912,1.13136534561214,1
en608,19,11-12,NA',b,151,>0&<200,1.393,2.13,39.7,25,0.541,39.159,24.459,1.53371234835609,1.34994543879622,1
en608,19,11-12,NA',c,151,>0&<200,1.393,2.13,36.4,21.9,0.541,35.859,21.359,1.51284551368458,1.00532966419621,1
en608,19,15,NA',a,151,>0&<200,1.393,2.13,38.2,26.8,0.541,37.659,26.259,1.18940957627615,1.90646391948544,1
en608,19,15,NA',b,151,>0&<200,1.393,2.13,47.3,29.3,0.541,46.759,28.759,1.87801512043603,1.51260241506066,1
en608,19,15,NA',c,151,>0&<200,1.393,2.13,45.9,27.5,0.541,45.359,26.959,1.91974878977905,1.25865303710836,1
en608,19,21-22-23,NA',a,151,>0&<200,1.393,2.13,50.2,34.1,0.541,49.659,33.559,1.76376920060951,2.39058319576798,1
en608,19,21-22-23,NA',b,151,>0&<200,1.393,2.13,42.8,25.3,0.541,42.259,24.759,1.91714043544512,1.14783799007144,1
en608,19,21-22-23,NA',c,151,>0&<200,1.393,2.13,43.4,25,0.541,42.859,24.459,2.01573622926801,1.01210444724193,1
en608,19,21-22-23,NA',a,151,>10&<200,1.393,2.13,26.6,14.5,0.541,26.059,13.959,1.32556567250777,0.40245378877038,1
en608,19,21-22-23,NA',b,151,>10&<200,1.393,2.13,24.5,13.7,0.541,23.959,13.159,1.1831495258747,0.445835938052452,1
en608,19,21-22-23,NA',c,151,>10&<200,1.393,2.13,23.3,12.1,0.541,22.759,11.559,1.22696987868487,0.203947590540291,1
en608,19,21-22-23,NA',a,151,>5&<200,1.393,2.13,25.2,13.3,0.541,24.659,12.759,1.30365549610268,0.275812969148977,1
en608,19,21-22-23,NA',b,151,>5&<200,1.393,2.13,19.7,13.7,0.541,19.159,13.159,0.657305292152611,0.971680171774541,3
en608,19,21-22-23,NA',c,151,>5&<200,1.393,2.13,33.4,17.1,0.541,32.859,16.559,1.78567937701459,0.264200575654281,1
en608,19,21-22-23,NA',a,151,>20&<200,1.393,2.13,23.4,14.3,0.541,22.859,13.759,0.99691302643146,0.706347935508938,1
en608,19,21-22-23,NA',b,151,>20&<200,1.393,2.13,22.6,12.1,0.541,22.059,11.559,1.15028426126707,0.280633207958096,1
en608,19,21-22-23,NA',c,151,>20&<200,1.393,2.13,24.8,14.8,0.541,24.259,14.259,1.09550882025435,0.669648390030416,1
en617,1,13-14-15,NA',a,120,>0&<200,1.3933,2.129904724,28,16.2,0.513,27.487,15.687,1.54958356351648,0.778050556699873,1
en617,1,13-14-15,NA',b,120,>0&<200,1.3933,2.129904724,27.8,16.4,0.513,27.287,15.887,1.49705530712609,0.860254775609754,1
en617,1,13-14-15,NA',c,120,>0&<200,1.3933,2.129904724,27.6,16.7,0.513,27.087,16.187,1.43139498663811,0.970429039876978,1
en617,1,13-14-15,NA',a,120,>10&<200,1.3933,2.129904724,5.87,3.35,0.513,5.357,2.837,0.330928015259452,0.0900255130795418,1
en617,1,13-14-15,NA',b,120,>10&<200,1.3933,2.129904724,5.6,3.17,0.513,5.087,2.657,0.319109157571615,0.0751360044998366,1
en617,1,13-14-15,NA',c,120,>10&<200,1.3933,2.129904724,6.16,3.53,0.513,5.647,3.017,0.345373285766809,0.102288608839727,1
en617,1,13-14-15,NA',a,120,>5&<200,1.393,2.129904724,9.06,5.04,0.513,8.547,4.527,0.527795309391885,0.143775471056534,1
en617,1,13-14-15,NA',b,120,>5&<200,1.393,2.129904724,9.68,5.41,0.513,9.167,4.897,0.560618400771977,0.165841089366284,1
en617,1,13-14-15,NA',c,120,>5&<200,1.393,2.129904724,9.24,5.21,0.513,8.727,4.697,0.529108233047088,0.167681684285852,1
en617,1,13-14-15,NA',a,120,>20&<200,1.393,2.129904724,2.55,1.59,0.513,2.037,1.077,0.126040670899555,0.0337299786570937,1
en617,1,13-14-15,NA',b,120,>20&<200,1.393,2.129904724,2.06,1.37,0.513,1.547,0.857,0.0905917322090548,0.0365423872617414,1
en617,1,13-14-15,NA',c,120,>20&<200,1.393,2.129904724,1.97,1.26,0.513,1.457,0.747,0.0932175795194622,0.017598274908408,1
en617,5,17-18-19-20,NA',a,120,>0&<200,1.3933,2.129904724,9.16,5.39,0.513,8.647,4.877,0.495078816479419,0.228569529558394,1
en617,5,17-18-19-20,NA',b,120,>0&<200,1.3933,2.129904724,9.17,5.49,0.513,8.657,4.977,0.483259958791581,0.255226368505977,1
en617,5,17-18-19-20,NA',c,120,>0&<200,1.3933,2.129904724,9.28,5.6,0.513,8.767,5.087,0.483259958791581,0.271548147891698,1
en617,5,17-18-19-20,NA',a,120,>10&<200,1.3933,2.129904724,1.08,0.83,0.513,0.567,0.317,0.0328301602439933,0.0142062403494015,1
en617,5,17-18-19-20,NA',b,120,>10&<200,1.3933,2.129904724,1,0.78,0.513,0.487,0.267,0.0288905410147141,0.0107268689488077,1
en617,5,17-18-19-20,NA',c,120,>10&<200,1.3933,2.129904724,1.09,0.835,0.513,0.577,0.322,0.0334867634488732,0.014291536207509,1
en617,5,17-18-19-20,NA',a,120,>5&<200,1.3933,2.129904724,1.6,1.08,0.513,1.087,0.567,0.068286733307506,0.0158446204352538,1
en617,5,17-18-19-20,NA',b,120,>5&<200,1.3933,2.129904724,1.69,1.12,0.513,1.177,0.607,0.0748527653563047,0.0152137808903536,1
en617,5,17-18-19-20,NA',c,120,>5&<200,1.3933,2.129904724,1.63,1.09,0.513,1.117,0.577,0.0709131461270255,0.014702005741709,1
en617,5,17-18-19-20,NA',a,120,>20&<200,1.3933,2.129904724,1.06,0.85,0.513,0.547,0.337,0.0275773346049544,0.0224266622403897,1
en617,5,17-18-19-20,NA',b,120,>20&<200,1.3933,2.129904724,1.1,0.859,0.513,0.587,0.346,0.0316482744752095,0.0196911406835116,1
en617,5,17-18-19-20,NA',c,120,>20&<200,1.3933,2.129904724,1.12,0.873,0.513,0.607,0.36,0.0324361983210654,0.0209805342140202,1
en617,8,17-18-19-20,NA',a,120,>0&<200,1.3933,2.129904724,11.1,6.3,0.507,10.593,5.793,0.630339076684671,0.229225177692415,1
en617,8,17-18-19-20,NA',b,120,>0&<200,1.3933,2.129904724,10.9,6.27,0.507,10.393,5.763,0.608014567718756,0.247098292280406,1
en617,8,17-18-19-20,NA',c,120,>0&<200,1.3933,2.129904724,11.3,6.81,0.507,10.793,6.303,0.589629677982119,0.345608280819671,1
en617,8,17-18-19-20,NA',a,120,>10&<200,1.3933,2.129904724,0.86,0.72,0.507,0.353,0.213,0.0183848897366362,0.0132200103466227,1
en617,8,17-18-19-20,NA',b,120,>10&<200,1.3933,2.129904724,0.817,0.68,0.507,0.31,0.173,0.0179909278137083,0.00767877976565228,1
en617,8,17-18-19-20,NA',c,120,>10&<200,1.3933,2.129904724,1.18,1.03,0.507,0.673,0.523,0.019698096146396,0.0579045458420756,3
en617,8,17-18-19-20,NA',a,120,>5&<200,1.3933,2.129904724,1.64,1.11,0.507,1.133,0.603,0.0695999397172657,0.0198730872790027,3
en617,8,17-18-19-20,NA',b,120,>5&<200,1.3933,2.129904724,1.6,1.08,0.507,1.093,0.573,0.068286733307506,0.0167348993108386,1
en617,8,17-18-19-20,NA',c,120,>5&<200,1.3933,2.129904724,1.67,1.14,0.507,1.163,0.633,0.0695999397172657,0.0243244816569264,1
en617,8,17-18-19-20,NA',a,120,>20&<200,1.3933,2.129904724,0.75,0.655,0.507,0.243,0.148,0.0124754608927174,0.00948475137170664,1
en617,8,17-18-19-20,NA',b,120,>20&<200,1.3933,2.129904724,0.871,0.703,0.507,0.364,0.196,0.0220618676839635,0.00702057558513867,1
en617,8,17-18-19-20,NA',c,120,>20&<200,1.3933,2.129904724,0.757,0.652,0.507,0.25,0.145,0.0137886673024772,0.00772640552415453,1
en617,14,20-21-22-23-24,NA',a,120,>0&<200,1.3933,2.129904724,6.57,4.15,0.425,6.145,3.725,0.317795951161855,0.234918850763684,1
en617,14,20-21-22-23-24,NA',b,120,>0&<200,1.3933,2.129904724,6.69,4.19,0.425,6.265,3.765,0.328301602439933,0.230348391989504,1
en617,14,20-21-22-23-24,NA',c,120,>0&<200,1.3933,2.129904724,7.36,4.59,0.425,6.935,4.165,0.363758175503446,0.254243743964975,1
en617,14,20-21-22-23-24,NA',a,120,>10&<200,1.3933,2.129904724,0.776,0.993,0.425,0.351,0.568,-0.0284965790917862,0.112776312647143,4
en617,14,20-21-22-23-24,NA',b,120,>10&<200,1.3933,2.129904724,1.38,1.02,0.425,0.955,0.595,0.0472754307513503,0.0410105577441384,1
en617,14,20-21-22-23-24,NA',c,120,>10&<200,1.3933,2.129904724,1.37,0.993,0.425,0.945,0.568,0.0495078816479419,0.0347718519074154,1
en617,14,20-21-22-23-24,NA',a,120,>5&<200,1.3933,2.129904724,1.88,1.19,0.425,1.455,0.765,0.0906112422734214,0.0228993143636355,1
en617,14,20-21-22-23-24,NA',b,120,>5&<200,1.3933,2.129904724,1.95,1.31,0.425,1.525,0.885,0.0840452102246228,0.0472709239241293,1
en617,14,20-21-22-23-24,NA',c,120,>5&<200,1.3933,2.129904724,1.93,1.35,0.425,1.505,0.925,0.0761659717660644,0.0610853548865861,3
en617,14,20-21-22-23-24,NA',a,120,>20&<200,1.3933,2.129904724,0.798,0.654,0.425,0.373,0.229,0.0189101723005401,0.0150688047842782,1
en617,14,20-21-22-23-24,NA',b,120,>20&<200,1.3933,2.129904724,0.813,0.647,0.425,0.388,0.222,0.0217992264020115,0.0111410919946246,1
en617,14,20-21-22-23-24,NA',c,120,>20&<200,1.3933,2.129904724,0.801,0.656,0.425,0.376,0.231,0.0190414929415161,0.0152342437684972,1
en617,18,19-20,NA',a,120,>0&<200,1.3933,2.129904724,6.23,3.89,0.5085,5.7215,3.3815,0.307290299883777,0.194456036414534,1
en617,18,19-20,NA',b,120,>0&<200,1.3933,2.129904724,6.31,3.7,0.5085,5.8015,3.1915,0.34274687294729,0.130807298957504,1
en617,18,19-20,NA',c,120,>0&<200,1.3933,2.129904724,6.34,4,0.5085,5.8315,3.4915,0.307290299883777,0.210777815800255,1
en617,18,19-20,NA',a,120,>10&<200,1.3933,2.129904724,1.14,0.821,0.5085,0.6315,0.3125,0.0418912844713354,0.00447740696537083,1
en617,18,19-20,NA',b,120,>10&<200,1.3933,2.129904724,1.05,0.667,0.5085,0.5415,0.1585,0.0502958054937977,-0.0267776051971003,3
en617,18,19-20,NA',c,120,>10&<200,1.3933,2.129904724,1.05,0.764,0.5085,0.5415,0.2555,0.0375577033191283,0.000353338799522731,1
en617,18,19-20,NA',a,120,>5&<200,1.3933,2.129904724,1.44,0.973,0.5085,0.9315,0.4645,0.0613267393357795,0.00759568361574074,1
en617,18,19-20,NA',b,120,>5&<200,1.3933,2.129904724,1.2,0.871,0.5085,0.6915,0.3625,0.0432044908810951,0.0105831911854841,1
en617,18,19-20,NA',c,120,>5&<200,1.3933,2.129904724,1.35,0.926,0.5085,0.8415,0.4175,0.0556799517738126,0.00626861998562697,1
en617,18,19-20,NA',a,120,>20&<200,1.3933,2.129904724,0.702,0.598,0.5085,0.1935,0.0895,0.0136573466615012,-0.000377353434028526,3
en617,18,19-20,NA',b,120,>20&<200,1.3933,2.129904724,0.736,0.646,0.5085,0.2275,0.1375,0.0118188576878376,0.00858336654431319,1
en617,18,19-20,NA',c,120,>20&<200,1.3933,2.129904724,0.743,0.62,0.5085,0.2345,0.1115,0.0161524388400447,0.000391910264572106,1
en617,21,14-15,NA',a,120,>0&<200,1.3933,2.129904724,33.9,19.1,0.5085,33.3915,18.5915,1.9435454864444,0.815057799461276,1
en617,21,14-15,NA',b,120,>0&<200,1.3933,2.129904724,34.1,19.2,0.5085,33.5915,18.6915,1.956677550542,0.816763716623423,1
en617,21,14-15,NA',c,120,>0&<200,1.3933,2.129904724,33.2,19.2,0.5085,32.6915,18.6915,1.83848897366362,0.934952293501799,1
en617,21,14-15,NA',a,120,>10&<200,1.3933,2.129904724,9.3,5.11,0.5085,8.7915,4.6015,0.550233485689327,0.132536221977885,1
en617,21,14-15,NA',b,120,>10&<200,1.3933,2.129904724,10.6,5.69,0.5085,10.0915,5.1815,0.644784347192028,0.124045651781711,1
en617,21,14-15,NA',c,120,>10&<200,1.3933,2.129904724,11.1,6.5,0.5085,10.5915,5.9915,0.604074948489476,0.284942698688205,1
en617,21,14-15,NA',a,120,>5&<200,1.3933,2.129904724,13.2,6.77,0.5085,12.6915,6.2615,0.844391721475507,0.0846884751034889,1
en617,21,14-15,NA',b,120,>5&<200,1.3933,2.129904724,15.2,7.84,0.5085,14.6915,7.3315,0.966519917583162,0.121326678475116,1
en617,21,14-15,NA',c,120,>5&<200,1.3933,2.129904724,13.9,7.71,0.5085,13.3915,7.2015,0.812874767641274,0.255682452779335,1
en617,21,14-15,NA',a,120,>20&<200,1.3933,2.129904724,1.62,1.11,0.5085,1.1115,0.6015,0.0669735268977463,0.0222769303796259,1
en617,21,14-15,NA',b,120,>20&<200,1.3933,2.129904724,1.84,1.32,0.5085,1.3315,0.8115,0.068286733307506,0.0521234846153328,1
en617,21,14-15,NA',c,120,>20&<200,1.3933,2.129904724,1.75,1.26,0.5085,1.2415,0.7515,0.0643471140782268,0.0471603150887644,1
en617,21,17-18,NA',a,120,>0&<200,1.3933,2.129904724,14.2,8.45,0.5085,13.6915,7.9415,0.755093685611845,0.423264596130883,1
en617,21,17-18,NA',b,120,>0&<200,1.3933,2.129904724,13.3,8.5,0.5085,12.7915,7.9915,0.630339076684671,0.555438195687931,3
en617,21,17-18,NA',c,120,>0&<200,1.3933,2.129904724,13.3,7.72,0.5085,12.7915,7.2115,0.73276917664593,0.337271841900653,1
en617,21,17-18,NA',a,120,>10&<200,1.3933,2.129904724,3.8,2.22,0.5085,3.2915,1.7115,0.207486612742037,0.0464654365185153,1
en617,21,17-18,NA',b,120,>10&<200,1.3933,2.129904724,4.36,2.49,0.5085,3.8515,1.9815,0.24556959862507,0.0484450000367973,1
en617,21,17-18,NA',c,120,>10&<200,1.3933,2.129904724,4.07,2.38,0.5085,3.5615,1.8715,0.221931883249395,0.0557609360267518,1
en617,21,17-18,NA',a,120,>5&<200,1.3933,2.129904724,4.84,2.81,0.5085,4.3315,2.3015,0.266580901181225,0.0749152375118287,1
en617,21,17-18,NA',b,120,>5&<200,1.3933,2.129904724,4.95,2.87,0.5085,4.4415,2.3615,0.273146933230024,0.0772519942188778,1
en617,21,17-18,NA',c,120,>5&<200,1.3933,2.129904724,4.32,2.54,0.5085,3.8115,2.0315,0.233750740937232,0.0676828483545079,1
en617,21,17-18,NA',a,120,>20&<200,1.3933,2.129904724,1.49,1.09,0.5085,0.9815,0.5815,0.0525282563903892,0.0337546046350338,1
en617,21,17-18,NA',b,120,>20&<200,1.3933,2.129904724,1.4,0.985,0.5085,0.8915,0.4765,0.0544980660050288,0.0162049146976609,1
en617,21,17-18,NA',c,120,>20&<200,1.3933,2.129904724,1.6,1.07,0.5085,1.0915,0.5615,0.0695999397172658,0.0137153250562081,1
en617,21,19-21-23-24,NA',a,120,>0&<200,1.3933,2.129904724,6.83,4.21,0.5085,6.3215,3.7015,0.34406007935705,0.205167796972449,1
en617,21,19-21-23-24,NA',b,120,>0&<200,1.3933,2.129904724,7.33,4.42,0.5085,6.8215,3.9115,0.382143065240082,0.198244571734883,1
en617,21,19-21-23-24,NA',c,120,>0&<200,1.3933,2.129904724,6.84,3.91,0.5085,6.3315,3.4015,0.384769478059601,0.119944454490659,1
en617,21,19-21-23-24,NA',a,120,>10&<200,1.3933,2.129904724,2.47,1.5,0.5085,1.9615,0.9915,0.127381021746694,0.0197375624436877,1
en617,21,19-21-23-24,NA',b,120,>10&<200,1.3933,2.129904724,2.13,1.4,0.5085,1.6215,0.8915,0.0958640679124604,0.0364165350181752,1
en617,21,19-21-23-24,NA',c,120,>10&<200,1.3933,2.129904724,2.32,1.47,0.5085,1.8115,0.9615,0.111622544829577,0.0310446449828807,1
en617,21,19-21-23-24,NA',a,120,>5&<200,1.3933,2.129904724,2.82,1.73,0.5085,2.3115,1.2215,0.143139498663811,0.0381064424239868,1
en617,21,19-21-23-24,NA',b,120,>5&<200,1.3933,2.129904724,2.88,1.74,0.5085,2.3715,1.2315,0.149705530712609,0.0330242085011627,1
en617,21,19-21-23-24,NA',c,120,>5&<200,1.3933,2.129904724,2.49,1.55,0.5085,1.9815,1.0415,0.123441402517415,0.0310961723028398,1
en617,21,19-21-23-24,NA',a,120,>20&<200,1.3933,2.129904724,0.772,0.64,0.5085,0.2635,0.1315,0.0173343246088285,0.00217762074773755,1
en617,21,19-21-23-24,NA',b,120,>20&<200,1.3933,2.129904724,0.794,0.686,0.5085,0.2855,0.1775,0.0141826292254051,0.0121547875106441,1
en617,21,19-21-23-24,NA',c,120,>20&<200,1.3933,2.129904724,0.722,0.679,0.5085,0.2135,0.1705,0.00564678756196683,0.0196519704859001,3
en627,3,8-10-11,NA',a,152,>0&<200,0.324655349,2.154519162,222,160,2.46,219.54,157.55,1.48252176161229,2.86757576432055,1
en627,3,8-10-11,NA',b,152,>0&<200,0.324655349,2.154519162,253,157,2.46,250.54,154.55,2.29564871587617,1.97161610565934,1
en627,3,8-10-11,NA',c,152,>0&<200,0.324655349,2.154519162,288,166,2.46,285.54,163.55,2.91745168090149,1.59831125382599,1
en627,3,8-10-11,NA',a,152,>10&<200,0.324655349,2.154519162,NaN,NaN,2.46,NaN,NaN,NaN,NaN,9
en627,3,8-10-11,NA',b,152,>10&<200,0.324655349,2.154519162,NaN,NaN,2.46,NaN,NaN,NaN,NaN,9
en627,3,8-10-11,NA',c,152,>10&<200,0.324655349,2.154519162,199,100,2.46,196.54,97.55,2.36739521184063,0.326048226145711,1
en627,3,8-10-11,NA',a,152,>5&<200,0.324655349,2.154519162,241,123,2.46,238.54,120.55,2.82178968628221,0.506704485416955,1
en627,3,8-10-11,NA',b,152,>5&<200,0.324655349,2.154519162,231,122,2.46,228.54,119.55,2.60655019838883,0.694333071844559,1
en627,3,8-10-11,NA',c,152,>5&<200,0.324655349,2.154519162,276,136,2.46,273.54,133.55,3.34793065668825,0.339505234065989,1
en627,3,8-10-11,NA',a,152,>20&<200,0.324655349,2.154519162,213,108,2.46,210.54,105.55,2.51088820376955,0.403442445942991,1
en627,3,8-10-11,NA',b,152,>20&<200,0.324655349,2.154519162,189,95.5,2.46,186.54,93.05,2.23585996923912,0.333334412151234,1
en627,3,8-10-11,NA',c,152,>20&<200,0.324655349,2.154519162,208,105,2.46,205.54,102.55,2.46305720645991,0.368440738855306,1
en627,8,9-10-11,NA',a,152,>0&<200,0.324655349,2.154519162,304,172,2.79,301.21,169.455,3.15098652526581,1.52781878261708,1
en627,8,9-10-11,NA',b,152,>0&<200,0.324655349,2.154519162,297,168,2.79,294.21,165.455,3.07924002930135,1.48912167271844,1
en627,8,9-10-11,NA',c,152,>0&<200,0.324655349,2.154519162,313,170,2.79,310.21,167.455,3.41405701046883,1.20952649448251,1
en627,8,9-10-11,NA',a,152,>10&<200,0.324655349,2.154519162,259,129,2.79,256.21,126.455,3.10315552795617,0.388381016898399,1
en627,8,9-10-11,NA',b,152,>10&<200,0.324655349,2.154519162,300,153,2.79,297.21,150.455,3.50971900508811,0.644479174945056,1
en627,8,9-10-11,NA',c,152,>10&<200,0.324655349,2.154519162,259,129,2.79,256.21,126.455,3.10315552795617,0.388381016898399,1
en627,8,9-10-11,NA',a,152,>5&<200,0.324655349,2.154519162,275,135,2.79,272.21,132.455,3.34231051450437,0.314891439144849,1
en627,8,9-10-11,NA',b,152,>5&<200,0.324655349,2.154519162,316,154,2.79,313.21,151.455,3.86845148491041,0.313357596588532,1
en627,8,9-10-11,NA',c,152,>5&<200,0.324655349,2.154519162,238,117,2.79,235.21,114.455,2.88791604006279,0.272289687202479,1
en627,8,9-10-11,NA',a,152,>20&<200,0.324655349,2.154519162,284,139,2.79,281.21,136.455,3.46188800777847,0.305757551733848,1
en627,8,9-10-11,NA',b,152,>20&<200,0.324655349,2.154519162,236,131,2.79,233.21,128.455,2.50526806158567,1.04149028620045,1
en627,8,9-10-11,NA',c,152,>20&<200,0.324655349,2.154519162,260,127,2.79,257.21,124.455,3.17490202392063,0.261412718002388,1
en627,11-12,11,11-12',a,152,>0&<200,0.324655349,2.154519162,207,129,2.095,204.905,126.905,1.86540889507596,1.6385525554382,1
en627,11-12,11,11-12',b,152,>0&<200,0.324655349,2.154519162,200,123,2.095,197.905,120.905,1.84149339642114,1.49680264529838,1
en627,11-12,11,11-12',c,152,>0&<200,0.324655349,2.154519162,264,131,2.095,261.905,128.905,3.18076132109106,0.378421932354657,3
en627,11-12,11,11-12',a,152,>10&<200,0.324655349,2.154519162,153,84.2,2.095,150.905,82.105,1.64538630745162,0.621606757395833,
en627,11-12,11,11-12',b,152,>10&<200,0.324655349,2.154519162,140,75.1,2.095,137.905,73.005,1.55211586269782,0.463617998811079,1
en627,11-12,11,11-12',c,152,>10&<200,0.324655349,2.154519162,183,91.5,2.095,180.905,89.405,2.18826812691603,0.280284518631576,3
en627,11-12,11,11-12',a,152,>5&<200,0.324655349,2.154519162,176,95.3,2.095,173.905,93.205,1.92998074144397,0.643493329673577,1
en627,11-12,11,11-12',b,152,>5&<200,0.324655349,2.154519162,125,88.3,2.095,122.905,86.205,0.877698800631894,1.50249896022523,3
en627,11-12,11,11-12',c,152,>5&<200,0.324655349,2.154519162,191,97.7,2.095,188.905,95.605,2.23131602449471,0.408424210140705,1
en627,11-12,11,11-12',a,152,>20&<200,0.324655349,2.154519162,138,90.8,2.095,135.905,88.705,1.1288115365075,1.32041347801406,3
en627,11-12,11,11-12',b,152,>20&<200,0.324655349,2.154519162,152,86.8,2.095,149.905,84.705,1.55929051229426,0.7794908963642,1
en627,11-12,11,11-12',c,152,>20&<200,0.324655349,2.154519162,147,85.3,2.095,144.905,83.205,1.47558626700239,0.821778789457408,1
en627,18-19,11-12,11-12',a,152,>0&<200,0.324655349,2.154519162,116,64.1,2.44,113.56,61.69,1.24049691522551,0.462819596198141,1
en627,18-19,11-12,11-12',b,152,>0&<200,0.324655349,2.154519162,115,62,2.44,112.56,59.59,1.26680396374581,0.378529654599712,1
en627,18-19,11-12,11-12',c,152,>0&<200,0.324655349,2.154519162,120,63.5,2.44,117.56,61.09,1.35050820903768,0.336241761506504,1
en627,18-19,11-12,11-12',a,152,>10&<200,0.324655349,2.154519162,43.3,23.5,2.44,40.86,21.09,0.472809408405791,0.109504503507402,1
en627,18-19,11-12,11-12',b,152,>10&<200,0.324655349,2.154519162,52.7,27.9,2.44,50.26,25.49,0.592386901679891,0.111414976682711,1
en627,18-19,11-12,11-12',c,152,>10&<200,0.324655349,2.154519162,54.1,28.2,2.44,51.66,25.79,0.618693950200193,0.0933911986021415,1
en627,18-19,11-12,11-12',a,152,>5&<200,0.324655349,2.154519162,76.5,40.7,2.44,74.06,38.29,0.855457386882911,0.20176403024161,1
en627,18-19,11-12,11-12',b,152,>5&<200,0.324655349,2.154519162,54.8,29.9,2.44,52.36,27.49,0.594778451545373,0.164245229748779,1
en627,18-19,11-12,11-12',c,152,>5&<200,0.324655349,2.154519162,43.2,33.7,2.44,40.76,31.29,0.226479772261145,0.637465334602952,3
en627,18-19,11-12,11-12',a,152,>20&<200,0.324655349,2.154519162,51,28.7,2.44,48.56,26.29,0.532598155042841,0.193292444492381,1
en627,18-19,11-12,11-12',b,152,>20&<200,0.324655349,2.154519162,51.8,26.8,2.44,49.36,24.39,0.597170001410855,0.0762598853393948,1
en627,18-19,11-12,11-12',c,152,>20&<200,0.324655349,2.154519162,48.2,25.6,2.44,45.76,23.19,0.539772804639287,0.100524000352033,1
en627,23-24,10-11,11-12',a,152,>0&<200,0.324655349,2.154519162,229,124,2.425,226.575,121.555,2.51160566872919,0.844637458943074,1
en627,23-24,10-11,11-12',b,152,>0&<200,0.324655349,2.154519162,215,120,2.425,212.575,117.555,2.27245068218099,0.973348839628174,1
en627,23-24,10-11,11-12',c,152,>0&<200,0.324655349,2.154519162,179,119,2.425,176.575,116.555,1.4354082292623,1.7827803910811,1
en627,23-24,10-11,11-12',a,152,>10&<200,0.324655349,2.154519162,124,62.9,2.425,121.575,60.455,1.4617152777826,0.207501770330824,1
en627,23-24,10-11,11-12',b,152,>10&<200,0.324655349,2.154519162,118,57.4,2.425,115.575,54.955,1.44975752845519,0.067599561596472,1
en627,23-24,10-11,11-12',c,152,>10&<200,0.324655349,2.154519162,110,49.2,2.425,107.575,46.755,1.45454062818615,-0.163592930153846,3
en627,23-24,10-11,11-12',a,152,>5&<200,0.324655349,2.154519162,88,45.6,2.425,85.575,43.155,1.01449545293746,0.177052999818052,1
en627,23-24,10-11,11-12',b,152,>5&<200,0.324655349,2.154519162,94.6,49.1,2.425,92.175,46.655,1.08863349876741,0.199553109118322,1
en627,23-24,10-11,11-12',c,152,>5&<200,0.324655349,2.154519162,115,57.4,2.425,112.575,54.955,1.37801103249073,0.139346057560932,1
en627,23-24,10-11,11-12',a,152,>20&<200,0.324655349,2.154519162,71.9,40.6,2.425,69.475,38.155,0.749033417868962,0.304460527557679,1
en627,23-24,10-11,11-12',b,152,>20&<200,0.324655349,2.154519162,97.9,49.1,2.425,95.475,46.655,1.16755464432831,0.120631963557416,1
en627,23-24,10-11,11-12',c,152,>20&<200,0.324655349,2.154519162,88.1,42.5,2.425,85.675,40.055,1.09102504863289,0.0149296095787259,1
en627,30,1-2-3-4,NA',a,152,>0&<200,0.324655349,2.154519162,229,135,2.34,226.66,132.67,2.24781771856653,1.41532057889783,1
en627,30,1-2-3-4,NA',b,152,>0&<200,0.324655349,2.154519162,242,128,2.34,239.66,125.67,2.72612769166293,0.743734295541002,1
en627,30,1-2-3-4,NA',c,152,>0&<200,0.324655349,2.154519162,230,137,2.34,227.66,134.67,2.22390221991171,1.49445788048419,1
en627,30,1-2-3-4,NA',a,152,>0,0.324655349,2.154519162,236,142,2.34,233.66,139.67,2.24781771856653,1.60859688915825,1
en627,30,1-2-3-4,NA',b,152,>0,0.324655349,2.154519162,231,126,2.34,228.66,123.67,2.51088820376955,0.903751980502832,1
en627,30,1-2-3-4,NA',c,152,>0,0.324655349,2.154519162,207,122,2.34,204.66,119.67,2.03257823067315,1.27161834773613,1
en627,25,5-6,NA',a,152,>0&<200,0.324655349,2.154519162,197,127,2.39,194.61,124.695,1.67205208845174,1.77088926982306,1
en627,25,5-6,NA',b,152,>0&<200,0.324655349,2.154519162,168,118,2.39,165.61,115.695,1.19374211535534,2.00070112972749,1
en627,25,5-6,NA',c,152,>0&<200,0.324655349,2.154519162,177,108,2.39,174.61,105.695,1.64813658979692,1.27019764062816,1
en627,25,5-6,NA',a,152,>10&<200,0.324655349,2.154519162,95.7,49.6,2.39,93.31,47.295,1.10047167060154,0.205385914222282,1
en627,25,5-6,NA',b,152,>10&<200,0.324655349,2.154519162,99.9,50.9,2.39,97.51,48.595,1.16982661670052,0.171925140028812,1
en627,25,5-6,NA',c,152,>10&<200,0.324655349,2.154519162,112,57.3,2.39,109.61,54.995,1.30614495903299,0.212316567077297,1
en627,25,9-10-11,NA',a,152,>0&<200,0.324655349,2.154519162,207,119,2.39,204.61,116.695,2.1025310642385,1.1195230823101,1
en627,25,9-10-11,NA',b,152,>0&<200,0.324655349,2.154519162,190,136,2.39,187.61,133.695,1.28940410997462,2.40203536149215,1
en627,25,9-10-11,NA',c,152,>0&<200,0.324655349,2.154519162,245,138,2.39,242.61,135.695,2.55692553868008,1.18973573571825,1
en627,25,9-10-11,NA',a,152,>10&<200,0.324655349,2.154519162,100,51.8,2.39,97.61,49.495,1.15069421777666,0.215907350271865,1
en627,25,9-10-11,NA',b,152,>10&<200,0.324655349,2.154519162,121,61.3,2.39,118.61,58.995,1.42572245230709,0.203182679666297,1
en627,25,9-10-11,NA',c,152,>10&<200,0.324655349,2.154519162,139,68.8,2.39,136.61,66.495,1.6768351881827,0.159151704783998,1
en627,25,9-10-11,NA',a,152,>5&<200,0.324655349,2.154519162,151,76.2,2.39,148.61,73.895,1.78684648199488,0.253461081818561,1
en627,25,9-10-11,NA',b,152,>5&<200,0.324655349,2.154519162,117,59.8,2.39,114.61,57.495,1.36593370567004,0.221555074104684,1
en627,25,9-10-11,NA',c,152,>5&<200,0.324655349,2.154519162,143,71.7,2.39,140.61,69.395,1.70314223670301,0.212916270514443,1
en627,25,9-10-11,NA',a,152,>20&<200,0.324655349,2.154519162,108,55.3,2.39,105.61,52.995,1.25831396172335,0.204925761455387,1
en627,25,9-10-11,NA',b,152,>20&<200,0.324655349,2.154519162,97.5,49,2.39,95.11,46.695,1.15786886737311,0.131422176571249,1
en627,25,9-10-11,NA',c,152,>20&<200,0.324655349,2.154519162,134,66.7,2.39,131.61,64.395,1.60748024208373,0.170523757804849,1
en627,25,1-2,NA',a,152,>0&<200,0.324655349,2.154519162,142,86.4,2.39,139.61,84.095,1.32766890782233,0.994269850942008,1
en627,25,1-2,NA',b,152,>0&<200,0.324655349,2.154519162,114,71.7,2.39,111.61,69.395,1.00959277571323,0.906465731504223,1
en627,25,1-2,NA',c,152,>0&<200,0.324655349,2.154519162,135,81.1,2.39,132.61,78.795,1.28701256010914,0.888588420886595,1
en627,25,1-2,NA',a,152,>10&<200,0.324655349,2.154519162,91.6,46.6,2.39,89.21,44.295,1.07416462208124,0.14886025834526,1
en627,25,1-2,NA',b,152,>10&<200,0.324655349,2.154519162,104,52.1,2.39,101.61,49.795,1.2391815627995,0.135703275688764,1
en627,25,1-2,NA',c,152,>10&<200,0.324655349,2.154519162,85.5,43.5,2.39,83.11,41.195,1.00241812611678,0.135012959765818,1
en644,1,20-21-22,NA',a,152,>0&<200,0.79591678,2.182214006,25.4,15.2,0.806,24.594,14.394,0.591529943472373,0.395326907677794,1
en644,1,20-21-22,NA',b,152,>0&<200,0.79591678,2.182214006,24.7,14.6,0.806,23.894,13.794,0.585730630301075,0.359990045311361,1
en644,1,20-21-22,NA',c,152,>0&<200,0.79591678,2.182214006,25.8,15.7,0.806,24.994,14.894,0.585730630301075,0.435406367130534,1
en644,1,20-21-22,NA',a,152,>10&<200,0.79591678,2.182214006,7.98,4.41,0.806,7.174,3.604,0.20703548021533,0.0400558141813072,1
en644,1,20-21-22,NA',b,152,>10&<200,0.79591678,2.182214006,7.54,4.82,0.806,6.734,4.014,0.157741318259299,0.117459696088121,3
en644,1,20-21-22,NA',c,152,>10&<200,0.79591678,2.182214006,8.4,4.75,0.806,7.594,3.944,0.211674930752369,0.0587268631156499,1
en644,2,18-19-20,NA',a,152,>0&<200,0.79591678,2.182214006,28.7,16.1,0.833,27.867,15.267,0.730713459583519,0.315996526974047,1
en644,2,18-19-20,NA',b,152,>0&<200,0.79591678,2.182214006,26.1,15.8,0.833,25.267,14.967,0.597329256643671,0.42881264214503,1
en644,2,18-19-20,NA',c,152,>0&<200,0.79591678,2.182214006,26.9,16.3,0.833,26.067,15.467,0.614727196157564,0.445694848912579,1
en644,2,18-19-20,NA',a,152,>10&<200,0.79591678,2.182214006,7.1,4.08,0.833,6.267,3.247,0.175139257773193,0.047476012178495,1
en644,2,18-19-20,NA',b,152,>10&<200,0.79591678,2.182214006,6.79,3.9,0.833,5.957,3.067,0.167600150650506,0.0426742666398629,1
en644,2,18-19-20,NA',c,152,>10&<200,0.79591678,2.182214006,6.82,3.89,0.833,5.987,3.057,0.169919875919025,0.0396689384457149,1
en644,23,21-22-23,NA',a,152,>0&<200,0.79591678,2.182214006,152,86.7,0.807,151.193,85.893,3.78695150085745,2.10189770824644,1
en644,23,21-22-23,NA',b,152,>0&<200,0.79591678,2.182214006,142,84,0.807,141.193,83.193,3.36360163935271,2.34013477983139,1
en644,23,21-22-23,NA',c,152,>0&<200,0.79591678,2.182214006,151,89,0.807,150.193,88.193,3.59557416620462,2.4509637157939,1
en644,23,21-22-23,NA',a,152,>10&<200,0.79591678,2.182214006,113,64.9,0.807,112.193,64.093,2.78946963539423,1.60476519583876,1
en644,23,21-22-23,NA',b,152,>10&<200,0.79591678,2.182214006,113,63.6,0.807,112.193,62.793,2.8648607066211,1.44024574428014,1
en644,23,21-22-23,NA',c,152,>10&<200,0.79591678,2.182214006,113,64.4,0.807,112.193,63.593,2.81846620125072,1.54148848370083,1
en644,7,20-21-22,NA',a,152,>0&<200,0.79591678,2.182214006,54.6,30,0.8435,53.7565,29.1565,1.42663104013925,0.572347129970506,1
en644,7,20-21-22,NA',b,152,>0&<200,0.79591678,2.182214006,52.6,29.1,0.8435,51.7565,28.2565,1.36283859525498,0.574435311548185,1
en644,7,20-21-22,NA',c,152,>0&<200,0.79591678,2.182214006,55.4,29.9,0.8435,54.5565,29.0565,1.47882485868093,0.513297282172537,1
en644,7,20-21-22,NA',a,152,>10&<200,0.79591678,2.182214006,39.6,20.2,0.8435,38.7565,19.3565,1.12506675523177,0.202020547761716,1
en644,7,20-21-22,NA',b,152,>10&<200,0.79591678,2.182214006,40.5,21.2,0.8435,39.6565,20.3565,1.11926744206047,0.276380153495899,1
en644,7,20-21-22,NA',c,152,>10&<200,0.79591678,2.182214006,32.7,19.4,0.8435,31.8565,18.5565,0.771308651782604,0.500930417160572,1
en644,9,21-22-23,NA',a,152,>0&<200,0.79591678,2.182214006,15.6,9.72,0.7725,14.8275,8.9475,0.340999614472309,0.272443603234105,1
en644,9,21-22-23,NA',b,152,>0&<200,0.79591678,2.182214006,14.8,8.68,0.7725,14.0275,7.9075,0.354917966083424,0.18722254735759,1
en644,9,21-22-23,NA',c,152,>0&<200,0.79591678,2.182214006,14.3,8.81,0.7725,13.5275,8.0375,0.318382293104248,0.232671058369941,1
en644,9,21-22-23,NA',a,152,>10&<200,0.79591678,2.182214006,9.23,4.99,0.7725,8.4575,4.2175,0.245890878463025,0.0432621554209421,1
en644,9,21-22-23,NA',b,152,>10&<200,0.79591678,2.182214006,8.41,5.12,0.7725,7.6375,4.3475,0.190797403335697,0.107268468581446,1
en644,9,21-22-23,NA',c,152,>10&<200,0.79591678,2.182214006,8.17,4.87,0.7725,7.3975,4.0975,0.191377334652826,0.089548464123595,1
en644,13,21-22-23,NA',a,152,>0&<200,0.79591678,2.182214006,8.85,5.95,0.792,8.058,5.158,0.168180081967635,0.185453907071726,1
en644,13,21-22-23,NA',b,152,>0&<200,0.79591678,2.182214006,6.71,4.26,0.792,5.918,3.468,0.142083172696795,0.0956839219112899,1
en644,13,21-22-23,NA',c,152,>0&<200,0.79591678,2.182214006,7.13,5.33,0.792,6.338,4.538,0.10438763708336,0.206738970567012,1
en644,13,21-22-23,NA',a,152,>10&<200,0.79591678,2.182214006,1.38,1.1,0.792,0.588,0.308,0.0162380768796337,0.00487849322973484,1
en644,13,21-22-23,NA',b,152,>10&<200,0.79591678,2.182214006,1.51,1.21,0.792,0.718,0.418,0.0173979395138933,0.0112602627773926,1
en644,13,21-22-23,NA',c,152,>10&<200,0.79591678,2.182214006,1.41,1.15,0.792,0.618,0.358,0.0150782142453742,0.00946637049213863,1
en644,17,8-12,NA',a,152,>0&<200,0.79591678,2.182214006,29.1,23.3,0.844,28.256,22.456,0.336360163935271,1.20322976585688,3
en644,17,8-12,NA',b,152,>0&<200,0.79591678,2.182214006,37.9,23,0.844,37.056,22.156,0.864097662523368,0.654924179499913,1
en644,17,8-12,NA',c,152,>0&<200,0.79591678,2.182214006,30.6,21.9,0.844,29.756,21.056,0.504540245902906,0.939065274301201,1
en644,17,8-12,NA',a,152,>10&<200,0.79591678,2.182214006,3,2.34,0.844,2.156,1.496,0.0382754669305653,0.0642907307435107,1
en644,17,8-12,NA',b,152,>10&<200,0.79591678,2.182214006,2.79,2.39,0.844,1.946,1.546,0.0231972526851911,0.0827969596170292,3
en644,17,8-12,NA',c,152,>10&<200,0.79591678,2.182214006,5.12,3.83,0.844,4.276,2.986,0.0748111399097412,0.129909893683033,1
en644,17,15-17,NA',a,152,>0&<200,0.79591678,2.182214006,7.07,4.82,0.844,6.226,3.976,0.1304845463542,0.142111176875831,1
en644,17,15-17,NA',b,152,>0&<200,0.79591678,2.182214006,7.61,4.64,0.844,6.766,3.796,0.172239601187544,0.0880152693811678,1
en644,17,15-17,NA',c,152,>0&<200,0.79591678,2.182214006,7.48,5.01,0.844,6.636,4.166,0.143243035331055,0.142379143485924,1
en644,17,15-17,NA',a,152,>10&<200,0.79591678,2.182214006,1.37,1.07,0.844,0.526,0.226,0.0173979395138933,-0.00190331339468129,3
en644,17,15-17,NA',b,152,>10&<200,0.79591678,2.182214006,1.5,1.18,0.844,0.656,0.336,0.0185578021481529,0.0044784561529765,1
en644,17,15-17,NA',c,152,>10&<200,0.79591678,2.182214006,1.35,1.15,0.844,0.506,0.306,0.0115986263425956,0.00938082318164726,1
en644,17,19-20-21,NA',a,152,>0&<200,0.79591678,2.182214006,5.69,3.85,0.844,4.846,3.006,0.106707362351879,0.0993848770921534,1
en644,17,19-20-21,NA',b,152,>0&<200,0.79591678,2.182214006,5.71,3.71,0.844,4.866,2.866,0.115986263425955,0.0805075350592731,1
en644,17,19-20-21,NA',c,152,>0&<200,0.79591678,2.182214006,6.07,4.18,0.844,5.226,3.336,0.109607018937528,0.119110117052257,1
en644,17,19-20-21,NA',a,152,>10&<200,0.79591678,2.182214006,1.47,1.19,0.844,0.626,0.346,0.0162380768796338,0.00748378434712446,1
en644,17,19-20-21,NA',b,152,>10&<200,0.79591678,2.182214006,2.09,1.59,0.844,1.246,0.746,0.0289965658564889,0.0221494123954234,1
en644,17,19-20-21,NA',c,152,>10&<200,0.79591678,2.182214006,1.5,1.17,0.844,0.656,0.326,0.0191377334652826,0.00321292191021787,1
en649,1,16-17-18,NA',a,152,>0&<200,0.33182747,2.18953457,368,204,2.13,365.87,201.96,3.95184759224166,1.84026728511894,1
en649,1,16-17-18,NA',b,152,>0&<200,0.33182747,2.18953457,348,186,2.13,345.87,183.96,3.90362786687724,1.37225573799133,1
en649,1,16-17-18,NA',c,152,>0&<200,0.33182747,2.18953457,350,199,2.13,347.87,196.96,3.63841937737288,2.01029792429549,1
en649,1,16-17-18,NA',a,152,>10&<200,0.33182747,2.18953457,247,141,2.13,244.87,138.96,2.55347555667326,1.43182986696523,1
en649,1,16-17-18,NA',b,152,>10&<200,0.33182747,2.18953457,236,125,2.13,233.87,122.96,2.67402487008433,0.852408311339017,1
en649,1,16-17-18,NA',c,152,>10&<200,0.33182747,2.18953457,219,123,2.13,216.87,120.96,2.31237692985112,1.15669722129533,1
en649,5,16-17-18,NA',a,152,>0&<200,0.33182747,2.18953457,221,110,2.22,218.78,107.885,2.6736632221441,0.420426268567174,1
en649,5,16-17-18,NA',b,152,>0&<200,0.33182747,2.18953457,217,126,2.22,214.78,123.885,2.19146596849982,1.36149576442659,1
en649,5,16-17-18,NA',c,152,>0&<200,0.33182747,2.18953457,207,127,2.22,204.78,124.885,1.92625747899547,1.65538376906939,1
en649,5,16-17-18,NA',a,152,>10&<200,0.33182747,2.18953457,101,54.7,2.22,98.78,52.585,1.11375510660487,0.394357196950329,1
en649,5,16-17-18,NA',b,152,>10&<200,0.33182747,2.18953457,102,60.5,2.22,99.78,58.385,0.99802776573024,0.676425725627944,1
en649,5,16-17-18,NA',c,152,>10&<200,0.33182747,2.18953457,94.2,50.1,2.22,91.98,47.985,1.060713408704,0.315473125214347,1
en649,21,22-23-24,NA',a,152,>0&<200,0.33182747,2.18953457,150,85.4,1.99,148.01,83.52,1.55484504437597,0.840468059987063,1
en649,21,22-23-24,NA',b,152,>0&<200,0.33182747,2.18953457,154,95.9,1.99,152.01,94.02,1.39813093694158,1.29831707637514,1
en649,21,22-23-24,NA',c,152,>0&<200,0.33182747,2.18953457,158,86.4,1.99,156.01,84.52,1.72361408315146,0.700378536350013,1
en649,21,22-23-24,NA',a,152,>10&<200,0.33182747,2.18953457,78.4,57.9,1.99,76.41,56.02,0.49160010009034,1.11502633796542,1
en649,21,22-23-24,NA',b,152,>10&<200,0.33182747,2.18953457,99.7,59.7,1.99,97.71,57.82,0.961742422393508,0.696507142911453,1
en649,21,22-23-24,NA',c,152,>10&<200,0.33182747,2.18953457,84.7,57.4,1.99,82.71,55.52,0.655547166329393,0.936739514157142,1
en649,19,22-23-24,NA',a,152,>0&<200,0.33182747,2.18953457,123,98.3,2.005,120.995,96.345,0.59430811511657,2.16881977089703,1
en649,19,22-23-24,NA',b,152,>0&<200,0.33182747,2.18953457,75.2,74.8,2.005,73.195,72.845,0.00843845193877503,2.08072082832134,3
en649,19,22-23-24,NA',c,152,>0&<200,0.33182747,2.18953457,131,81.4,2.005,128.995,79.445,1.19464369590369,1.08380038427017,1
en649,19,22-23-24,NA',a,152,>10&<200,0.33182747,2.18953457,36.3,19,2.005,34.295,17.045,0.415895131268188,0.0729472042666284,1
en649,19,22-23-24,NA',b,152,>10&<200,0.33182747,2.18953457,40.9,21.9,2.005,38.895,19.945,0.456881897827951,0.115131031608359,1
en649,19,22-23-24,NA',c,152,>10&<200,0.33182747,2.18953457,27.5,14.5,2.005,25.495,12.545,0.312222721734669,0.0475617956771394,1
en649,8,21-22-23,NA',a,152,>0&<200,0.33182747,2.18953457,112,83.6,2.31,109.69,81.305,0.684358452234639,1.64742952609673,1
en649,8,21-22-23,NA',b,152,>0&<200,0.33182747,2.18953457,105,79.9,2.31,102.69,77.605,0.604795905383333,1.62087786693579,1
en649,8,21-22-23,NA',c,152,>0&<200,0.33182747,2.18953457,109,71.7,2.31,106.69,69.405,0.898936230106341,1.09156551807752,1
en649,8,21-22-23,NA',a,152,>10&<200,0.33182747,2.18953457,39.5,22,2.31,37.19,19.705,0.421560948998508,0.143568896804575,1
en649,8,21-22-23,NA',b,152,>10&<200,0.33182747,2.18953457,38.7,21.1,2.31,36.39,18.805,0.42397193526673,0.115346346911752,1
en649,8,21-22-23,NA',c,152,>10&<200,0.33182747,2.18953457,29.4,21,2.31,27.09,18.705,0.202161198590363,0.334289132074274,1
en649,12,22-23-24,NA',a,152,>0&<200,0.33182747,2.18953457,46.5,29.2,1.955,44.545,27.165,0.419029413416876,0.360049615319016,1
en649,12,22-23-24,NA',b,152,>0&<200,0.33182747,2.18953457,51.7,33.3,1.955,49.745,31.265,0.445550262367311,0.451114778436211,1
en649,12,22-23-24,NA',c,152,>0&<200,0.33182747,2.18953457,51.5,37.3,1.955,49.545,35.265,0.344288839102013,0.667094262255293,1
en649,12,22-23-24,NA',a,152,>10&<200,0.33182747,2.18953457,8.27,7.11,1.955,6.315,5.075,0.0298962297259451,0.11565230960167,3
en649,12,22-23-24,NA',b,152,>10&<200,0.33182747,2.18953457,10.1,6.51,1.955,8.145,4.475,0.0884831960437246,0.0398576342008223,1
en649,12,22-23-24,NA',c,152,>10&<200,0.33182747,2.18953457,7.8,5.62,1.955,5.845,3.585,0.0544882896618032,0.0483277721095266,1
en649,16,9-10,NA',a,152,>0&<200,0.33182747,2.18953457,44.9,30.2,1.955,42.945,28.34,0.352124544473732,0.460652914549834,1
en649,16,9-10,NA',b,152,>0&<200,0.33182747,2.18953457,44,34,1.955,42.045,32.14,0.238808189867328,0.682951426682335,1
en649,16,9-10,NA',c,152,>0&<200,0.33182747,2.18953457,43.3,30.2,1.955,41.345,28.34,0.31354876418219,0.499228694841376,1
en649,16,9-10,NA',a,152,>10&<200,0.33182747,2.18953457,8.56,5.63,1.955,6.605,3.77,0.0683514607040761,0.0397703113678661,1
en649,16,9-10,NA',b,152,>10&<200,0.33182747,2.18953457,8.51,5.84,1.955,6.555,3.98,0.0620828964067005,0.0520615738443155,1
en649,16,9-10,NA',c,152,>10&<200,0.33182747,2.18953457,7.71,5.2,1.955,5.755,3.34,0.0582253183775463,0.0375642621848641,1
en649,16,14-15,NA',a,152,>0&<200,0.33182747,2.18953457,53.5,31.7,1.955,51.545,29.84,0.52330456951745,0.332492162213785,1
en649,16,14-15,NA',b,152,>0&<200,0.33182747,2.18953457,54.3,34.2,1.955,52.345,32.34,0.482317802957687,0.445177716619664,1
en649,16,14-15,NA',c,152,>0&<200,0.33182747,2.18953457,55.4,34,1.955,53.445,32.14,0.513660624444565,0.408098992105097,1
en649,16,14-15,NA',a,152,>10&<200,0.33182747,2.18953457,9.75,6.22,1.955,7.795,4.36,0.0828173783134044,0.0422253076902212,1
en649,16,14-15,NA',b,152,>10&<200,0.33182747,2.18953457,9.07,6.16,1.955,7.115,4.3,0.0678692634504318,0.055452651644887,1
en649,16,14-15,NA',c,152,>10&<200,0.33182747,2.18953457,8.51,5.3,1.955,6.555,3.44,0.075102222255096,0.0235553098211591,1
en649,16,22-23-24,NA',a,152,>0&<200,0.33182747,2.18953457,101,64.3,1.955,99.045,62.44,0.882541523482436,0.908207401762147,1
en649,16,22-23-24,NA',b,152,>0&<200,0.33182747,2.18953457,105,62.3,1.955,103.045,60.44,1.02720069957572,0.706189195391972,1
en649,16,22-23-24,NA',c,152,>0&<200,0.33182747,2.18953457,106,64.6,1.955,104.045,62.74,0.995857878088841,0.803494901697276,1
en649,16,22-23-24,NA',a,152,>10&<200,0.33182747,2.18953457,15.6,10.8,1.955,13.645,8.94,0.113436903919816,0.142957961417893,1
en649,16,22-23-24,NA',b,152,>10&<200,0.33182747,2.18953457,20.2,11.5,1.955,18.245,9.64,0.20746536838045,0.0690051575541721,3
en649,16,22-23-24,NA',c,152,>10&<200,0.33182747,2.18953457,16,9.73,1.955,14.045,7.87,0.14887840206267,0.0768293820769017,1
en655,1,19-20-21,NA',a,152,>0&<200,0.837516556,2.152385698,20.2,11.4,0.768,19.432,10.6315,0.543413781727372,0.213098014783327,1
en655,1,19-20-21,NA',b,152,>0&<200,0.837516556,2.152385698,20,11.7,0.768,19.232,10.9315,0.512539752880865,0.265319317199246,1
en655,1,19-20-21,NA',c,152,>0&<200,0.837516556,2.152385698,18.1,11.7,0.768,17.332,10.9315,0.395218443264138,0.382640626815973,1
en655,1,19-20-21,NA',a,152,>10&<200,0.837516556,2.152385698,3.5,2.15,0.768,2.732,1.3815,0.0833907519144158,0.014913442872729,1
en655,1,19-20-21,NA',b,152,>10&<200,0.837516556,2.152385698,3.46,2.05,0.768,2.692,1.2815,0.0870956353759967,0.0040928015546773,1
en655,1,19-20-21,NA',c,152,>10&<200,0.837516556,2.152385698,3.51,2.09,0.768,2.742,1.3215,0.0877131159529268,0.00632162412033552,1
en655,2,18-19-20,NA',a,152,>0&<200,0.837516556,2.152385698,21.1,10.5,0.784,20.316,9.747,0.652615221757468,0.0409576965127457,1
en655,2,18-19-20,NA',b,152,>0&<200,0.837516556,2.152385698,20,10.5,0.784,19.216,9.747,0.584692358295152,0.108880559975062,1
en655,2,18-19-20,NA',c,152,>0&<200,0.837516556,2.152385698,21,10.7,0.784,20.216,9.947,0.634090804449564,0.0737136295335919,1
en655,2,18-19-20,NA',a,152,>10&<200,0.837516556,2.152385698,2.39,1.63,0.784,1.606,0.877,0.0450143340582074,0.0173908623430419,1
en655,2,18-19-20,NA',b,152,>10&<200,0.837516556,2.152385698,2.49,1.87,0.784,1.706,1.117,0.0363696059811854,0.043113409275594,1
en655,2,18-19-20,NA',c,152,>10&<200,0.837516556,2.152385698,2.4,1.62,0.784,1.616,0.867,0.0462492952120677,0.0154443254035346,1
en655,7,21-22-23,NA',a,152,>0&<200,0.837516556,2.152385698,19.8,13.1,0.7835,19.0165,12.322,0.413372372225884,0.463431310848454,1
en655,7,21-22-23,NA',b,152,>0&<200,0.837516556,2.152385698,22.3,14.6,0.7835,21.5165,13.822,0.475120429918898,0.508419621002502,1
en655,7,21-22-23,NA',c,152,>0&<200,0.837516556,2.152385698,18.4,13.7,0.7835,17.6165,12.922,0.289876256839856,0.629621973373308,1
en655,7,21-22-23,NA',a,152,>10&<200,0.837516556,2.152385698,4.37,3.33,0.7835,3.5865,2.552,0.0638783656834233,0.117715774813713,1
en655,7,21-22-23,NA',b,152,>10&<200,0.837516556,2.152385698,4.44,2.52,0.7835,3.6565,1.742,0.118216656453276,0.00573984540644637,1
en655,7,21-22-23,NA',c,152,>10&<200,0.837516556,2.152385698,4.69,2.76,0.7835,3.9065,1.982,0.118834137030206,0.0222001836850463,1
en655,12,21-22-23,NA',a,152,>0&<200,0.837516556,2.152385698,7.46,4.23,0.758,6.702,3.47,0.199569722463822,0.0473470751557165,1
en655,12,21-22-23,NA',b,152,>0&<200,0.837516556,2.152385698,7.5,4.32,0.758,6.742,3.56,0.196482319579171,0.056838660111191,1
en655,12,21-22-23,NA',c,152,>0&<200,0.837516556,2.152385698,6.62,4.62,0.758,5.862,3.86,0.123619611501415,0.15104864175836,1
en655,12,21-22-23,NA',a,152,>10&<200,0.837516556,2.152385698,1.75,1.31,0.758,0.992,0.55,0.0272926415003123,0.0118440267102774,1
en655,12,21-22-23,NA',b,152,>10&<200,0.837516556,2.152385698,1.93,1.21,0.758,1.172,0.45,0.0445820976543563,-0.0125611873002375,3
en655,12,21-22-23,NA',c,152,>10&<200,0.837516556,2.152385698,1.42,1.19,0.758,0.662,0.43,0.0143255493847793,0.0162722093980453,1
en657,1,17-18-19-20,NA',a,152,>0&<200,0.837516556,2.152385698,148,78.4,0.7575,147.2425,77.6175,4.29920851687612,1.22386483737014,1
en657,1,17-18-19-20,NA',b,152,>0&<200,0.837516556,2.152385698,137,81.5,0.7575,136.2425,80.7175,3.42856090340462,2.31510094439224,1
en657,1,17-18-19-20,NA',c,152,>0&<200,0.837516556,2.152385698,151,78.5,0.7575,150.2425,77.7175,4.47827788418586,1.05191122791687,1
en657,1,17-18-19-20,NA',a,152,>10&<200,0.837516556,2.152385698,48.9,24.1,0.7575,48.1425,23.3175,1.53289553222908,0.126321305953512,1
en657,1,17-18-19-20,NA',b,152,>10&<200,0.837516556,2.152385698,60.7,30.5,0.7575,59.9425,29.7175,1.86633504377136,0.248290297225369,1
en657,1,17-18-19-20,NA',c,152,>10&<200,0.837516556,2.152385698,63,29.6,0.7575,62.2425,28.8175,2.063928828389,-0.0133453081005143,3
en657,5,17-18-19-20,NA',a,152,>0&<200,0.837516556,2.152385698,99.8,58.5,0.735,99.065,57.7385,2.55183110625035,1.55670074370807,1
en657,5,17-18-19-20,NA',b,152,>0&<200,0.837516556,2.152385698,94.4,58.8,0.735,93.665,58.0385,2.19986717740017,1.93001194612766,1
en657,5,17-18-19-20,NA',c,152,>0&<200,0.837516556,2.152385698,105,59,0.735,104.265,58.2385,2.84204697740752,1.30206366183326,1
en657,5,17-18-19-20,NA',a,152,>10&<200,0.837516556,2.152385698,64.2,44.6,0.735,63.465,43.8385,1.21189825431194,1.90754325359703,3
en657,5,17-18-19-20,NA',b,152,>10&<200,0.837516556,2.152385698,67,32.4,0.735,66.265,31.6385,2.13811911970716,0.113199929712371,1
en657,5,17-18-19-20,NA',c,152,>10&<200,0.837516556,2.152385698,70.7,33.6,0.735,69.965,32.8385,2.29248926393969,0.0442188797574863,1
en657,6,20-21-22,NA',a,152,>0&<200,0.837516556,2.152385698,46.1,27.1,0.716,45.384,26.316,1.1774119640904,0.695170873418474,1
en657,6,20-21-22,NA',b,152,>0&<200,0.837516556,2.152385698,43.7,29.9,0.716,42.984,29.116,0.856322064086722,1.21550199340333,1
en657,6,20-21-22,NA',c,152,>0&<200,0.837516556,2.152385698,49.4,27.7,0.716,48.684,26.916,1.34413171986153,0.57114566478616,1
en657,6,20-21-22,NA',a,152,>10&<200,0.837516556,2.152385698,12.7,6.69,0.716,11.984,5.906,0.375304694658141,0.0449519643450278,1
en657,6,20-21-22,NA',b,152,>10&<200,0.837516556,2.152385698,11.9,6.56,0.716,11.184,5.776,0.333933496003821,0.0770726777859351,1
en657,6,20-21-22,NA',c,152,>10&<200,0.837516556,2.152385698,12.4,7.06,0.716,11.684,6.276,0.333933496003821,0.112651467068289,1
en657,17,21-22-23,NA',a,152,>0&<200,0.837516556,2.152385698,18.3,15.5,0.8775,17.4225,14.6645,0.170301143117333,0.873189167744835,3
en657,17,21-22-23,NA',b,152,>0&<200,0.837516556,2.152385698,26.4,15.8,0.8775,25.5225,14.9645,0.651935993122845,0.412901591308736,1
en657,17,21-22-23,NA',c,152,>0&<200,0.837516556,2.152385698,43.2,25.6,0.8775,42.3225,24.7645,1.08417239697394,0.678009457391779,1
en657,17,21-22-23,NA',a,152,>10&<200,0.837516556,2.152385698,1.83,1.34,0.8775,0.9525,0.5045,0.0276631298464704,0.00823586853942504,1
en657,17,21-22-23,NA',b,152,>10&<200,0.837516556,2.152385698,4.09,2.74,0.8775,3.2125,1.9045,0.0807664594624627,0.0547531489140247,1
en657,17,21-22-23,NA',c,152,>10&<200,0.837516556,2.152385698,3.21,2.76,0.8775,2.3325,1.9245,0.0251932075387498,0.111749552409032,3
en657,15,21-22-23,NA',a,152,>0&<200,0.837516556,2.152385698,24.5,14.6,0.84,23.66,13.8445,0.606088060285782,0.379053036153325,1
en657,15,21-22-23,NA',b,152,>0&<200,0.837516556,2.152385698,26.9,16.4,0.84,26.06,15.6445,0.64313689490159,0.470087842953992,1
en657,15,21-22-23,NA',c,152,>0&<200,0.837516556,2.152385698,24,14.3,0.84,23.16,13.5445,0.593738448747179,0.370055374122516,1
en657,15,21-22-23,NA',a,152,>10&<200,0.837516556,2.152385698,5.35,3.32,0.84,4.51,2.5645,0.120130846241759,0.0623527639874357,1
en657,15,21-22-23,NA',b,152,>10&<200,0.837516556,2.152385698,6.59,3.95,0.84,5.75,3.1945,0.157797161434498,0.0695157232904634,1
en657,15,21-22-23,NA',c,152,>10&<200,0.837516556,2.152385698,5.06,3.12,0.84,4.22,2.3645,0.114573521049388,0.0536785734668653,1
en657,9,21-22-23,NA',a,152,>0&<200,0.837516556,2.152385698,26.4,14.9,0.7275,25.6725,14.139,0.71217122340238,0.293925779924034,1
en657,9,21-22-23,NA',b,152,>0&<200,0.837516556,2.152385698,25,15.8,0.7275,24.2725,15.039,0.570150690708447,0.499988133326204,1
en657,9,21-22-23,NA',c,152,>0&<200,0.837516556,2.152385698,25.3,14.1,0.7275,24.5725,13.339,0.693646806094476,0.255524134380171,1
en657,9,21-22-23,NA',a,152,>10&<200,0.837516556,2.152385698,5.12,3.1,0.7275,4.3925,2.339,0.126799636472605,0.0396379397902484,1
en657,9,21-22-23,NA',b,152,>10&<200,0.837516556,2.152385698,4.75,2.97,0.7275,4.0225,2.209,0.111980102626281,0.0452069884231598,1
en657,9,21-22-23,NA',c,152,>10&<200,0.837516556,2.152385698,5.74,3.53,0.7275,5.0125,2.769,0.138531767434278,0.0585035676114003,1
en657,12,10-11,NA',a,152,>0&<200,0.837516556,2.152385698,28.6,17.5,0.707,27.893,16.72,0.689911048604049,0.499843664997878,1
en657,12,10-11,NA',b,152,>0&<200,0.837516556,2.152385698,25.1,19.8,0.707,24.393,19.02,0.331772313984566,1.02164483031619,1
en657,12,10-11,NA',c,152,>0&<200,0.837516556,2.152385698,21.8,18.4,0.707,21.093,17.62,0.214451004367839,1.03934552994233,3
en657,12,10-11,NA',a,152,>10&<200,0.837516556,2.152385698,4.16,2.49,0.707,3.453,1.71,0.107626864558924,0.0140525947867277,1
en657,12,10-11,NA',b,152,>10&<200,0.837516556,2.152385698,4.62,2.65,0.707,3.913,1.87,0.126151281866828,0.00691339004917671,1
en657,12,10-11,NA',c,152,>10&<200,0.837516556,2.152385698,4.07,2.65,0.707,3.363,1.87,0.0921898501356703,0.0408748217803346,1
en657,12,15-16,NA',a,152,>0&<200,0.837516556,2.152385698,24.1,14.3,0.707,23.393,13.52,0.60963857360313,0.352411888591729,1
en657,12,15-16,NA',b,152,>0&<200,0.837516556,2.152385698,27.5,14.4,0.707,26.793,13.62,0.813407163990077,0.155759056061253,1
en657,12,15-16,NA',c,152,>0&<200,0.837516556,2.152385698,27.8,14.5,0.707,27.093,13.72,0.82575677552868,0.150525202379121,1
en657,12,15-16,NA',a,152,>10&<200,0.837516556,2.152385698,3.4,2.15,0.707,2.693,1.37,0.0816926803278579,0.0157932023057927,1
en657,12,15-16,NA',b,152,>10&<200,0.837516556,2.152385698,3.84,2.25,0.707,3.133,1.47,0.102687019943483,0.00191462054663877,1
en657,12,15-16,NA',c,152,>10&<200,0.837516556,2.152385698,3.94,2.36,0.707,3.233,1.58,0.102069539366553,0.0103594347656868,1
en657,12,21-22-23,NA',a,152,>0&<200,0.837516556,2.152385698,15.7,9.53,0.707,14.993,8.75,0.385493124177488,0.237135688263711,1
en657,12,21-22-23,NA',b,152,>0&<200,0.837516556,2.152385698,16,10.4,0.707,15.293,9.62,0.35029673129247,0.334239174500026,1
en657,12,21-22-23,NA',c,152,>0&<200,0.837516556,2.152385698,16.1,10.2,0.707,15.393,9.42,0.368821148600374,0.30148324147918,1
en657,12,21-22-23,NA',a,152,>10&<200,0.837516556,2.152385698,2.59,1.66,0.707,1.883,0.88,0.0619333018660933,0.00068536727085016,1
en657,12,21-22-23,NA',b,152,>10&<200,0.837516556,2.152385698,2.57,1.74,0.707,1.863,0.96,0.0557584960967919,0.0125527793253283,1
en657,12,21-22-23,NA',c,152,>10&<200,0.837516556,2.152385698,2.5,1.65,0.707,1.793,0.87,0.0569934572506522,0.00491363610064421,1
en661,1,17-18-19-20,NA',a,152,>0&<200,0.813376915,2.21629417,210,114,0.95,209.05,113.0535,5.61621445223538,2.42850532455536,1
en661,1,17-18-19-20,NA',b,152,>0&<200,0.813376915,2.21629417,211,127,0.95,210.05,126.0535,4.91416205004546,4.05561849088154,1
en661,1,17-18-19-20,NA',c,152,>0&<200,0.813376915,2.21629417,207,121,0.95,206.05,120.0535,5.03117078374378,3.51165863527418,1
en661,1,17-18-19-20,NA',a,152,>10&<200,0.813376915,2.21629417,165,82.4,0.95,164.05,81.4535,4.83225593645663,0.963854598279786,1
en661,1,17-18-19-20,NA',b,152,>10&<200,0.813376915,2.21629417,162,82.2,0.95,161.05,81.2535,4.66844370927899,1.1134351213938,1
en661,1,17-18-19-20,NA',c,152,>10&<200,0.813376915,2.21629417,156,79.3,0.95,155.05,78.3535,4.48708017204659,1.08843894970349,1
en661,13,16-17,NA',a,152,>0&<200,0.813376915,2.21629417,204,110,0.9545,203.0455,109.061,5.49850366613487,2.26211571828555,1
en661,13,16-17,NA',b,152,>0&<200,0.813376915,2.21629417,215,109,0.9545,214.0455,108.061,6.20055606832479,1.48890479577746,1
en661,13,16-17,NA',c,152,>0&<200,0.813376915,2.21629417,197,107,0.9545,196.0455,106.061,5.26448619873823,2.28265762472767,1
en661,13,16-17,NA',a,152,>10&<200,0.813376915,2.21629417,169,82.7,0.9545,168.0455,81.761,5.04802004139634,0.769971738337924,1
en661,13,16-17,NA',b,152,>10&<200,0.813376915,2.21629417,168,84.2,0.9545,167.0455,83.261,4.90175912427344,1.02297043593809,1
en661,13,16-17,NA',c,152,>10&<200,0.813376915,2.21629417,165,85.2,0.9545,164.0455,84.261,4.6677416568768,1.3281464236529,1
en661,2,17-18-19-20,NA',a,152,>0&<200,0.813376915,2.21629417,60.3,43.1,0.9065,59.3935,42.1805,1.00703566657459,1.99446629970617,1
en661,2,17-18-19-20,NA',b,152,>0&<200,0.813376915,2.21629417,63.7,40.2,0.9065,62.7935,39.2805,1.3756131777243,1.41952907963375,1
en661,2,17-18-19-20,NA',c,152,>0&<200,0.813376915,2.21629417,65.4,40.8,0.9065,64.4935,39.8805,1.43996798125837,1.39786938829058,1
en661,2,17-18-19-20,NA',a,152,>10&<200,0.813376915,2.21629417,40.8,21.4,0.9065,39.8935,20.4805,1.13574527364274,0.321616801733631,1
en661,2,17-18-19-20,NA',b,152,>10&<200,0.813376915,2.21629417,35.3,18.6,0.9065,34.3935,17.6805,0.977783483150009,0.280334735335474,1
en661,2,17-18-19-20,NA',c,152,>10&<200,0.813376915,2.21629417,41.3,21.5,0.9065,40.3935,20.5805,1.1591470203824,0.305330907025784,1
en661,12,16-17-18-19,NA',a,152,>0&<200,0.813376915,2.21629417,82.7,45.4,0.9545,81.7455,44.461,2.1813060657875,0.982472906078851,1
en661,12,16-17-18-19,NA',b,152,>0&<200,0.813376915,2.21629417,76.1,46.1,0.9545,75.1455,45.161,1.75422418778863,1.45936574830044,1
en661,12,16-17-18-19,NA',c,152,>0&<200,0.813376915,2.21629417,80.3,44.6,0.9545,79.3455,43.661,2.08769907882885,1.01915307678297,1
en661,12,16-17-18-19,NA',a,152,>10&<200,0.813376915,2.21629417,71.1,35.5,0.9545,70.1455,34.561,2.08184864214393,0.377460978572496,1
en661,12,16-17-18-19,NA',b,152,>10&<200,0.813376915,2.21629417,62.7,31.9,0.9545,61.7455,30.961,1.80102768126796,0.402111266303036,1
en661,12,16-17-18-19,NA',c,152,>10&<200,0.813376915,2.21629417,71.8,35.7,0.9545,70.8455,34.761,2.11110082556851,0.362440499211551,1
en661,5,19-20-21-22,NA',a,152,>0&<200,0.813376915,2.21629417,164,91,0.9115,163.0885,90.1095,4.26959018828484,2.1424684983257,1
en661,5,19-20-21-22,NA',b,152,>0&<200,0.813376915,2.21629417,168,94.1,0.9115,167.0885,93.2095,4.32224411844908,2.3104059811478,1
en661,5,19-20-21-22,NA',c,152,>0&<200,0.813376915,2.21629417,160,98,0.9115,159.0885,97.1095,3.62604215294408,3.28412617589368,1
en661,5,19-20-21-22,NA',a,152,>10&<200,0.813376915,2.21629417,129,70.6,0.9115,128.0885,69.7095,3.41542643228711,1.54499843983267,1
en661,5,19-20-21-22,NA',b,152,>10&<200,0.813376915,2.21629417,137,71.4,0.9115,136.0885,70.5095,3.83665787360106,1.18069381477326,1
en661,5,19-20-21-22,NA',c,152,>10&<200,0.813376915,2.21629417,128,66.2,0.9115,127.0885,65.3095,3.61434127957425,1.03298610314556,1
en661,10,10-11,NA',a,152,>0&<200,0.813376915,2.21629417,NaN,NaN,0.9205,NaN,NaN,NaN,NaN,9
en661,10,10-11,NA',b,152,>0&<200,0.813376915,2.21629417,NaN,NaN,0.9205,NaN,NaN,NaN,NaN,9
en661,10,10-11,NA',c,152,>0&<200,0.813376915,2.21629417,24.4,15.7,0.9205,23.4795,14.7805,0.508929487220842,0.542829022341935,1
en661,10,10-11,NA',a,152,>10&<200,0.813376915,2.21629417,NaN,NaN,0.9205,NaN,NaN,NaN,NaN,9
en661,10,10-11,NA',b,152,>10&<200,0.813376915,2.21629417,NaN,NaN,0.9205,NaN,NaN,NaN,NaN,9
en661,10,10-11,NA',c,152,>10&<200,0.813376915,2.21629417,11.2,7.69,0.9205,10.2795,6.7705,0.205291823273702,0.276486938540498,3
en661,10,15-16,NA',a,152,>0&<200,0.813376915,2.21629417,36.7,22.6,0.9205,35.7795,21.6805,0.824853068206305,0.717899231551875,1
en661,10,15-16,NA',b,152,>0&<200,0.813376915,2.21629417,34.2,21.5,0.9205,33.2795,20.5805,0.742946954617482,0.721530972790707,1
en661,10,15-16,NA',c,152,>0&<200,0.813376915,2.21629417,38.7,22.7,0.9205,37.7795,21.7805,0.936011365219709,0.613856786570289,1
en661,10,15-16,NA',a,152,>10&<200,0.813376915,2.21629417,18.7,11.3,0.9205,17.7795,10.3805,0.432873810316934,0.305787209845876,1
en661,10,15-16,NA',b,152,>10&<200,0.813376915,2.21629417,18.4,10.8,0.9205,17.4795,9.8805,0.444574683686766,0.258507076316957,1
en661,10,15-16,NA',c,152,>10&<200,0.813376915,2.21629417,18.2,10.8,0.9205,17.2795,9.8805,0.432873810316934,0.270207949686789,1
en661,10,21-22-23,NA',a,152,>0&<200,0.813376915,2.21629417,34.7,24.3,0.9205,33.7795,23.3805,0.608386910864414,1.05533487343466,1
en661,10,21-22-23,NA',b,152,>0&<200,0.813376915,2.21629417,32.2,23.2,0.9205,31.2795,22.2805,0.52648079727559,1.0589666146735,1
en661,10,21-22-23,NA',c,152,>0&<200,0.813376915,2.21629417,39.5,22.5,0.9205,38.5795,21.5805,0.994515732068869,0.541120715657494,1
en661,10,21-22-23,NA',a,152,>10&<200,0.813376915,2.21629417,17.6,11.3,0.9205,16.6795,10.3805,0.368519006782858,0.370142013379952,1
en661,10,21-22-23,NA',b,152,>10&<200,0.813376915,2.21629417,17.5,10.7,0.9205,16.5795,9.7805,0.397771190207438,0.298194717764467,1
en661,10,21-22-23,NA',c,152,>10&<200,0.813376915,2.21629417,21.9,13.2,0.9205,20.9795,12.2805,0.508929487220842,0.364932721546499,1
en668,1,19-20-21,NA',a,152,>0&<200,0.249288405,2.052152809,142,84.1,0.303,141.697,83.8495,1.11026132939527,0.582984111683748,1
en668,1,19-20-21,NA',b,152,>0&<200,0.249288405,2.052152809,146,85.6,0.303,145.697,85.3495,1.15824358141114,0.565292656412264,1
en668,1,19-20-21,NA',c,152,>0&<200,0.249288405,2.052152809,145,85.3,0.303,144.697,85.0495,1.1448085508467,0.57266952762783,1
en668,1,19-20-21,NA',a,152,>10&<200,0.249288405,2.052152809,17.1,8.91,0.303,16.797,8.6595,0.156182230311665,0.0186865392936851,1
en668,1,19-20-21,NA',b,152,>10&<200,0.249288405,2.052152809,17.7,9.26,0.303,17.397,9.0095,0.160980455513252,0.0209561666657883,1
en668,1,19-20-21,NA',c,152,>10&<200,0.249288405,2.052152809,17.6,9.08,0.303,17.297,8.8295,0.16251588757776,0.0157858389919539,1
en668,1,19-20-21,NA',a,152,>0&<10,0.249288405,2.052152809,120,77.9,0.303,119.697,77.6495,0.807013496654957,0.76102998454726,1
en668,1,19-20-21,NA',b,152,>0&<10,0.249288405,2.052152809,117,76.6,0.303,116.697,76.3495,0.774385565284164,0.767405892072917,1
en668,1,19-20-21,NA',c,152,>0&<10,0.249288405,2.052152809,125,78.8,0.303,124.697,78.5495,0.885704389960988,0.700513569287861,1
en668,2,20-21-22-23,NA',a,152,>0&<200,0.249288405,2.052152809,53.9,33.2,0.3005,53.5995,32.9225,0.396851609972877,0.26798089390519,1
en668,2,20-21-22-23,NA',b,152,>0&<200,0.249288405,2.052152809,56.4,32.2,0.3005,56.0995,31.9225,0.464026762795098,0.180611876586711,1
en668,2,20-21-22-23,NA',c,152,>0&<200,0.249288405,2.052152809,60.3,34.8,0.3005,59.9995,34.5225,0.488977533843352,0.208165153228729,1
en668,2,20-21-22-23,NA',a,152,>10&<200,0.249288405,2.052152809,4.24,2.35,0.3005,3.9395,2.0725,0.0358331458054535,0.00601863836304206,1
en668,2,20-21-22-23,NA',b,152,>10&<200,0.249288405,2.052152809,4.57,2.51,0.3005,4.2695,2.2325,0.0390959389425328,0.00598686354536407,1
en668,2,20-21-22-23,NA',c,152,>10&<200,0.249288405,2.052152809,4.15,2.34,0.3005,3.8495,2.0625,0.0342977137409456,0.0073521317825874,1
en668,2,20-21-22-23,NA',a,152,>0&<10,0.249288405,2.052152809,52.6,29.7,0.3005,52.2995,29.4225,0.439075991746845,0.155077986394318,1
en668,2,20-21-22-23,NA',b,152,>0&<10,0.249288405,2.052152809,51.1,29.7,0.3005,50.7995,29.4225,0.410286640537321,0.183867337603841,1
en668,2,20-21-22-23,NA',c,152,>0&<10,0.249288405,2.052152809,50.8,29.3,0.3005,50.4995,29.0225,0.412205930617956,0.173870501724703,1
en668,5,21-22-23-24,NA',a,152,>0&<200,0.249288405,2.052152809,49.6,27.4,0.306,49.294,27.1195,0.425592978930385,0.122054529275895,1
en668,5,21-22-23-24,NA',b,152,>0&<200,0.249288405,2.052152809,47.7,27.1,0.306,47.394,26.8195,0.394884337640226,0.146705011217176,1
en668,5,21-22-23-24,NA',c,152,>0&<200,0.249288405,2.052152809,48.5,27.9,0.306,48.194,27.6195,0.394884337640226,0.162860102814182,1
en668,5,21-22-23-24,NA',a,152,>10&<200,0.249288405,2.052152809,4.02,2.18,0.306,3.714,1.8995,0.0348255185131202,0.00353272709752269,1
en668,5,21-22-23-24,NA',b,152,>10&<200,0.249288405,2.052152809,3.38,1.89,0.306,3.074,1.6095,0.028108003230898,0.00439402167582987,1
en668,5,21-22-23-24,NA',c,152,>10&<200,0.249288405,2.052152809,3.35,1.97,0.306,3.044,1.6895,0.0259967841421996,0.00812074992422893,1
en668,5,21-22-23-24,NA',a,152,>0&<10,0.249288405,2.052152809,47.2,26.7,0.306,46.894,26.4195,0.392965047559592,0.140546755499307,1
en668,5,21-22-23-24,NA',b,152,>0&<10,0.249288405,2.052152809,47.3,26,0.306,46.994,25.7195,0.408319368204671,0.111056729706847,1
en668,5,21-22-23-24,NA',c,152,>0&<10,0.249288405,2.052152809,45,25.6,0.306,44.694,25.3195,0.371852856672608,0.139445695440407,1
en668,18,21-22-23-24,NA',a,152,>0&<200,0.249288405,2.052152809,24.1,14,0.2055,23.8945,13.7765,0.194193770358639,0.0840070038740653,1
en668,18,21-22-23-24,NA',b,152,>0&<200,0.249288405,2.052152809,24.3,13.7,0.2055,24.0945,13.4765,0.203790220761813,0.0683523941220133,1
en668,18,21-22-23-24,NA',c,152,>0&<200,0.249288405,2.052152809,24.6,13.7,0.2055,24.3945,13.4765,0.209548091003718,0.0625945238801086,1
en668,18,21-22-23-24,NA',a,152,>10&<200,0.249288405,2.052152809,2.81,1.95,0.2055,2.6045,1.7265,0.0168513669079744,0.0180133401448157,1
en668,18,21-22-23-24,NA',b,152,>10&<200,0.249288405,2.052152809,1.85,1.16,0.2055,1.6445,0.9365,0.0135885737708951,0.00532298032985094,1
en668,18,21-22-23-24,NA',c,152,>10&<200,0.249288405,2.052152809,2.09,1.33,0.2055,1.8845,1.1065,0.0149320768273395,0.00741243423777045,1
en668,18,21-22-23-24,NA',a,152,>0&<10,0.249288405,2.052152809,23.8,12.8,0.2055,23.5945,12.5765,0.211467381084353,0.0425007557528412,1
en668,18,21-22-23-24,NA',b,152,>0&<10,0.249288405,2.052152809,22.6,13.5,0.2055,22.3945,13.2765,0.17500086955229,0.0931029724322851,1
en668,18,21-22-23-24,NA',c,152,>0&<10,0.249288405,2.052152809,23.4,13.3,0.2055,23.1945,13.0765,0.194193770358639,0.0698712987266845,1
en668,18,9-10-12,NA',a,152,>0&<200,0.249288405,2.052152809,393,227,0.2055,392.7945,226.7765,3.18636700606844,1.3931269058673,1
en668,18,9-10-12,NA',b,152,>0&<200,0.249288405,2.052152809,401,222,0.2055,400.7945,221.7765,3.43587471655098,1.04264987290348,1
en668,18,9-10-12,NA',c,152,>0&<200,0.249288405,2.052152809,416,239,0.2055,415.7945,238.7765,3.39748891493828,1.42433137095257,1
en668,18,9-10-12,NA',a,152,>10&<200,0.249288405,2.052152809,187,93.7,0.2055,186.7945,93.4765,1.79104311744687,0.0966086571376279,1
en668,18,9-10-12,NA',b,152,>10&<200,0.249288405,2.052152809,168,83.5,0.2055,167.7945,83.2765,1.622145590351,0.0595287663716631,1
en668,18,9-10-12,NA',c,152,>10&<200,0.249288405,2.052152809,177,88.9,0.2055,176.7945,88.6765,1.69124003325386,0.0994811917486022,1
en668,15,10-11,NA',a,152,>0&<200,0.249288405,2.052152809,160,96.2,0.269,159.731,95.979,1.22358581220636,0.714601108280028,1
en668,15,10-11,NA',b,152,>0&<200,0.249288405,2.052152809,140,96.8,0.269,139.731,96.579,0.82821205559557,1.12209118358857,3
en668,15,10-11,NA',c,152,>0&<200,0.249288405,2.052152809,152,96.2,0.269,151.731,95.979,1.07004260575557,0.868144314730819,1
en668,15,10-11,NA',a,152,>10&<200,0.249288405,2.052152809,46.1,24.1,0.269,45.831,23.879,0.421322558500972,0.0608867318051823,1
en668,15,10-11,NA',b,152,>10&<200,0.249288405,2.052152809,47.3,24.6,0.269,47.031,24.379,0.434757589065416,0.0575486334888674,1
en668,15,10-11,NA',c,152,>10&<200,0.249288405,2.052152809,46.3,27.9,0.269,46.031,27.679,0.352228115598116,0.20671785979382,1
en668,15,21-22-23-24,NA',a,152,>0&<200,0.249288405,2.052152809,15.1,9.05,0.269,14.831,8.829,0.115195790639706,0.0630958389977591,1
en668,15,21-22-23-24,NA',b,152,>0&<200,0.249288405,2.052152809,17.3,9.81,0.269,17.031,9.589,0.142833567800849,0.050805398853773,1
en668,15,21-22-23-24,NA',c,152,>0&<200,0.249288405,2.052152809,15.2,9.77,0.269,14.931,9.549,0.10329619213977,0.0895350199350015,1
en668,15,21-22-23-24,NA',a,152,>10&<200,0.249288405,2.052152809,3,1.67,0.269,2.731,1.449,0.0246052988337393,0.00465561082133908,1
en668,15,21-22-23-24,NA',b,152,>10&<200,0.249288405,2.052152809,2.91,1.61,0.269,2.641,1.389,0.0240295118095489,0.00401976597575405,1
en668,15,21-22-23-24,NA',c,152,>10&<200,0.249288405,2.052152809,2.99,1.64,0.269,2.721,1.419,0.0249891568498663,0.00366593687032434,1
en668,15,21-22-23-24,NA',a,152,>0&<10,0.249288405,2.052152809,13.6,8.72,0.269,13.331,8.499,0.0927400966962781,0.0788875576574221,1
en668,15,21-22-23-24,NA',b,152,>0&<10,0.249288405,2.052152809,12.6,8.62,0.269,12.331,8.399,0.0754664859705641,0.0941417819335102,1
en668,15,21-22-23-24,NA',c,152,>0&<10,0.249288405,2.052152809,15,8.56,0.269,14.731,8.339,0.122681021954182,0.0457156140801164,1
en668,11,9-10,NA',a,152,>0&<200,0.249288405,2.052152809,162,95.4,0.2595,161.7405,95.0705,1.27959069675928,0.640250097832251,1
en668,11,9-10,NA',b,152,>0&<200,0.249288405,2.052152809,147,91.6,0.2595,146.7405,91.2705,1.06463020772818,0.778473901777577,1
en668,11,9-10,NA',c,152,>0&<200,0.249288405,2.052152809,160,97.5,0.2595,159.7405,97.1705,1.20089980345325,0.761348106580424,1
en668,11,9-10,NA',a,152,>10&<200,0.249288405,2.052152809,9.81,7.23,0.2595,9.5505,6.9005,0.0508611871368247,0.0884865748196064,3
en668,11,9-10,NA',b,152,>10&<200,0.249288405,2.052152809,25.3,14.8,0.2595,25.0405,14.4705,0.202868961523108,0.0893463546699989,1
en668,11,9-10,NA',c,152,>10&<200,0.249288405,2.052152809,18.5,14.3,0.2595,18.2405,13.9705,0.08195368644311,0.200164697501868,3
en668,11,15-16,NA',a,152,>0&<200,0.249288405,2.052152809,38.2,25.2,0.2595,37.9405,24.8705,0.250851213538981,0.251380293415214,1
en668,11,15-16,NA',b,152,>0&<200,0.249288405,2.052152809,38.7,25,0.2595,38.4405,24.6705,0.264286244103425,0.233906489951518,1
en668,11,15-16,NA',c,152,>0&<200,0.249288405,2.052152809,37.9,25.4,0.2595,37.6405,25.0705,0.241254763135806,0.26501551671764,1
en668,11,15-16,NA',a,152,>10&<200,0.249288405,2.052152809,7.17,4.41,0.2595,6.9105,4.0805,0.0543159092819675,0.0280851547950149,1
en668,11,15-16,NA',b,152,>10&<200,0.249288405,2.052152809,7.18,4.42,0.2595,6.9205,4.0905,0.0543159092819675,0.0282870934399775,1
en668,11,15-16,NA',c,152,>10&<200,0.249288405,2.052152809,8.03,4.96,0.2595,7.7705,4.6305,0.0602657085319357,0.0332419810179889,1
en668,11,21-22-23-24,NA',a,152,>0&<200,0.249288405,2.052152809,18.7,11.2,0.2595,18.4405,10.8705,0.145290259104062,0.0742271449025155,1
en668,11,21-22-23-24,NA',b,152,>0&<200,0.249288405,2.052152809,18.5,10.9,0.2595,18.2405,10.5705,0.147209549184696,0.0662496954730031,1
en668,11,21-22-23-24,NA',c,152,>0&<200,0.249288405,2.052152809,18.8,11.9,0.2595,18.5405,11.5705,0.133774518620252,0.0998785905337057,1
en668,11,21-22-23-24,NA',a,152,>10&<200,0.249288405,2.052152809,2.9,1.68,0.2595,2.6405,1.3505,0.0247588420401901,0.00251297196200683,1
en668,11,21-22-23-24,NA',b,152,>10&<200,0.249288405,2.052152809,2.1,1.29,0.2595,1.8405,0.9605,0.0168897527095871,0.00250645413906912,1
en668,11,21-22-23-24,NA',c,152,>10&<200,0.249288405,2.052152809,2.9,1.71,0.2595,2.6405,1.3805,0.0241830550159997,0.00369457492108506,1
en668,11,21-22-23-24,NA',a,152,>0&<10,0.249288405,2.052152809,19.2,11.3,0.2595,18.9405,10.9705,0.152967419426601,0.0685693710296018,1
en668,11,21-22-23-24,NA',b,152,>0&<10,0.249288405,2.052152809,18.1,11.8,0.2595,17.8405,11.4705,0.122258778136443,0.109374944567889,1
en668,11,21-22-23-24,NA',c,152,>0&<10,0.249288405,2.052152809,18.8,11.2,0.2595,18.5405,10.8705,0.147209549184696,0.0723078548218806,1
at46,1,16-17-24,NA',a,152,>0&<200,0.86449403,2.136277206,143,77.2,1.075,141.925,76.16,4.21927465918203,1.33278600685008,1
at46,1,16-17-24,NA',b,152,>0&<200,0.86449403,2.136277206,142,75.8,1.075,140.925,74.76,4.24493739564782,1.20506333167046,1
at46,1,16-17-24,NA',c,152,>0&<200,0.86449403,2.136277206,141,77.4,1.075,139.925,76.36,4.07812960862017,1.48851104865677,1
at46,1,16-17-24,NA',a,152,>10&<200,0.86449403,2.136277206,71.1,34.5,1.075,70.025,33.46,2.34589489717921,0.0933376380812205,1
at46,1,16-17-24,NA',b,152,>10&<200,0.86449403,2.136277206,70.3,37.5,1.075,69.225,36.46,2.10209890075419,0.555833503178727,1
at46,1,16-17-24,NA',c,152,>10&<200,0.86449403,2.136277206,93.4,46.8,1.075,92.325,45.76,2.98746330882401,0.348438687993601,1
at46,17,17-18-19,NA',a,152,>0&<200,0.86449403,2.136277206,375,189,0.9305,374.0695,188.0525,11.9342631228931,1.77475589495098,1
at46,17,17-18-19,NA',b,152,>0&<200,0.86449403,2.136277206,325,170,0.9305,324.0695,169.0525,9.94540104679419,2.3785188027908,1
at46,17,17-18-19,NA',c,152,>0&<200,0.86449403,2.136277206,304,171,0.9305,303.0695,170.0525,8.53395054117563,3.86286926463352,1
at46,17,17-18-19,NA',a,152,>10&<200,0.86449403,2.136277206,184,107,0.9305,183.0695,106.0525,4.94116743596475,2.79005517149809,1
at46,17,17-18-19,NA',b,152,>10&<200,0.86449403,2.136277206,255,133,0.9305,254.0695,132.0525,7.82822528836635,1.79839618092468,1
at46,17,17-18-19,NA',c,152,>10&<200,0.86449403,2.136277206,238,127,0.9305,237.0695,126.0525,7.12250003555707,2.06672169638899,1
at46,16,15-16-17-18,NA',a,152,>0&<200,0.86449403,2.136277206,155,83.3,0.959,154.041,82.324,4.60113617779301,1.40027981840483,1
at46,16,15-16-17-18,NA',b,152,>0&<200,0.86449403,2.136277206,157,81.6,0.959,156.041,80.624,4.83851649010159,1.03896958051518,1
at46,16,15-16-17-18,NA',c,152,>0&<200,0.86449403,2.136277206,162,82.1,0.959,161.041,81.124,5.12722227534174,0.786713773387097,1
at46,16,15-16-17-18,NA',a,152,>10&<200,0.86449403,2.136277206,123,65.2,0.959,122.041,64.224,3.70935608560674,0.972570702933783,1
at46,16,15-16-17-18,NA',b,152,>10&<200,0.86449403,2.136277206,126,64,0.959,125.041,63.024,3.97881481849755,0.615632022573974,1
at46,16,15-16-17-18,NA',c,152,>10&<200,0.86449403,2.136277206,128,63.6,0.959,127.041,62.624,4.13279123729231,0.432495621289558,1
at46,2,22-23,NA',a,152,>0&<200,0.86449403,2.136277206,76.1,39.3,0.9715,75.1285,38.2905,2.36340971481711,0.427966058984127,1
at46,2,22-23,NA',b,152,>0&<200,0.86449403,2.136277206,67.3,40.8,0.9715,66.3285,39.7905,1.70259425082297,1.19813145731451,1
at46,2,22-23,NA',c,152,>0&<200,0.86449403,2.136277206,73.5,40.9,0.9715,72.5285,39.8905,2.0939509819263,0.8140647218336,1
at46,2,22-23,NA',a,152,>10&<200,0.86449403,2.136277206,36,20.8,0.9715,35.0285,19.7905,0.977621945664345,0.465104637989914,1
at46,2,22-23,NA',b,152,>10&<200,0.86449403,2.136277206,22.1,14.1,0.9715,21.1285,13.0905,0.51569268928009,0.43860418767229,3
at46,2,22-23,NA',c,152,>10&<200,0.86449403,2.136277206,35.1,19.8,0.9715,34.1285,18.7905,0.984037629780794,0.385788997649305,1
at46,6,21-22-23,NA',a,152,>0&<200,0.86449403,2.136277206,62.7,34.4,0.981,61.719,33.365,1.81910307437766,0.613203965041469,1
at46,6,21-22-23,NA',b,152,>0&<200,0.86449403,2.136277206,64.7,35.8,0.981,63.719,34.765,1.85759717907635,0.676769799056607,1
at46,6,21-22-23,NA',c,152,>0&<200,0.86449403,2.136277206,67.8,36.7,0.981,66.819,35.665,1.99874222963821,0.601234709096497,1
at46,6,21-22-23,NA',a,152,>10&<200,0.86449403,2.136277206,21.4,14.2,0.981,20.419,13.165,0.465393725807137,0.494334197883943,3
at46,6,21-22-23,NA',b,152,>10&<200,0.86449403,2.136277206,33.1,16.5,0.981,32.119,15.465,1.06846803275325,0.0589297902534017,1
at46,6,21-22-23,NA',c,152,>10&<200,0.86449403,2.136277206,31.6,16,0.981,30.619,14.965,1.00431119158877,0.0866366533058011,1
at46,13,16-17,NA',a,152,>0&<200,0.86449403,2.136277206,65.3,39,0.9755,64.3245,38.0525,1.68552853107322,1.08849705314667,1
at46,13,16-17,NA',b,152,>0&<200,0.86449403,2.136277206,74.4,42.6,0.9755,73.4245,41.6525,2.03839115747786,0.998074269149012,1
at46,13,16-17,NA',c,152,>0&<200,0.86449403,2.136277206,66.2,37.4,0.9755,65.2245,36.4525,1.84592063398442,0.811465020276813,1
at46,13,16-17,NA',a,152,>10&<200,0.86449403,2.136277206,47.9,24.1,0.9755,46.9245,23.1525,1.52513642816202,0.162679808317871,1
at46,13,16-17,NA',b,152,>10&<200,0.86449403,2.136277206,41.9,21,0.9755,40.9245,20.0525,1.33908158878503,0.122744783399964,1
at46,13,16-17,NA',c,152,>10&<200,0.86449403,2.136277206,46.5,23.3,0.9755,45.5245,22.3525,1.48664232346333,0.142853948037231,1
at46,13,22-23,NA',a,152,>0&<200,0.86449403,2.136277206,74.8,44.3,0.9755,73.8245,43.3525,1.95498726396403,1.20540808824391,1
at46,13,22-23,NA',b,152,>0&<200,0.86449403,2.136277206,77.4,44.4,0.9755,76.4245,43.4525,2.11537936687523,1.05230598095512,1
at46,13,22-23,NA',c,152,>0&<200,0.86449403,2.136277206,74.9,43.4,0.9755,73.9245,42.4525,2.01914410512851,1.07564128647768,1
at46,13,22-23,NA',a,152,>10&<200,0.86449403,2.136277206,40.3,21.4,0.9755,39.3245,20.4525,1.21076790645607,0.280218448218588,1
at46,13,22-23,NA',b,152,>10&<200,0.86449403,2.136277206,50.2,25.7,0.9755,49.2245,24.7525,1.57004621697715,0.234409949461392,1
at46,13,22-23,NA',c,152,>10&<200,0.86449403,2.136277206,47.7,24,0.9755,46.7245,23.0525,1.51872074404557,0.161805496811903,1
at46,7,11-12,NA',a,152,>0&<200,0.86449403,2.136277206,45.2,27.7,1.005,44.195,26.6,1.12883962028902,0.810299215273659,1
at46,7,11-12,NA',b,152,>0&<200,0.86449403,2.136277206,41.8,31.5,1.005,40.795,30.4,0.666910363904769,1.54924830530973,3
at46,7,11-12,NA',c,152,>0&<200,0.86449403,2.136277206,47.8,29.3,1.005,46.795,28.2,1.1929964614535,0.862782304067838,1
at46,7,11-12,NA',a,152,>10&<200,0.86449403,2.136277206,25.1,13.4,1.005,24.095,12.3,0.756729941535041,0.13993952002214,1
at46,7,11-12,NA',b,152,>10&<200,0.86449403,2.136277206,20.9,12.2,1.005,19.895,11.1,0.564259418041601,0.244930096046587,1
at46,7,11-12,NA',c,152,>10&<200,0.86449403,2.136277206,22.9,13.3,1.005,21.895,12.2,0.622000575089633,0.267378890845132,1
at46,7,16-17,NA',a,152,>0&<200,0.86449403,2.136277206,39.4,24,1.005,38.395,22.9,0.994110253843617,0.675298743689671,1
at46,7,16-17,NA',b,152,>0&<200,0.86449403,2.136277206,41.2,25,1.005,40.195,23.9,1.0454357267752,0.696873226982248,1
at46,7,16-17,NA',c,152,>0&<200,0.86449403,2.136277206,41,24.6,1.005,39.995,23.5,1.0582670950081,0.654881876259688,1
at46,7,16-17,NA',a,152,>10&<200,0.86449403,2.136277206,21,11.5,1.005,19.995,10.4,0.615584890973185,0.14257465375809,1
at46,7,16-17,NA',b,152,>10&<200,0.86449403,2.136277206,19.6,10.6,1.005,18.595,9.5,0.583506470390945,0.109043113738585,1
at46,7,16-17,NA',c,152,>10&<200,0.86449403,2.136277206,19.8,10.6,1.005,18.795,9.5,0.596337838623841,0.0962117455056889,1
at46,7,22-23,NA',a,152,>0&<200,0.86449403,2.136277206,43.9,25.3,1.005,42.895,24.2,1.19941214556995,0.564766795054745,1
at46,7,22-23,NA',b,152,>0&<200,0.86449403,2.136277206,43.9,25.2,1.005,42.895,24.1,1.2058278296864,0.551061115315881,1
at46,7,22-23,NA',c,152,>0&<200,0.86449403,2.136277206,44,27.6,1.005,42.995,26.5,1.0582670950081,0.873581744932172,1
at46,7,22-23,NA',a,152,>10&<200,0.86449403,2.136277206,21.4,11,1.005,20.395,9.9,0.673326048021217,0.0483835185979774,1
at46,7,22-23,NA',b,152,>10&<200,0.86449403,2.136277206,21.6,11.9,1.005,20.595,10.8,0.628416259206081,0.158903268014858,1
at46,7,22-23,NA',c,152,>10&<200,0.86449403,2.136277206,20.3,11.1,1.005,19.295,10,0.596337838623841,0.132661723617769,1
ar66b,1,10-11-12-13,NA',a,152,>0&<200,0.864,2.136,62.5,36.7,1.012,61.488,35.66,1.65628511786509,0.9415045916086,1
ar66b,1,10-11-12-13,NA',b,152,>0&<200,0.864,2.136,60.3,37.4,1.012,59.288,36.36,1.47031536249073,1.17846853645664,3
ar66b,1,10-11-12-13,NA',c,152,>0&<200,0.864,2.136,61.8,36.4,1.012,60.788,35.36,1.6306341171238,0.94530093971831,1
ar66b,1,10-11-12-13,NA',a,152,>10&<200,0.864,2.136,30.1,17.3,1.012,29.088,16.26,0.822627593773165,0.361894578858414,3
ar66b,1,10-11-12-13,NA',b,152,>10&<200,0.864,2.136,32.4,18.2,1.012,31.388,17.16,0.91240609636768,0.337680034158637,1
ar66b,1,10-11-12-13,NA',c,152,>10&<200,0.864,2.136,17,9.82,1.012,15.988,8.78,0.462231033358043,0.177381800326168,1
ar66b,3,14-15-16,NA',a,152,>0&<200,0.864,2.136,70.2,39,1.03,69.17,37.96,2.00141933283914,0.763922713476649,1
ar66b,3,14-15-16,NA',b,152,>0&<200,0.864,2.136,67.6,37.5,1.03,66.57,36.46,1.93087908080059,0.725189702357303,1
ar66b,3,14-15-16,NA',c,152,>0&<200,0.864,2.136,67.6,38.1,1.03,66.57,37.06,1.89240257968866,0.807375508732395,1
ar66b,3,14-15-16,NA',a,152,>10&<200,0.864,2.136,18.9,9.95,1.03,17.87,8.91,0.574582416604892,0.0745007665530025,1
ar66b,3,14-15-16,NA',b,152,>10&<200,0.864,2.136,16.9,8.88,1.03,15.87,7.84,0.514943839881393,0.0561910822238698,1
ar66b,3,14-15-16,NA',c,152,>10&<200,0.864,2.136,19.8,10.2,1.03,18.77,9.16,0.616265292809488,0.0510301008747221,1
ar66b,22,16-17-18,NA',a,152,>0&<200,0.864,2.136,95,51.1,1.005,93.995,50.06,2.81744179392142,0.82937124186805,1
ar66b,22,16-17-18,NA',b,152,>0&<200,0.864,2.136,97.5,53.3,1.005,96.495,52.26,2.83668004447739,0.970400443943662,1
ar66b,22,16-17-18,NA',c,152,>0&<200,0.864,2.136,94.8,53.3,1.005,93.795,52.26,2.66353578947368,1.14354469894737,1
ar66b,22,16-17-18,NA',a,152,>10&<200,0.864,2.136,24.2,13.7,1.005,23.195,12.66,0.675583232023721,0.246683109028911,1
ar66b,22,16-17-18,NA',b,152,>10&<200,0.864,2.136,20.6,11.8,1.005,19.595,10.76,0.566566478873239,0.217287062179392,1
ar66b,22,16-17-18,NA',c,152,>10&<200,0.864,2.136,22.8,12.7,1.005,21.795,11.66,0.649932231282431,0.199485267664937,1
ar66b,19,22-23-24,NA',a,152,>0&<200,0.864,2.136,113,62.6,1.0035,111.9965,61.58,3.2330841971831,1.25294749965901,1
ar66b,19,22-23-24,NA',b,152,>0&<200,0.864,2.136,110,61,1.0035,108.9965,59.98,3.14330569458858,1.2261678548851,1
ar66b,19,22-23-24,NA',c,152,>0&<200,0.864,2.136,112,61.6,1.0035,110.9965,60.58,3.2330841971831,1.18009865755374,1
ar66b,19,22-23-24,NA',a,152,>10&<200,0.864,2.136,50.2,25.1,1.0035,49.1965,24.08,1.61065840029652,0.143541717598221,1
ar66b,19,22-23-24,NA',b,152,>10&<200,0.864,2.136,46.7,24,1.0035,45.6965,22.98,1.45675239584878,0.217313995730171,1
ar66b,19,22-23-24,NA',c,152,>10&<200,0.864,2.136,16.3,8.83,1.0035,15.2965,7.81,0.480090542624166,0.0888589142179394,1
ar66b,20,20-21-22,NA',a,152,>0&<200,0.864,2.136,195,103,1.025,193.975,101.93,5.90261590808006,1.52286656770942,1
ar66b,20,20-21-22,NA',b,152,>0&<200,0.864,2.136,189,102,1.025,187.975,100.93,5.58197839881394,1.77065523487028,1
ar66b,20,20-21-22,NA',c,152,>0&<200,0.864,2.136,184,100,1.025,182.975,98.93,5.38959589325426,1.81734005621942,1
ar66b,20,20-21-22,NA',a,152,>10&<200,0.864,2.136,116,58.7,1.025,114.975,57.63,3.67739159377316,0.520887176753152,1
ar66b,20,20-21-22,NA',b,152,>10&<200,0.864,2.136,112,57.5,1.025,110.975,56.43,3.49783458858414,0.613025571415864,1
ar66b,20,20-21-22,NA',c,152,>10&<200,0.864,2.136,114,56,1.025,112.975,54.93,3.72228084507042,0.279306051771684,1
ar66b,15,22-23-24,NA',a,152,>0&<200,0.864,2.136,136,74.3,1.005,134.995,73.28,3.95762877687176,1.38073437260193,1
ar66b,15,22-23-24,NA',b,152,>0&<200,0.864,2.136,126,69.4,1.005,124.995,68.38,3.63057851742031,1.35082530573759,1
ar66b,15,22-23-24,NA',c,152,>0&<200,0.864,2.136,127,67.5,1.005,125.995,66.48,3.81654827279466,1.02644275036323,1
ar66b,15,22-23-24,NA',a,152,>10&<200,0.864,2.136,67.8,34.2,1.005,66.795,33.18,2.15564597479615,0.261478606256487,1
ar66b,15,22-23-24,NA',b,152,>10&<200,0.864,2.136,71.2,35.8,1.005,70.195,34.78,2.27107547813195,0.262607250289102,1
ar66b,15,22-23-24,NA',c,152,>10&<200,0.864,2.136,60,30.8,1.005,58.995,29.78,1.87348496664196,0.29595355125278,1
ar66b,6,22-23-24,NA',a,152,>0&<200,0.864,2.136,48.4,28.2,0.966,47.434,27.18,1.29883842253521,0.681193105885842,1
ar66b,6,22-23-24,NA',b,152,>0&<200,0.864,2.136,45.7,26,0.966,44.734,24.98,1.2667746716086,0.552989404180875,1
ar66b,6,22-23-24,NA',c,152,>0&<200,0.864,2.136,46.6,26.8,0.966,45.634,25.78,1.27318742179392,0.604855727679763,1
ar66b,6,22-23-24,NA',a,152,>10&<200,0.864,2.136,21.2,11.4,0.966,20.234,10.38,0.631912403261675,0.124258577790957,1
ar66b,6,22-23-24,NA',b,152,>10&<200,0.864,2.136,21.2,11.3,0.966,20.234,10.28,0.638325153446998,0.110560943395108,1
ar66b,6,22-23-24,NA',c,152,>10&<200,0.864,2.136,18.4,9.78,0.966,17.434,8.76,0.55624195107487,0.0819139057672351,1
ar66b,8,21-22-23,NA',a,152,>0&<200,0.864,2.136,95,49.8,1.025,93.975,48.765,2.89920435878428,0.653269426478874,1
ar66b,8,21-22-23,NA',b,152,>0&<200,0.864,2.136,91.2,50.9,1.025,90.175,49.865,2.58497959970348,1.04762791187546,1
ar66b,8,21-22-23,NA',c,152,>0&<200,0.864,2.136,89,49.6,1.025,87.975,48.565,2.52726484803558,1.01063916880653,1
ar66b,8,21-22-23,NA',a,152,>10&<200,0.864,2.136,50.5,26.2,1.025,49.475,25.165,1.55893957005189,0.274301541527057,1
ar66b,8,21-22-23,NA',b,152,>10&<200,0.864,2.136,54.9,27.6,1.025,53.875,26.565,1.75132207561156,0.183907414914752,1
ar66b,8,21-22-23,NA',c,152,>10&<200,0.864,2.136,55.3,28,1.025,54.275,26.965,1.75132207561156,0.213046951756857,1
en687,1,19-20-21-22,NA',a,152,>0&<200,0.776503022,2.22867365,38.9,21.8,1.06,37.84,20.74,0.950729252952417,0.466062574764697,1
en687,1,19-20-21-22,NA',b,152,>0&<200,0.776503022,2.22867365,24.1,25.1,1.06,23.04,24.04,-0.0555982019270419,1.6978197804381,4
en687,1,19-20-21-22,NA',c,152,>0&<200,0.776503022,2.22867365,39.8,24.4,1.06,38.74,23.34,0.856212309676446,0.738190836848021,1
en687,1,19-20-21-22,NA',a,152,>10&<200,0.776503022,2.22867365,5.77,3.33,1.06,4.71,2.27,0.135659612701982,0.0194087310259757,1
en687,1,19-20-21-22,NA',b,152,>10&<200,0.776503022,2.22867365,4.03,2.55,1.06,2.97,1.49,0.0822853388520221,0.01949960923373,1
en687,1,19-20-21-22,NA',c,152,>10&<200,0.776503022,2.22867365,5.71,3.35,1.06,4.65,2.29,0.131211756547819,0.0252228280940417,1
en687,2,19-20-21-22,NA',a,152,>0&<200,0.776503022,2.22867365,25.8,17,1.06,24.74,15.96,0.488152212919428,0.602108036374937,1
en687,2,19-20-21-22,NA',b,152,>0&<200,0.776503022,2.22867365,20.5,12.3,1.06,19.44,11.26,0.454793291763203,0.314400342764025,1
en687,2,19-20-21-22,NA',c,152,>0&<200,0.776503022,2.22867365,27.5,19.7,1.06,26.44,18.66,0.432554010992386,0.842148761678845,3
en687,2,19-20-21-22,NA',a,152,>10&<200,0.776503022,2.22867365,3.79,2.6,1.06,2.73,1.56,0.0650498962546391,0.0415168950297726,1
en687,2,19-20-21-22,NA',b,152,>10&<200,0.776503022,2.22867365,4.49,2.9,1.06,3.43,1.86,0.0872891770254559,0.0397712279674965,1
en687,2,19-20-21-22,NA',c,152,>10&<200,0.776503022,2.22867365,3.77,2.53,1.06,2.71,1.49,0.0678298063509912,0.033955141734761,1
en687,5,22-23-24,NA',a,152,>0&<200,0.776503022,2.22867365,26.7,13.5,1.05,25.65,12.47,0.732784301398413,0.119066908419929,3
en687,5,22-23-24,NA',b,152,>0&<200,0.776503022,2.22867365,25,13.7,1.05,23.95,12.67,0.627147717737033,0.238365901220336,1
en687,5,22-23-24,NA',c,152,>0&<200,0.776503022,2.22867365,24.8,13.8,1.05,23.75,12.77,0.610468257158921,0.261876566367962,1
en687,5,22-23-24,NA',a,152,>10&<200,0.776503022,2.22867365,4.85,3.07,1.05,3.8,2.04,0.0978528353915938,0.041503737826483,1
en687,5,22-23-24,NA',b,152,>10&<200,0.776503022,2.22867365,4.35,2.72,1.05,3.3,1.69,0.0895131051025375,0.0259342521222418,1
en687,5,22-23-24,NA',c,152,>10&<200,0.776503022,2.22867365,4.45,2.75,1.05,3.4,1.72,0.0934049792374305,0.0240917393582029,1
en687,5,10-11-12,NA',a,152,>0&<200,0.776503022,2.22867365,76.1,44.1,1.05,75.05,43.07,1.7780304976268,1.16416931046269,1
en687,5,10-11-12,NA',b,152,>0&<200,0.776503022,2.22867365,75.4,44.3,1.05,74.35,43.27,1.72799211589246,1.22787010133606,1
en687,5,10-11-12,NA',c,152,>0&<200,0.776503022,2.22867365,78.1,44.1,1.05,77.05,43.07,1.88922690148089,1.05297290660861,1
en687,5,10-11-12,NA',a,152,>10&<200,0.776503022,2.22867365,17.3,10.3,1.05,16.25,9.27,0.388075449450753,0.245177214143155,1
en687,5,10-11-12,NA',b,152,>10&<200,0.776503022,2.22867365,17.8,9.72,1.05,16.75,8.69,0.448121507531958,0.145510169558771,1
en687,5,10-11-12,NA',c,152,>10&<200,0.776503022,2.22867365,17.5,9.38,1.05,16.45,8.35,0.45034543560904,0.120060145945343,1
en687,18,13-14,NA',a,152,>0&<200,0.776503022,2.22867365,33.1,20.1,1.045,32.055,19.07,0.72194265202264,0.580768059383597,1
en687,18,13-14,NA',b,152,>0&<200,0.776503022,2.22867365,33.8,20.5,1.045,32.755,19.47,0.738622112600752,0.591413417083539,1
en687,18,13-14,NA',c,152,>0&<200,0.776503022,2.22867365,34.4,21.1,1.045,33.355,20.07,0.738622112600752,0.632400644500621,1
en687,18,13-14,NA',a,152,>10&<200,0.776503022,2.22867365,3.06,2.27,1.045,2.015,1.24,0.0430886064934575,0.0416183301685107,1
en687,18,13-14,NA',b,152,>10&<200,0.776503022,2.22867365,2.98,2.26,1.045,1.935,1.23,0.0391967323585646,0.0448270838464523,1
en687,18,13-14,NA',c,152,>10&<200,0.776503022,2.22867365,2.83,2.13,1.045,1.785,1.1,0.0380847683200237,0.0370584819446255,1
en687,18,23-24,NA',a,152,>0&<200,0.776503022,2.22867365,10.3,6.43,1.045,9.255,5.4,0.214331068428747,0.154553978324986,1
en687,18,23-24,NA',b,152,>0&<200,0.776503022,2.22867365,10.8,6.86,1.045,9.755,5.83,0.21822294256364,0.180036283839001,1
en687,18,23-24,NA',c,152,>0&<200,0.776503022,2.22867365,10.2,6.5,1.045,9.155,5.47,0.20487937410115,0.168787515851243,1
en687,18,23-24,NA',a,152,>10&<200,0.776503022,2.22867365,2.07,1.73,1.045,1.025,0.7,0.0180694156262886,0.0297490163603063,3
en687,18,23-24,NA',b,152,>10&<200,0.776503022,2.22867365,1.95,1.54,1.045,0.905,0.51,0.0219612897611816,0.0128778535433376,1
en687,18,23-24,NA',c,152,>10&<200,0.776503022,2.22867365,1.91,1.6,1.045,0.865,0.57,0.0164014695684774,0.02253639647775,1
en687,16,22-23,NA',a,152,>0&<200,0.776503022,2.22867365,15.4,10.1,1.07,14.33,9.095,0.291056587088065,0.330241468509194,1
en687,16,22-23,NA',b,152,>0&<200,0.776503022,2.22867365,15.4,10.3,1.07,14.33,9.295,0.279936946702656,0.35502351803363,1
en687,16,22-23,NA',c,152,>0&<200,0.776503022,2.22867365,15.7,10.1,1.07,14.63,9.095,0.307736047666177,0.313562007931082,1
en687,16,22-23,NA',a,152,>10&<200,0.776503022,2.22867365,3.51,2.43,1.07,2.44,1.425,0.0564321749559475,0.0409124901596208,1
en687,16,22-23,NA',b,152,>10&<200,0.776503022,2.22867365,3.63,2.6,1.07,2.56,1.595,0.0536522648595954,0.055305448024146,1
en687,16,22-23,NA',c,152,>10&<200,0.776503022,2.22867365,3.31,2.41,1.07,2.24,1.405,0.04642449860908,0.0495539255925856,1
en687,16,16-17,NA',a,152,>0&<200,0.776503022,2.22867365,39,25.7,1.07,37.93,24.695,0.7358422025044,0.951123765936975,1
en687,16,16-17,NA',b,152,>0&<200,0.776503022,2.22867365,38.9,25.3,1.07,37.83,24.295,0.752521663082512,0.907119487080808,1
en687,16,16-17,NA',c,152,>0&<200,0.776503022,2.22867365,38.7,25.1,1.07,37.63,24.095,0.752521663082513,0.893457077941781,1
en687,16,16-17,NA',a,152,>10&<200,0.776503022,2.22867365,5.42,3.3,1.07,4.35,2.295,0.114254304960071,0.0425218399102652,1
en687,16,16-17,NA',b,152,>10&<200,0.776503022,2.22867365,5.53,3.46,1.07,4.46,2.455,0.111474394863719,0.056231677317839,1
en687,16,16-17,NA',c,152,>10&<200,0.776503022,2.22867365,4.54,2.9,1.07,3.47,1.895,0.087567168035091,0.041884158557191,1
en687,7,10-11,NA',a,152,>0&<200,0.776503022,2.22867365,118,69.32,1.045,116.955,68.285,2.70596448778913,1.95872355250321,1
en687,7,10-11,NA',b,152,>0&<200,0.776503022,2.22867365,116,68.8,1.045,114.955,67.765,2.62367914893711,2.00548662759376,1
en687,7,10-11,NA',c,152,>0&<200,0.776503022,2.22867365,115,69.4,1.045,113.955,68.365,2.53472202585384,2.13543097809411,1
en687,7,10-11,NA',a,152,>10&<200,0.776503022,2.22867365,10.7,6.36,1.045,9.655,5.325,0.240740214344092,0.123021428982506,1
en687,7,10-11,NA',b,152,>10&<200,0.776503022,2.22867365,10.4,6.2,1.045,9.355,5.165,0.232956466074306,0.11987524994107,1
en687,7,10-11,NA',c,152,>10&<200,0.776503022,2.22867365,10.1,6.06,1.045,9.055,5.025,0.224060753765979,0.119207275852078,1
en687,7,21-22,NA',a,152,>0&<200,0.776503022,2.22867365,7.45,4.85,1.045,6.405,3.815,0.143999342991039,0.116611111335904,1
en687,7,21-22,NA',b,152,>0&<200,0.776503022,2.22867365,7.1,4.57,1.045,6.055,3.535,0.140107468856146,0.101375612676159,1
en687,7,21-22,NA',c,152,>0&<200,0.776503022,2.22867365,7.53,4.92,1.045,6.485,3.885,0.144555325010309,0.120836972515293,1
en687,7,21-22,NA',a,152,>10&<200,0.776503022,2.22867365,2.18,1.64,1.045,1.135,0.605,0.0294670470213322,0.0118617406242248,1
en687,7,21-22,NA',b,152,>10&<200,0.776503022,2.22867365,2.13,1.57,1.045,1.085,0.535,0.0305790110598731,0.00596793338702453,1
en687,7,21-22,NA',c,152,>10&<200,0.776503022,2.22867365,2,1.54,1.045,0.955,0.505,0.0250191908671689,0.00947839220887464,1
en687,10,22-23,NA',a,152,>0&<200,0.776503022,2.22867365,6.41,4.15,1.05,5.36,3.125,0.124261981306939,0.0892131614903602,1
en687,10,22-23,NA',b,152,>0&<200,0.776503022,2.22867365,6.62,4,1.05,5.57,2.975,0.144277334000674,0.0589510019423548,1
en687,10,22-23,NA',c,152,>0&<200,0.776503022,2.22867365,6.3,4.14,1.05,5.25,3.115,0.118702161114235,0.094089861226113,3
en687,10,22-23,NA',a,152,>10&<200,0.776503022,2.22867365,2.11,1.6,1.05,1.06,0.575,0.0269651279346153,0.0123142983400877,1
en687,10,22-23,NA',b,152,>10&<200,0.776503022,2.22867365,2.09,1.63,1.05,1.04,0.605,0.0241852178382632,0.0171435698072938,1
en687,10,22-23,NA',c,152,>10&<200,0.776503022,2.22867365,2,1.54,1.05,0.95,0.515,0.0241852178382632,0.0109954856947316,1
en687,10,16-17,NA',a,152,>0&<200,0.776503022,2.22867365,28,18.4,1.05,26.95,17.375,0.532352783451427,0.654569010501555,1
en687,10,16-17,NA',b,152,>0&<200,0.776503022,2.22867365,29.1,18.7,1.05,28.05,17.675,0.57683134499306,0.630584062668463,1
en687,10,16-17,NA',c,152,>0&<200,0.776503022,2.22867365,28.7,18.6,1.05,27.65,17.575,0.560151884414947,0.640432318677063,1
en687,10,16-17,NA',a,152,>10&<200,0.776503022,2.22867365,4.51,3.08,1.05,3.46,2.055,0.0781154737074939,0.0622657801960099,1
en687,10,16-17,NA',b,152,>10&<200,0.776503022,2.22867365,4.34,3.04,1.05,3.29,2.015,0.0708877074569785,0.0667610646187199,1
en687,10,16-17,NA',c,152,>10&<200,0.776503022,2.22867365,4.37,2.95,1.05,3.32,1.925,0.0775594916882235,0.0539411962749127,1
en695,15,13-14-15,NA',a,152,>0&<200,0.785208675,2.243640086,165,98.1,1.007,163.993,97.07,3.74219687024255,3.00822588223049,1
en695,15,13-14-15,NA',b,152,>0&<200,0.785208675,2.243640086,149,89.4,1.007,147.993,88.37,3.33399584588963,2.81141322628553,1
en695,15,13-14-15,NA',c,152,>0&<200,0.785208675,2.243640086,153,91.1,1.007,151.993,90.07,3.46260712753507,2.80102300860634,1
en695,15,13-14-15,NA',a,152,>10&<200,0.785208675,2.243640086,115,63.6,1.007,113.993,62.57,2.87546866784936,1.47576190413208,1
en695,15,13-14-15,NA',b,152,>10&<200,0.785208675,2.243640086,110,61.4,1.007,108.993,60.37,2.71889841193317,1.47934019491547,1
en695,15,13-14-15,NA',c,152,>10&<200,0.785208675,2.243640086,115,63.2,1.007,113.993,62.17,2.89783584726596,1.42557800378224,1
en695,1,19-20-21-23,NA',a,152,>0&<200,0.785208675,2.243640086,113,61.4,1.13,111.87,60.245,2.88676409345474,1.30278178810226,1
en695,1,19-20-21-23,NA',b,152,>0&<200,0.785208675,2.243640086,114,63.2,1.13,112.87,62.045,2.84202973462155,1.47269139113502,1
en695,1,19-20-21-23,NA',c,152,>0&<200,0.785208675,2.243640086,111,59.7,1.13,109.87,58.545,2.86998870889229,1.20133610869846,1
en695,1,19-20-21-23,NA',a,152,>0&<200,0.785208675,2.243640086,114,61.3,1.13,112.87,60.145,2.94827383685039,1.23431786447331,1
en695,1,19-20-21-23,NA',b,152,>0&<200,0.785208675,2.243640086,104,59.7,1.13,102.87,58.545,2.47856306910182,1.59276174848893,1
en695,1,19-20-21-23,NA',c,152,>0&<200,0.785208675,2.243640086,113,61.5,1.13,111.87,60.345,2.88117229860059,1.31532776318972,1
en695,1,19-20-21-23,NA',a,152,>10&<200,0.785208675,2.243640086,78.5,39.4,1.13,77.37,38.245,2.18778973668604,0.471836493542985,1
en695,1,19-20-21-23,NA',b,152,>10&<200,0.785208675,2.243640086,70.8,35.6,1.13,69.67,34.445,1.96970973737421,0.425657643989078,1
en695,1,19-20-21-23,NA',c,152,>10&<200,0.785208675,2.243640086,73.8,38,1.13,72.67,36.845,2.0032605064991,0.559007200463597,1
en695,1,19-20-21-23,NA',a,152,>10&<200,0.785208675,2.243640086,75.6,37.2,1.13,74.47,36.045,2.14864717270699,0.357987092389235,1
en695,1,19-20-21-23,NA',b,147,>10&<200,0.785208675,2.243640086,74.8,37.6,1.13,73.67,36.445,2.15234650637751,0.468310295503296,1
en695,1,19-20-21-23,NA',c,152,>10&<200,0.785208675,2.243640086,76.8,38.5,1.13,75.67,37.345,2.14305537785284,0.453983230276401,1
en695,9,16-17-18,NA',a,152,>0&<200,0.785208675,2.243640086,97.9,56.3,1.04,96.86,55.2865,2.32470483368989,1.52001802099848,1
en695,9,16-17-18,NA',b,152,>0&<200,0.785208675,2.243640086,96.9,55.2,1.04,95.86,54.1865,2.33029662854404,1.43793024357794,1
en695,9,16-17-18,NA',c,152,>0&<200,0.785208675,2.243640086,92.9,54.9,1.04,91.86,53.8865,2.12340021894051,1.62396411248154,1
en695,9,16-17-18,NA',a,152,>10&<200,0.785208675,2.243640086,64.5,33.7,1.04,63.46,32.6865,1.72079098944173,0.552287132518811,1
en695,9,16-17-18,NA',b,152,>10&<200,0.785208675,2.243640086,42.5,23.1,1.04,41.46,22.0865,1.08332637606868,0.452608641161114,3
en695,9,16-17-18,NA',c,152,>10&<200,0.785208675,2.243640086,62.3,33.3,1.04,61.26,32.2865,1.62013868206704,0.625122718960268,1
en695,2,21-22-23,NA',a,152,>0&<200,0.785208675,2.243640086,111,66.6,1.03,109.97,65.575,2.48247732549973,2.07772636249265,1
en695,2,21-22-23,NA',b,152,>0&<200,0.785208675,2.243640086,111,62.9,1.03,109.97,61.875,2.68937373510326,1.61352528425668,1
en695,2,21-22-23,NA',c,152,>0&<200,0.785208675,2.243640086,104,62.8,1.03,102.97,61.775,2.30353989016694,1.99240494895969,1
en695,2,21-22-23,NA',a,152,>0&<200,0.785208675,2.243640086,107,61.1,1.03,105.97,60.075,2.56635424831197,1.61136952684841,1
en695,2,21-22-23,NA',b,152,>0&<200,0.785208675,2.243640086,109,65.7,1.03,107.97,64.675,2.42096758210408,2.07664848378851,1
en695,2,21-22-23,NA',c,152,>0&<200,0.785208675,2.243640086,111,63.2,1.03,109.97,62.175,2.67259835054081,1.65116320951906,1
en695,2,21-22-23,NA',a,152,>10&<200,0.785208675,2.243640086,76.9,39.2,1.03,75.87,38.175,2.1078270702717,0.546931233794009,1
en695,2,21-22-23,NA',b,152,>10&<200,0.785208675,2.243640086,84,42.2,1.03,82.97,41.175,2.33709065929184,0.526293051773144,1
en695,2,21-22-23,NA',c,152,>10&<200,0.785208675,2.243640086,88.2,44.4,1.03,87.17,43.375,2.44892655637483,0.567449119822949,1
en695,2,21-22-23,NA',a,152,>10&<200,0.785208675,2.243640086,83.4,42.3,1.03,82.37,41.275,2.29794809531279,0.5723897959855,1
en695,2,21-22-23,NA',b,152,>10&<200,0.785208675,2.243640086,88.3,44.7,1.03,87.27,43.675,2.43774296666653,0.599495250231176,1
en695,2,21-22-23,NA',c,152,>10&<200,0.785208675,2.243640086,79.8,40.4,1.03,78.77,39.375,2.20288758279224,0.535320884073173,1
en695,2,14-15-16,NA',a,152,>0&<200,0.785208675,2.243640086,112,62.7,1.03,110.97,61.675,2.75647527335306,1.53251538554027,1
en695,2,14-15-16,NA',b,152,>0&<200,0.785208675,2.243640086,101,56.4,1.03,99.97,55.375,2.49366091520803,1.35721638898683,1
en695,2,14-15-16,NA',c,152,>0&<200,0.785208675,2.243640086,108,60.5,1.03,106.97,59.475,2.65582296597836,1.48017572778216,1
en695,2,14-15-16,NA',a,152,>0&<200,0.785208675,2.243640086,112,62.9,1.03,110.97,61.875,2.74529168364476,1.55760733571518,1
en695,2,14-15-16,NA',b,147,>0&<200,0.785208675,2.243640086,101,59.8,1.03,99.97,58.775,2.38189158711139,1.84445231549649,1
en695,2,14-15-16,NA',c,152,>0&<200,0.785208675,2.243640086,106,59.9,1.03,104.97,58.875,2.57753783802027,1.5167357743404,1
en695,2,14-15-16,NA',a,152,>10&<200,0.785208675,2.243640086,75.9,39,1.03,74.87,37.975,2.0630927114385,0.577757232160587,1
en695,2,14-15-16,NA',b,152,>10&<200,0.785208675,2.243640086,76,39.9,1.03,74.97,38.875,2.01835835260531,0.685079213093566,1
en695,2,14-15-16,NA',c,152,>10&<200,0.785208675,2.243640086,69.1,36.8,1.03,68.07,35.775,1.80587014814762,0.681987830318673,1
en695,2,14-15-16,NA',a,152,>10&<200,0.785208675,2.243640086,77.1,40.1,1.03,76.07,39.075,2.06868450629265,0.648661419872838,1
en695,2,14-15-16,NA',b,152,>10&<200,0.785208675,2.243640086,64.6,33.7,1.03,63.57,32.675,1.72758502018953,0.544693371044189,1
en695,2,14-15-16,NA',c,152,>10&<200,0.785208675,2.243640086,73,37.5,1.03,71.97,36.475,1.98480758348041,0.551729656619047,1
en695,6,22-23-24,NA',a,152,>0&<200,0.785208675,2.243640086,92.9,53.9,1.0145,91.8855,52.9275,2.17845143927961,1.50222230370501,1
en695,6,22-23-24,NA',b,152,>0&<200,0.785208675,2.243640086,106,60.9,1.0145,104.9855,59.9275,2.51955092538274,1.64791543393351,1
en695,6,22-23-24,NA',c,152,>0&<200,0.785208675,2.243640086,101,57.9,1.0145,99.9855,56.9275,2.40771502829975,1.55112592401723,1
en695,6,22-23-24,NA',a,152,>10&<200,0.785208675,2.243640086,59.4,30.6,1.0145,58.3855,29.6275,1.60808836415635,0.452261384467274,1
en695,6,22-23-24,NA',b,152,>10&<200,0.785208675,2.243640086,62.5,32.3,1.0145,61.4855,31.3275,1.68637349211444,0.492197320475432,1
en695,6,22-23-24,NA',c,152,>10&<200,0.785208675,2.243640086,45.6,23,1.0145,44.5855,22.0275,1.26139708319907,0.270434967693067,1
en695,6,13-15-16,NA',a,152,>0&<200,0.785208675,2.243640086,113,63.3,1.0145,111.9855,62.3275,2.77677348867362,1.55759319624204,1
en695,6,13-15-16,NA',b,152,>0&<200,0.785208675,2.243640086,116,63.2,1.0145,114.9855,62.2275,2.95011912915226,1.3772933755301,1
en695,6,13-15-16,NA',c,152,>0&<200,0.785208675,2.243640086,109,61.1,1.0145,107.9855,60.1275,2.67612118129893,1.50525353848394,1
en695,6,13-15-16,NA',a,152,>10&<200,0.785208675,2.243640086,71.6,36.7,1.0145,70.5855,35.7275,1.94918785025948,0.535366892595997,1
en695,6,13-15-16,NA',b,152,>10&<200,0.785208675,2.243640086,70.6,35.8,1.0145,69.5855,34.8275,1.94359605540533,0.478371065350364,1
en695,6,13-15-16,NA',c,152,>10&<200,0.785208675,2.243640086,71.5,36.9,1.0145,70.4855,35.9275,1.93241246569703,0.566050637625063,1
en695,5,22-23-24,NA',a,152,>0&<200,0.785208675,2.243640086,61.1,35.5,1.015,60.085,34.48,1.43177907240501,0.96602227203993,1
en695,5,22-23-24,NA',b,152,>0&<200,0.785208675,2.243640086,61.2,36.5,1.015,60.185,35.48,1.38145291871767,1.08589022806037,1
en695,5,22-23-24,NA',c,152,>0&<200,0.785208675,2.243640086,61.5,35.9,1.015,60.485,34.88,1.43177907240501,0.993838992973166,1
en695,5,22-23-24,NA',a,152,>10&<200,0.785208675,2.243640086,45.7,24.9,1.015,44.685,23.88,1.16337291940583,0.497285320308359,1
en695,5,22-23-24,NA',b,152,>10&<200,0.785208675,2.243640086,46,25.4,1.015,44.985,24.38,1.15218932969753,0.543239811183203,1
en695,5,22-23-24,NA',c,152,>10&<200,0.785208675,2.243640086,44.2,25.8,1.015,43.185,24.78,1.02916984290624,0.694076018907731,3
en695,5,15-16-17,NA',a,152,>0&<200,0.785208675,2.243640086,59.2,34.3,1.015,58.185,33.28,1.39263650842596,0.921714673219269,1
en695,5,15-16-17,NA',b,152,>0&<200,0.785208675,2.243640086,58.8,34.8,1.015,57.785,33.78,1.34231035473862,1.00681172807316,1
en695,5,15-16-17,NA',c,152,>0&<200,0.785208675,2.243640086,61.7,36,1.015,60.685,34.98,1.43737086725916,0.995201378352326,1
en695,5,15-16-17,NA',a,152,>10&<200,0.785208675,2.243640086,48.4,26.7,1.015,47.385,25.68,1.21369907309318,0.572134410820574,1
en695,5,15-16-17,NA',b,152,>10&<200,0.785208675,2.243640086,48.1,26.2,1.015,47.085,25.18,1.22488266280148,0.52617991994573,1
en695,5,15-16-17,NA',c,152,>10&<200,0.785208675,2.243640086,45.4,24.8,1.015,44.385,23.78,1.15218932969753,0.501514729783349,1
en706,1,16-17-18,NA',a,152,>0&<200,0.742489938,2.112325333,64.3,35.1,1.028,63.272,34.0895,1.62423815564845,0.486234229570054,1
en706,1,16-17-18,NA',b,152,>0&<200,0.742489938,2.112325333,62.1,32.6,1.028,61.072,31.5895,1.64093554095452,0.314762472007235,1
en706,1,16-17-18,NA',c,152,>0&<200,0.742489938,2.112325333,60.8,33.1,1.028,59.772,32.0895,1.54075122911807,0.445901658295034,1
en706,1,16-17-18,NA',a,152,>10&<200,0.742489938,2.112325333,12.5,6.45,1.028,11.472,5.4395,0.335756589529658,0.00100148962656375,1
en706,1,16-17-18,NA',b,152,>10&<200,0.742489938,2.112325333,10.5,5.42,1.028,9.472,4.4095,0.281768377040016,-0.00877733925357209,3
en706,1,16-17-18,NA',c,152,>10&<200,0.742489938,2.112325333,13.1,6.55,1.028,12.072,5.5395,0.363585565039783,-0.0206365109932916,3
en706,2,11-12-13,NA',a,152,>0&<200,0.742489938,2.112325333,132,75.9,1.03,130.97,74.9035,3.12054651087685,1.51671036605634,1
en706,2,11-12-13,NA',b,152,>0&<200,0.742489938,2.112325333,135,78.4,1.03,133.97,77.4035,3.14837548638697,1.64365576280296,1
en706,2,11-12-13,NA',c,152,>0&<200,0.742489938,2.112325333,131,75,1.03,129.97,74.0035,3.11498071577483,1.46655738714594,1
en706,2,11-12-13,NA',a,152,>10&<200,0.742489938,2.112325333,12.7,7.13,1.03,11.67,6.1335,0.308150245823614,0.0715731990710796,1
en706,2,11-12-13,NA',b,152,>10&<200,0.742489938,2.112325333,11.9,6.73,1.03,10.87,5.7335,0.285887065415514,0.0690724799181006,1
en706,2,11-12-13,NA',c,152,>10&<200,0.742489938,2.112325333,12.7,6.96,1.03,11.67,5.9635,0.317612097497057,0.0515866900841785,1
en706,2,21-22-23,NA',a,152,>0&<200,0.742489938,2.112325333,79.5,43.7,1.03,78.47,42.7035,1.99069010516577,0.653072857100563,1
en706,2,21-22-23,NA',b,152,>0&<200,0.742489938,2.112325333,81.1,43.3,1.03,80.07,42.3035,2.10200600720627,0.516993055498983,1
en706,2,21-22-23,NA',c,152,>0&<200,0.742489938,2.112325333,79.1,43.3,1.03,78.07,42.3035,1.99069010516577,0.628308957539483,1
en706,2,21-22-23,NA',a,152,>10&<200,0.742489938,2.112325333,8.61,4.64,1.03,7.58,3.6435,0.219097524191214,0.00647064593576335,1
en706,2,21-22-23,NA',b,152,>10&<200,0.742489938,2.112325333,10.6,5.73,1.03,9.57,4.7335,0.269189680109439,0.0238601163214784,1
en706,2,21-22-23,NA',c,152,>10&<200,0.742489938,2.112325333,12.1,6.37,1.03,11.07,5.3735,0.317055517986854,0.0156165177417896,1
en706,5,12-13-14,NA',a,152,>0&<200,0.742489938,2.112325333,98.5,45.7,1.045,97.455,44.65,2.9390181036243,-0.174747815118868,3
en706,5,12-13-14,NA',b,152,>0&<200,0.742489938,2.112325333,86.7,44.1,1.045,85.655,43.05,2.37130700321775,0.293907687043366,1
en706,5,12-13-14,NA',c,152,>0&<200,0.742489938,2.112325333,91.8,42.2,1.045,90.755,41.15,2.7609126603595,-0.213326493013509,3
en706,5,12-13-14,NA',a,152,>10&<200,0.742489938,2.112325333,11.8,6.48,1.045,10.755,5.43,0.296378589182832,0.0397913473588149,1
en706,5,12-13-14,NA',b,152,>10&<200,0.742489938,2.112325333,12.2,6.7,1.045,11.155,5.65,0.306397020366477,0.0433930609337634,1
en706,5,12-13-14,NA',c,152,>10&<200,0.742489938,2.112325333,12.3,6.74,1.045,11.255,5.69,0.309736497427692,0.0425299738286562,1
en706,5,21-22-23,NA',a,152,>0&<200,0.742489938,2.112325333,14.2,8.49,1.045,13.155,7.44,0.318085190080729,0.142523341755339,1
en706,5,21-22-23,NA',b,152,>0&<200,0.742489938,2.112325333,14.3,8.41,1.045,13.255,7.36,0.328103621264374,0.127552130659478,1
en706,5,21-22-23,NA',c,152,>0&<200,0.742489938,2.112325333,14.6,8.33,1.045,13.555,7.28,0.349253642652069,0.101449329359567,1
en706,5,21-22-23,NA',a,152,>10&<200,0.742489938,2.112325333,2.71,1.79,1.045,1.665,0.74,0.0514836046937313,-0.00567039050573529,3
en706,5,21-22-23,NA',b,152,>10&<200,0.742489938,2.112325333,2.55,1.71,1.045,1.505,0.66,0.0470309686121113,-0.00617053433633106,3
en706,5,21-22-23,NA',c,152,>10&<200,0.742489938,2.112325333,2.57,1.75,1.045,1.525,0.7,0.0459178095917063,-0.00258098535981817,3
en706,19,22-23-24,NA',a,152,>0&<200,0.742489938,2.112325333,15.6,9.41,1.035,14.565,8.38,0.344244427060247,0.174559268744357,1
en706,19,22-23-24,NA',b,152,>0&<200,0.742489938,2.112325333,16.1,9.49,1.035,15.065,8.46,0.367620766488752,0.156135709228068,1
en706,19,22-23-24,NA',c,152,>0&<200,0.742489938,2.112325333,14.7,8.44,1.035,13.665,7.41,0.348140483631664,0.110610755737323,1
en706,19,22-23-24,NA',a,152,>10&<200,0.742489938,2.112325333,3.37,2.12,1.035,2.335,1.09,0.0692941490202113,-0.00181252271627123,3
en706,19,22-23-24,NA',b,152,>10&<200,0.742489938,2.112325333,3.48,2.24,1.035,2.445,1.21,0.0687375695100088,0.00617322666225495,1
en706,19,22-23-24,NA',c,152,>10&<200,0.742489938,2.112325333,3.34,2.19,1.035,2.305,1.16,0.0637283539181863,0.00808695480894258,1
en706,19,11-12-13,NA',a,152,>0&<200,0.742489938,2.112325333,55.6,33.6,1.035,54.565,32.57,1.2241966326904,0.792203889070451,1
en706,19,11-12-13,NA',b,152,>0&<200,0.742489938,2.112325333,56.2,34.2,1.035,55.165,33.17,1.2241966326904,0.82934973841207,1
en706,19,11-12-13,NA',c,152,>0&<200,0.742489938,2.112325333,56.1,34.5,1.035,55.065,33.47,1.2019334522823,0.870185843490979,1
en706,19,11-12-13,NA',a,152,>10&<200,0.742489938,2.112325333,5.01,3.03,1.035,3.975,2,0.109924453264994,0.0138950445404008,1
en706,19,11-12-13,NA',b,152,>10&<200,0.742489938,2.112325333,4.82,3.06,1.035,3.785,2.03,0.0976797040405388,0.0279970862319367,1
en706,19,11-12-13,NA',c,152,>10&<200,0.742489938,2.112325333,4.86,3.07,1.035,3.825,2.04,0.0993494425711464,0.0269464451903562,1
en706,15,10-11-12,NA',a,152,>0&<200,0.742489938,2.112325333,64.2,42.6,1.04,63.16,41.555,1.2024900317925,1.37016958385908,1
en706,15,10-11-12,NA',b,152,>0&<200,0.742489938,2.112325333,62.6,40.7,1.04,61.56,39.655,1.21918741709858,1.23584367563788,1
en706,15,10-11-12,NA',c,152,>0&<200,0.742489938,2.112325333,63.1,42.8,1.04,62.06,41.755,1.13013469546618,1.45490686996595,1
en706,15,10-11-12,NA',a,152,>10&<200,0.742489938,2.112325333,8.36,5.17,1.04,7.32,4.125,0.177827153509699,0.0775505607139276,1
en706,15,10-11-12,NA',b,152,>10&<200,0.742489938,2.112325333,8.77,5.34,1.04,7.73,4.295,0.191185061754559,0.0747173097825261,1
en706,15,10-11-12,NA',c,152,>10&<200,0.742489938,2.112325333,8.69,5.37,1.04,7.65,4.325,0.185062687142331,0.0826969768618346,1
en706,15,22-23-24,NA',a,152,>0&<200,0.742489938,2.112325333,9.28,5.65,1.04,8.24,4.605,0.202316651958609,0.0827777417383124,1
en706,15,22-23-24,NA',b,152,>0&<200,0.742489938,2.112325333,9.24,5.64,1.04,8.2,4.595,0.200646913428001,0.0838283827798928,1
en706,15,22-23-24,NA',c,152,>0&<200,0.742489938,2.112325333,9.16,5.67,1.04,8.12,4.625,0.194524538815774,0.0918080498592012,1
en706,15,22-23-24,NA',a,152,>10&<200,0.742489938,2.112325333,2.79,1.89,1.04,1.75,0.845,0.0503704456733263,0.00194329214945294,1
en706,15,22-23-24,NA',b,152,>10&<200,0.742489938,2.112325333,2.94,2.05,1.04,1.9,1.005,0.0498138661631238,0.012405431484087,1
en706,15,22-23-24,NA',c,152,>10&<200,0.742489938,2.112325333,2.61,1.78,1.04,1.57,0.735,0.0464743891019088,-0.000970723658426239,3
en706,9,8-11-12,NA',a,152,>0&<200,0.742489938,2.112325333,49.1,32.6,1.0075,48.0925,31.58,0.919051916221879,1.0360579541253,1
en706,9,8-11-12,NA',b,152,>0&<200,0.742489938,2.112325333,48.4,32.2,1.0075,47.3925,31.18,0.902354530915804,1.0279914398703,1
en706,9,8-11-12,NA',c,152,>0&<200,0.742489938,2.112325333,48.6,32,1.0075,47.5925,30.98,0.924617711323904,0.993346309681659,1
en706,9,8-11-12,NA',a,152,>10&<200,0.742489938,2.112325333,6.96,4.43,1.0075,5.9525,3.41,0.141510340468986,0.0696019032892121,1
en706,9,8-11-12,NA',b,152,>10&<200,0.742489938,2.112325333,6.94,4.43,1.0075,5.9325,3.41,0.140397181448581,0.0707150623096171,1
en706,9,8-11-12,NA',c,152,>10&<200,0.742489938,2.112325333,6.75,4.43,1.0075,5.7425,3.41,0.129822170754733,0.0812900730034646,1
en706,9,22-23-24,NA',a,152,>0&<200,0.742489938,2.112325333,6.44,4.25,1.0075,5.4325,3.23,0.122586637122101,0.0773818518336116,1
en706,9,22-23-24,NA',b,152,>0&<200,0.742489938,2.112325333,6.9,4.26,1.0075,5.8925,3.24,0.147632715081213,0.052954871363526,1
en706,9,22-23-24,NA',c,152,>0&<200,0.742489938,2.112325333,6.77,4.12,1.0075,5.7625,3.1,0.148189294591416,0.043730927006946,1
en706,9,22-23-24,NA',a,152,>10&<200,0.742489938,2.112325333,1.84,1.4,1.0075,0.8325,0.38,0.0251852228366632,-0.00165951825363818,3
en706,9,22-23-24,NA',b,152,>10&<200,0.742489938,2.112325333,1.81,1.38,1.0075,0.8025,0.36,0.0246286433264607,-0.00234113372148963,3
en706,9,22-23-24,NA',c,152,>10&<200,0.742489938,2.112325333,1.86,1.4,1.0075,0.8525,0.38,0.0262983818570682,-0.00277267727404318,3
ar77,1,16-17-18,NA',a,152,>0&<200,0.742489938,2.112325333,103,56.1,1.2,101.8,54.925,2.60896645407422,0.79142650440643,1
ar77,1,16-17-18,NA',b,152,>0&<200,0.742489938,2.112325333,87.9,54.5,1.2,86.7,53.325,1.85758411530085,1.44375324493549,3
ar77,1,16-17-18,NA',c,152,>0&<200,0.742489938,2.112325333,101,55.4,1.2,99.8,54.225,2.5366111177479,0.820445016500866,1
ar77,1,16-17-18,NA',d,152,>0&<200,0.742489938,2.112325333,96.4,52.8,1.2,95.2,51.625,2.4252952157074,0.770795571394353,1
ar77,1,16-17-18,NA',e,152,>0&<200,0.742489938,2.112325333,101,55.7,1.2,99.8,54.525,2.51991373244182,0.855715326477751,1
ar77,1,16-17-18,NA',f,152,>0&<200,0.742489938,2.112325333,103,56,1.2,101.8,54.825,2.61453224917625,0.779669734414135,1
ar77,1,16-17-18,NA',a,152,>10&<200,0.742489938,2.112325333,58.2,30.2,1.2,57,29.025,1.5570311797915,0.239899282109294,1
ar77,1,16-17-18,NA',b,152,>10&<200,0.742489938,2.112325333,67.1,33.8,1.2,65.9,32.625,1.85201832019882,0.16778723775168,1
ar77,1,16-17-18,NA',c,152,>10&<200,0.742489938,2.112325333,67.2,33.5,1.2,66,32.325,1.87428150060692,0.126951132672771,1
ar77,1,16-17-18,NA',d,152,>10&<200,0.742489938,2.112325333,63.3,32.5,1.2,62.1,31.325,1.7128734426482,0.226449441728799,1
ar77,1,16-17-18,NA',e,152,>10&<200,0.742489938,2.112325333,59.6,30.2,1.2,58.4,29.025,1.63495231121985,0.161978150680944,1
ar77,1,16-17-18,NA',f,152,>10&<200,0.742489938,2.112325333,59.2,30.2,1.2,58,29.025,1.61268913081175,0.184241331089044,1
ar77,2,11-12-13,NA',a,152,>0&<200,0.742489938,2.112325333,115,62.1,1.195,113.805,60.92,2.94347073970592,0.828071163446396,1
ar77,2,11-12-13,NA',b,152,>0&<200,0.742489938,2.112325333,116,58.4,1.195,114.805,57.22,3.2050631095011,0.337412722711241,1
ar77,2,11-12-13,NA',c,152,>0&<200,0.742489938,2.112325333,113,58.4,1.195,111.805,57.22,3.03808925644035,0.504386575771991,1
ar77,2,11-12-13,NA',a,152,>10&<200,0.742489938,2.112325333,57.8,27.8,1.195,56.605,26.62,1.6689036613422,-0.0208661455523947,3
ar77,2,11-12-13,NA',b,152,>10&<200,0.742489938,2.112325333,63.1,28.9,1.195,61.905,27.72,1.90266705562725,-0.186528816044479,3
ar77,2,11-12-13,NA',c,152,>10&<200,0.742489938,2.112325333,65.7,31,1.195,64.505,29.82,1.93049603113737,-0.0843473188589396,3
ar77,2,22-23-24,NA',a,152,>0&<200,0.742489938,2.112325333,79,46.8,1.195,77.805,45.62,1.79135115358675,1.0329715913543,1
ar77,2,22-23-24,NA',b,152,>0&<200,0.742489938,2.112325333,98.1,50.6,1.195,96.905,49.42,2.64291780419657,0.416661986574728,1
ar77,2,22-23-24,NA',c,152,>0&<200,0.742489938,2.112325333,90.4,49.2,1.195,89.205,48.02,2.292272712769,0.680633429538526,1
ar77,2,22-23-24,NA',a,152,>10&<200,0.742489938,2.112325333,38.6,17.8,1.195,37.405,16.62,1.1568505119559,-0.127910485193068,3
ar77,2,22-23-24,NA',b,152,>10&<200,0.742489938,2.112325333,42.1,19.7,1.195,40.905,18.52,1.2459032335883,-0.0993346839103434,3
ar77,2,22-23-24,NA',c,152,>10&<200,0.742489938,2.112325333,44.8,20.9,1.195,43.605,19.72,1.32939016011867,-0.108529911757482,3
ar77,19,12-13-14,NA',a,152,>0&<200,0.742489938,2.112325333,65.7,37.9,1.14,64.56,36.815,1.54422985105684,0.734977554795964,1
ar77,19,12-13-14,NA',b,152,>0&<200,0.742489938,2.112325333,65.5,34.6,1.14,64.36,33.515,1.71676949921961,0.358135735254288,1
ar77,19,12-13-14,NA',c,152,>0&<200,0.742489938,2.112325333,64.7,38,1.14,63.56,36.915,1.48300610493456,0.802392275808509,1
ar77,19,12-13-14,NA',a,152,>10&<200,0.742489938,2.112325333,15.5,8.53,1.14,14.36,7.445,0.384874731305029,0.0760433492755524,1
ar77,19,12-13-14,NA',b,152,>10&<200,0.742489938,2.112325333,19.2,10.6,1.14,18.06,9.515,0.475597191468037,0.113474069341128,1
ar77,19,12-13-14,NA',c,152,>10&<200,0.742489938,2.112325333,21.2,11.4,1.14,20.06,10.315,0.542386732692337,0.0962123272389864,1
ar77,19,22-23-24,NA',a,152,>0&<200,0.742489938,2.112325333,61.9,35.9,1.14,60.76,34.815,1.44404553922039,0.711342368827019,1
ar77,19,22-23-24,NA',b,152,>0&<200,0.742489938,2.112325333,63,37.9,1.14,61.86,36.815,1.39395338330216,0.885254022550639,1
ar77,19,22-23-24,NA',c,152,>0&<200,0.742489938,2.112325333,64.7,37.5,1.14,63.56,36.415,1.51083508044469,0.743608425847035,1
ar77,19,22-23-24,NA',a,152,>10&<200,0.742489938,2.112325333,16.1,9.05,1.14,14.96,7.965,0.389327367386649,0.103783782623335,1
ar77,19,22-23-24,NA',b,152,>10&<200,0.742489938,2.112325333,18.4,10.3,1.14,17.26,9.215,0.447768215957912,0.122730120180444,1
ar77,19,22-23-24,NA',c,152,>10&<200,0.742489938,2.112325333,17.1,9.39,1.14,15.96,8.305,0.426061615060014,0.0880988495768869,1
ar77,20,1-2-3-4,NA',a,152,>0&<200,0.742489938,2.112325333,68.2,39.8,1.115,67.085,38.63,1.58374699628122,0.807826603829982,1
ar77,20,1-2-3-4,NA',b,152,>0&<200,0.742489938,2.112325333,63.6,38,1.115,62.485,36.83,1.42790473342452,0.852231318661827,1
ar77,20,1-2-3-4,NA',c,152,>0&<200,0.742489938,2.112325333,63.5,37.2,1.115,62.385,36.03,1.46686529913869,0.763742953825495,1
ar77,20,1-2-3-4,NA',a,152,>10&<200,0.742489938,2.112325333,15.8,8.88,1.115,14.685,7.71,0.388214208366244,0.0891099556735522,1
ar77,20,1-2-3-4,NA',b,152,>10&<200,0.742489938,2.112325333,15.9,8.95,1.115,14.785,7.78,0.389883946896852,0.0917738995661335,1
ar77,20,1-2-3-4,NA',c,152,>10&<200,0.742489938,2.112325333,16.3,8.97,1.115,15.185,7.8,0.411033968284547,0.0718620731564926,1
ar77,21,1-2-3-4,NA',a,152,>0&<200,0.742489938,2.112325333,61.1,35.7,1.21,59.89,34.56,1.40981589934293,0.729785022734286,1
ar77,21,1-2-3-4,NA',b,152,>0&<200,0.742489938,2.112325333,59.2,35.2,1.21,57.99,34.06,1.33189476791458,0.776751279711287,1
ar77,21,1-2-3-4,NA',c,152,>0&<200,0.742489938,2.112325333,59.3,35.9,1.21,58.09,34.76,1.29849999730243,0.853482874555325,1
ar77,21,1-2-3-4,NA',a,152,>10&<200,0.742489938,2.112325333,16.6,9.18,1.21,15.39,8.04,0.409085939998838,0.0886684411788485,1
ar77,21,1-2-3-4,NA',b,152,>10&<200,0.742489938,2.112325333,17.9,9.84,1.21,16.69,8.7,0.444707028651798,0.0939077868016688,1
ar77,21,1-2-3-4,NA',c,152,>10&<200,0.742489938,2.112325333,16.8,9.38,1.21,15.59,8.24,0.409085939998838,0.101050390959388,1
ar77,10,15-16-17,NA',a,152,>0&<200,0.742489938,2.112325333,83.8,47,1.11,82.69,45.885,2.0484908873003,0.792237941099964,1
ar77,10,15-16-17,NA',b,152,>0&<200,0.742489938,2.112325333,86.5,47.4,1.11,85.39,46.285,2.17650417464688,0.688988553314467,1
ar77,10,15-16-17,NA',c,152,>0&<200,0.742489938,2.112325333,83.3,48.1,1.11,82.19,46.985,1.9594381656679,0.94939138652533,1
ar77,10,15-16-17,NA',a,152,>10&<200,0.742489938,2.112325333,28.5,14.6,1.11,27.39,13.485,0.773923808936577,0.0609291550162963,1
ar77,10,15-16-17,NA',b,152,>10&<200,0.742489938,2.112325333,27.8,14.4,1.11,26.69,13.285,0.746094833426452,0.0763761807458819,1
ar77,10,15-16-17,NA',c,152,>10&<200,0.742489938,2.112325333,29.5,15,1.11,28.39,13.885,0.807318579548727,0.0522982839652253,1
ar77,10,22-23-24,NA',a,152,>0&<200,0.742489938,2.112325333,84.1,48.8,1.11,82.99,47.685,1.96500396076993,0.987162415655194,1
ar77,10,22-23-24,NA',b,152,>0&<200,0.742489938,2.112325333,85.6,48.6,1.11,84.49,47.485,2.05962247750435,0.880161949140229,1
ar77,10,22-23-24,NA',c,152,>0&<200,0.742489938,2.112325333,85.1,48.7,1.11,83.99,47.585,2.0262277068922,0.919747694642649,1
ar77,10,22-23-24,NA',a,152,>10&<200,0.742489938,2.112325333,31.1,16,1.11,29.99,14.885,0.840713350160877,0.0808132622557724,1
ar77,10,22-23-24,NA',b,152,>10&<200,0.742489938,2.112325333,29.2,17,1.11,28.09,15.885,0.679305292202152,0.304131069117195,1
ar77,10,22-23-24,NA',c,152,>10&<200,0.742489938,2.112325333,29.6,15.1,1.11,28.49,13.985,0.807318579548727,0.0584892588554949,1
ar77,16,11-12-13,NA',a,152,>0&<200,0.742489938,2.112325333,76.8,41.5,1.145,75.655,40.345,1.96528225052503,0.532466568954294,1
ar77,16,11-12-13,NA',b,152,>0&<200,0.742489938,2.112325333,78.3,40.1,1.145,77.155,38.945,2.12669030848375,0.284384862531792,1
ar77,16,11-12-13,NA',c,152,>0&<200,0.742489938,2.112325333,80.8,41.7,1.145,79.655,40.545,2.17678246440198,0.333348304857884,1
ar77,16,11-12-13,NA',a,152,>10&<200,0.742489938,2.112325333,19.2,9.88,1.145,18.055,8.725,0.519288683018933,0.0208738761571013,1
ar77,16,11-12-13,NA',b,152,>10&<200,0.742489938,2.112325333,19,9.95,1.145,17.855,8.795,0.504261036243466,0.0402352053557573,1
ar77,16,11-12-13,NA',c,152,>10&<200,0.742489938,2.112325333,18.1,9.61,1.145,16.955,8.455,0.473092583672126,0.0503543433001803,1
ar77,16,21-22-23-24,NA',a,152,>0&<200,0.742489938,2.112325333,51.8,20.3,1.145,50.655,19.145,1.75378203664808,-0.568519893905939,3
ar77,16,21-22-23-24,NA',b,152,>0&<200,0.742489938,2.112325333,55.9,28.2,1.145,54.755,27.045,1.54228182277113,0.13206733630232,1
ar77,16,21-22-23-24,NA',c,152,>0&<200,0.742489938,2.112325333,52.4,26.8,1.145,51.255,25.645,1.4254001256286,0.162275384981069,1
ar77,16,21-22-23-24,NA',a,152,>10&<200,0.742489938,2.112325333,13.8,7.34,1.145,12.655,6.185,0.360106943101018,0.0228048538621649,1
ar77,16,21-22-23-24,NA',b,152,>10&<200,0.742489938,2.112325333,15.1,7.89,1.145,13.955,6.735,0.401850406366206,0.015111752493461,1
ar77,16,21-22-23-24,NA',c,152,>10&<200,0.742489938,2.112325333,12.4,6.58,1.145,11.255,5.425,0.324485854448058,0.0113745333490751,1
ar77,6,12-13-14,NA',a,152,>0&<200,0.742489938,2.112325333,31.2,16.5,1.19,30.01,15.33,0.817058720977271,0.132017729701079,1
ar77,6,12-13-14,NA',b,152,>0&<200,0.742489938,2.112325333,32.6,17.3,1.19,31.41,16.13,0.850453491589421,0.148150758211087,1
ar77,6,12-13-14,NA',c,152,>0&<200,0.742489938,2.112325333,31.7,16.8,1.19,30.51,15.63,0.828190311181321,0.139459064167839,1
ar77,6,12-13-14,NA',a,152,>10&<200,0.742489938,2.112325333,4.08,2.45,1.19,2.89,1.28,0.0896093011426026,-0.01036482254715,3
ar77,6,12-13-14,NA',b,152,>10&<200,0.742489938,2.112325333,4.73,2.77,1.19,3.54,1.6,0.107976424979285,-0.00892082673496941,3
ar77,6,12-13-14,NA',c,152,>10&<200,0.742489938,2.112325333,3.74,2.49,1.19,2.55,1.32,0.0684592797549076,0.0132615887966529,1
ar77,6,21-22-23,NA',a,152,>0&<200,0.742489938,2.112325333,16.7,8.69,1.19,15.51,7.52,0.444707028651798,0.0208542830964859,1
ar77,6,21-22-23,NA',b,152,>0&<200,0.742489938,2.112325333,18.4,8.5,1.19,17.21,7.33,0.54990055608007,-0.096102096623299,3
ar77,6,21-22-23,NA',c,152,>0&<200,0.742489938,2.112325333,20.3,11.2,1.19,19.11,10.03,0.505374195263871,0.115580586230184,1
ar77,6,21-22-23,NA',a,152,>10&<200,0.742489938,2.112325333,3.18,2.05,1.19,1.99,0.88,0.0617803256324776,-0.00729974659810394,3
ar77,6,21-22-23,NA',b,152,>10&<200,0.742489938,2.112325333,3.26,2.01,1.19,2.07,0.84,0.0684592797549076,-0.0164550906766418,3
ar77,6,21-22-23,NA',c,152,>10&<200,0.742489938,2.112325333,3.2,2,1.19,2.01,0.83,0.0656763822038951,-0.0142912906146563,3
ar77,9,13-14-15,NA',a,152,>0&<200,0.742489938,2.112325333,26.9,16.8,1.195,25.705,15.645,0.559918987263715,0.408659034318985,1
ar77,9,13-14-15,NA',b,152,>0&<200,0.742489938,2.112325333,26.5,16.8,1.195,25.305,15.645,0.537655806855616,0.430922214727085,1
ar77,9,13-14-15,NA',c,152,>0&<200,0.742489938,2.112325333,27,16.1,1.195,25.805,14.945,0.604445348079916,0.320795849270896,1
ar77,9,13-14-15,NA',a,152,>10&<200,0.742489938,2.112325333,3.43,2.3,1.195,2.235,1.145,0.0606671666120726,0.0102194958815158,1
ar77,9,13-14-15,NA',b,152,>10&<200,0.742489938,2.112325333,3.1,2.12,1.195,1.905,0.965,0.0523184739590351,0.00742443373206786,1
ar77,9,13-14-15,NA',c,152,>10&<200,0.742489938,2.112325333,3.1,2.26,1.195,1.905,1.105,0.0445263608162001,0.0238839117212805,3
ar77,9,21-22-23,NA',a,152,>0&<200,0.742489938,2.112325333,16.6,8.86,1.195,15.405,7.705,0.428566222855926,0.0484483924393573,1
ar77,9,21-22-23,NA',b,152,>0&<200,0.742489938,2.112325333,16.3,9.21,1.195,15.105,8.055,0.392388554692763,0.106294472718464,1
ar77,9,21-22-23,NA',c,152,>0&<200,0.742489938,2.112325333,15.7,8.89,1.195,14.505,7.735,0.376804328407093,0.102067579355271,1
ar77,9,21-22-23,NA',a,152,>10&<200,0.742489938,2.112325333,2.8,1.96,1.195,1.605,0.805,0.0445263608162,0.00531098705047131,1
ar77,9,21-22-23,NA',b,152,>10&<200,0.742489938,2.112325333,2.73,1.87,1.195,1.535,0.715,0.045639519836605,-0.00137404937117645,3
ar77,9,21-22-23,NA',c,152,>10&<200,0.742489938,2.112325333,2.69,1.87,1.195,1.495,0.715,0.043413201795795,0.000852268669633555,1
en712,1,16-17-18,NA',a,116,>0&<200,0.758120441,2.189332051,133,70.4,1.045,131.955,69.379,4.51697595403803,1.43924964149589,3
en712,1,16-17-18,NA',b,152,>0&<200,0.758120441,2.189332051,259,136,1.045,257.955,134.979,6.77446095559994,2.06902947762216,1
en712,1,16-17-18,NA',c,152,>0&<200,0.758120441,2.189332051,278,138,1.045,276.955,136.979,7.71095129717227,1.26357419236558,1
en712,1,16-17-18,NA',d,152,>0&<200,0.758120441,2.189332051,302,154,1.045,300.955,152.979,8.15165263438278,1.87115330568111,1
en712,1,16-17-18,NA',e,152,>0&<200,0.758120441,2.189332051,266,142,1.045,264.955,140.979,6.82954862275126,2.40704697941811,1
en712,1,16-17-18,NA',f,152,>0&<200,0.758120441,2.189332051,278,147,1.045,276.955,145.979,7.21516229281045,2.3490209501483,1
en712,1,16-17-18,NA',a,152,>10&<200,0.758120441,2.189332051,252,118,1.045,250.955,116.979,7.38042529426439,0.283749632115916,1
en712,1,16-17-18,NA',b,152,>10&<200,0.758120441,2.189332051,269,126,1.045,267.955,124.979,7.87621429862622,0.312100853017113,3
en712,1,16-17-18,NA',c,152,>10&<200,0.758120441,2.189332051,265,124,1.045,263.955,122.979,7.76603896432359,0.291241131003988,3
en712,1,16-17-18,NA',d,152,>10&<200,0.758120441,2.189332051,252,118,1.045,250.955,116.979,7.38042529426439,0.283749632115916,1
en712,1,16-17-18,NA',e,152,>10&<200,0.758120441,2.189332051,248,117,1.045,246.955,115.979,7.21516229281045,0.383495105411981,1
en712,1,16-17-18,NA',f,152,>10&<200,0.758120441,2.189332051,250,117,1.045,248.955,115.979,7.32533762711308,0.273319771109354,1
en712,15,22-23-24,NA',a,152,>0&<200,0.758120441,2.189332051,64.2,37.5,0.9755,63.2245,36.491,1.47268614978964,0.918113970219452,1
en712,15,22-23-24,NA',b,152,>0&<200,0.758120441,2.189332051,70.4,39.8,0.9755,69.4245,38.791,1.68752805167977,0.853962383092446,1
en712,15,22-23-24,NA',c,152,>0&<200,0.758120441,2.189332051,70.4,40.8,0.9755,69.4245,39.791,1.63244038452845,0.974567578401637,1
en712,15,22-23-24,NA',a,152,>10&<200,0.758120441,2.189332051,56.6,27.1,0.9755,55.6245,26.091,1.62693161781332,0.082486209353852,1
en712,15,22-23-24,NA',b,152,>10&<200,0.758120441,2.189332051,51.8,26.5,0.9755,50.8245,25.491,1.3955634157778,0.274543894494643,1
en712,15,22-23-24,NA',c,152,>10&<200,0.758120441,2.189332051,50.4,26.1,0.9755,49.4245,25.091,1.34047574862649,0.303424550382806,1
en712,5,21-23-24,NA',a,152,>0&<200,0.758120441,2.189332051,38.8,23.7,1.02,37.78,22.7155,0.829868161800964,0.658395249069295,1
en712,5,21-23-24,NA',b,152,>0&<200,0.758120441,2.189332051,39.1,23,1.02,38.08,22.0155,0.884955828952278,0.557445312207467,1
en712,5,21-23-24,NA',c,152,>0&<200,0.758120441,2.189332051,40.2,23.4,1.02,39.18,22.4155,0.923517195958197,0.545090956464698,1
en712,5,21-23-24,NA',a,152,>10&<200,0.758120441,2.189332051,23.8,13,1.02,22.78,12.0155,0.592991193050316,0.194234666530657,1
en712,5,21-23-24,NA',b,152,>10&<200,0.758120441,2.189332051,27.7,15.2,1.02,26.68,14.2155,0.686640227207549,0.244724194320754,1
en712,5,21-23-24,NA',c,152,>10&<200,0.758120441,2.189332051,29.2,16.1,1.02,28.18,15.1155,0.719692827498337,0.270637369372055,1
en712,5,13-14,NA',a,152,>0&<200,0.758120441,2.189332051,42.2,24.8,1.02,41.18,23.8155,0.956569796248985,0.603762895594938,1
en712,5,13-14,NA',b,152,>0&<200,0.758120441,2.189332051,37.5,23.2,1.02,36.48,22.2155,0.785798028079913,0.669706618711407,1
en712,5,13-14,NA',c,152,>0&<200,0.758120441,2.189332051,35.7,21.9,1.02,34.68,20.9155,0.758254194504256,0.612077665681823,1
en712,5,13-14,NA',a,152,>10&<200,0.758120441,2.189332051,27.8,14.4,1.02,26.78,13.4155,0.736219127643731,0.14273127135827,1
en712,5,13-14,NA',b,152,>10&<200,0.758120441,2.189332051,27.5,14.3,1.02,26.48,13.3155,0.725201594213468,0.147197051972745,1
en712,5,13-14,NA',c,152,>10&<200,0.758120441,2.189332051,34.9,19,1.02,33.88,18.0155,0.873938295522015,0.306392733006221,1
en712,12,21-22-23,NA',a,152,>0&<200,0.758120441,2.189332051,33.4,20.4,1,32.4,19.42,0.715037919624051,0.557312477201923,1
en712,12,21-22-23,NA',b,152,>0&<200,0.758120441,2.189332051,32.2,20.3,1,31.2,19.32,0.654441485757606,0.611357158252581,1
en712,12,21-22-23,NA',c,152,>0&<200,0.758120441,2.189332051,34.8,20.8,1,33.8,19.82,0.770125586775364,0.528431821313761,1
en712,12,21-22-23,NA',a,152,>10&<200,0.758120441,2.189332051,8.69,5.11,1,7.69,4.13,0.196112095058676,0.0744752962333563,1
en712,12,21-22-23,NA',b,152,>10&<200,0.758120441,2.189332051,8.87,5.07,1,7.87,4.09,0.208231381831965,0.0597353083337521,1
en712,12,21-22-23,NA',c,152,>10&<200,0.758120441,2.189332051,8.47,4.98,1,7.47,4,0.191154205015058,0.0709159076164503,1
en712,12,12-13-14,NA',a,152,>0&<200,0.758120441,2.189332051,39.8,22.9,1,38.8,21.92,0.929879821514174,0.506264395706493,1
en712,12,12-13-14,NA',b,152,>0&<200,0.758120441,2.189332051,39.1,23.3,1,38.1,22.32,0.869283387647729,0.593067840836089,1
en712,12,12-13-14,NA',c,152,>0&<200,0.758120441,2.189332051,40.6,23.8,1,39.6,22.82,0.924371054799042,0.570738937763714,1
en712,12,12-13-14,NA',a,152,>10&<200,0.758120441,2.189332051,11.3,6.4,1,10.3,5.42,0.268827815698411,0.0862771869172836,1
en712,12,12-13-14,NA',b,152,>10&<200,0.758120441,2.189332051,11,6.6,1,10,5.62,0.241283982122754,0.126924526124516,1
en712,12,12-13-14,NA',c,152,>10&<200,0.758120441,2.189332051,11.1,6.2,1,10.1,5.22,0.26882781569841,0.0731736812857084,1
en712,7,15-16-17,NA',a,152,>0&<200,0.758120441,2.189332051,48,27.8,0.981,47.019,26.8085,1.11334929696162,0.643077356658826,1
en712,7,15-16-17,NA',b,152,>0&<200,0.758120441,2.189332051,44.9,27.4,0.981,43.919,26.4085,0.964612595653077,0.765607046704222,1
en712,7,15-16-17,NA',c,152,>0&<200,0.758120441,2.189332051,46.7,27,0.981,45.719,26.0085,1.08580546338597,0.618207167708181,1
en712,7,15-16-17,NA',a,152,>10&<200,0.758120441,2.189332051,7.65,4.52,0.981,6.669,3.5285,0.1730028186887,0.058175779416369,1
en712,7,15-16-17,NA',b,152,>10&<200,0.758120441,2.189332051,8.03,4.81,0.981,7.049,3.8185,0.177960708732319,0.0722179725385352,1
en712,7,15-16-17,NA',c,152,>10&<200,0.758120441,2.189332051,8.09,4.74,0.981,7.109,3.7485,0.185122105461989,0.0604703488378131,1
en712,10,11-12,NA',a,152,>0&<200,0.758120441,2.189332051,30.3,17.6,1.04,29.26,16.56,0.699613372821683,0.385356893472763,1
en712,10,11-12,NA',b,152,>0&<200,0.758120441,2.189332051,24.6,17,1.04,23.56,15.96,0.418666270349984,0.626993479049736,3
en712,10,11-12,NA',c,152,>0&<200,0.758120441,2.189332051,29.3,16.9,1.04,28.26,15.86,0.683087072676289,0.356020923907643,1
en712,10,11-12,NA',a,152,>10&<200,0.758120441,2.189332051,6.26,3.66,1.04,5.22,2.62,0.143227934593415,0.0284279891802228,1
en712,10,11-12,NA',b,152,>10&<200,0.758120441,2.189332051,6.41,3.78,1.04,5.37,2.74,0.144880564607955,0.0346374625446286,1
en712,10,11-12,NA',c,152,>10&<200,0.758120441,2.189332051,7.66,4.51,1.04,6.62,3.47,0.173526151526638,0.0538196711811958,1
en712,10,22-23-24,NA',a,152,>0&<200,0.758120441,2.189332051,35.6,20.3,1.04,34.56,19.26,0.842841307415098,0.419026284905616,1
en712,10,22-23-24,NA',b,152,>0&<200,0.758120441,2.189332051,36.3,21.3,1.04,35.26,20.26,0.826315007269704,0.501070113208887,1
en712,10,22-23-24,NA',c,152,>0&<200,0.758120441,2.189332051,35.3,19.9,1.04,34.26,18.86,0.84835007413023,0.387310506927333,1
en712,10,22-23-24,NA',a,152,>10&<200,0.758120441,2.189332051,6.97,3.91,1.04,5.93,2.87,0.16856826148302,0.0194670443300878,1
en712,10,22-23-24,NA',b,152,>10&<200,0.758120441,2.189332051,6.25,3.6,1.04,5.21,2.56,0.145982317950981,0.0217425541331844,1
en712,10,22-23-24,NA',c,152,>10&<200,0.758120441,2.189332051,6.58,3.76,1.04,5.54,2.72,0.155347221366704,0.0228604552227215,1
en715,1,16-17-18,NA',a,152,>0&<200,0.758120441,2.189332051,63.6,34.5,1.0035,62.5965,33.545,1.60037936224639,0.597406119809601,1
en715,1,16-17-18,NA',b,152,>0&<200,0.758120441,2.189332051,NaN,NaN,1.0035,NaN,NaN,NaN,NaN,9
en715,1,16-17-18,NA',c,152,>0&<200,0.758120441,2.189332051,60.6,33.6,1.0035,59.5965,32.645,1.48469526122863,0.654124445485271,1
en715,1,16-17-18,NA',a,152,>10&<200,0.758120441,2.189332051,21.6,11.2,1.0035,20.5965,10.245,0.570239986516823,0.100987089460628,1
en715,1,16-17-18,NA',b,152,>10&<200,0.758120441,2.189332051,19.8,10.3,1.0035,18.7965,9.345,0.520661086080641,0.0916002145547214,1
en715,1,16-17-18,NA',c,152,>10&<200,0.758120441,2.189332051,19.6,10.5,1.0035,18.5965,9.545,0.498626019220115,0.126738787046822,1
en715,2,20-21-22,NA',a,152,>0&<200,0.758120441,2.189332051,48.3,26,1.03,47.27,25.049,1.22410305176934,0.417045511057325,1
en715,2,20-21-22,NA',b,152,>0&<200,0.758120441,2.189332051,43.2,23.3,1.03,42.17,22.349,1.09189265060619,0.372358586194209,1
en715,2,20-21-22,NA',c,152,>0&<200,0.758120441,2.189332051,40.9,22.3,1.03,39.87,21.349,1.02027868330948,0.37845502533304,1
en715,2,20-21-22,NA',a,152,>10&<200,0.758120441,2.189332051,20.9,11.4,1.03,19.87,10.449,0.518980912232525,0.165611739489133,1
en715,2,20-21-22,NA',b,152,>10&<200,0.758120441,2.189332051,16.5,10.8,1.03,15.47,9.849,0.309647777057534,0.335634357769398,3
en715,2,20-21-22,NA',c,152,>10&<200,0.758120441,2.189332051,16.6,10.1,1.03,15.57,9.149,0.353717910778585,0.245701954337833,1
en715,5,20-23-24,NA',a,152,>0&<200,0.758120441,2.189332051,173,93.1,0.9985,172.0015,92.1365,4.39957653703966,1.63697919607859,1
en715,5,20-23-24,NA',b,152,>0&<200,0.758120441,2.189332051,181,98.8,0.9985,180.0015,97.8365,4.52627817148768,1.88372747213047,1
en715,5,20-23-24,NA',c,152,>0&<200,0.758120441,2.189332051,173,94.4,0.9985,172.0015,93.4365,4.32796256974295,1.79376594998054,1
en715,5,20-23-24,NA',a,152,>10&<200,0.758120441,2.189332051,13.6,7.76,0.9985,12.6015,6.7965,0.319783907813376,0.125505972311637,1
en715,5,20-23-24,NA',b,152,>10&<200,0.758120441,2.189332051,13.8,7.82,0.9985,12.8015,6.8565,0.327496181214559,0.121724750599925,1
en715,5,20-23-24,NA',c,152,>10&<200,0.758120441,2.189332051,14.5,8.3,0.9985,13.5015,7.3365,0.339615467987848,0.141053877342417,1
en715,13,21-22-23,NA',a,152,>0&<200,0.758120441,2.189332051,28.4,16.1,0.9545,27.4455,15.1645,0.676531640285282,0.317008915464846,1
en715,13,21-22-23,NA',b,152,>0&<200,0.758120441,2.189332051,27.9,17.7,0.9545,26.9455,16.7645,0.560847539267524,0.537521061535207,1
en715,13,21-22-23,NA',c,152,>0&<200,0.758120441,2.189332051,29,16.3,0.9545,28.0455,15.3645,0.698566707145808,0.308077354235896,1
en715,13,21-22-23,NA',a,152,>10&<200,0.758120441,2.189332051,14.5,7.78,0.9545,13.5455,6.8445,0.369142457580953,0.0792922638956376,1
en715,13,21-22-23,NA',b,152,>10&<200,0.758120441,2.189332051,12.6,6.94,0.9545,11.6455,6.0045,0.31074953040056,0.0826504674234133,1
en715,13,21-22-23,NA',c,152,>10&<200,0.758120441,2.189332051,13,6.93,0.9545,12.0455,5.9945,0.333335473932599,0.0594093486097958,1
en715,13,7-8-9,NA',a,152,>0&<200,0.758120441,2.189332051,172,108,0.9545,171.0455,107.0645,3.5245640320082,3.49003736145084,1
en715,13,7-8-9,NA',b,152,>0&<200,0.758120441,2.189332051,186,109,0.9545,185.0455,108.0645,4.24070370497527,2.83941521664164,1
en715,13,7-8-9,NA',c,152,>0&<200,0.758120441,2.189332051,195,117,0.9545,194.0455,116.0645,4.29579137212659,3.30846777475334,1
en715,13,7-8-9,NA',a,152,>10&<200,0.758120441,2.189332051,154,82.3,0.9545,153.0455,81.3645,3.94873906907331,1.38206185072828,1
en715,13,7-8-9,NA',b,152,>10&<200,0.758120441,2.189332051,154,84.3,0.9545,153.0455,83.3645,3.83856373477068,1.62327224134666,1
en715,13,7-8-9,NA',c,152,>10&<200,0.758120441,2.189332051,147,79.2,0.9545,146.0455,78.2645,3.73389716718319,1.39379941532899,1
en715,14,7-9-10,NA',a,152,>0&<200,0.758120441,2.189332051,52,40.3,1.045,50.955,39.3475,0.639430096458873,1.9385208427332,3
en715,14,7-9-10,NA',b,152,>0&<200,0.758120441,2.189332051,58.4,37.1,1.045,57.355,36.1475,1.16827170111148,1.20002314797538,1
en715,14,7-9-10,NA',c,152,>0&<200,0.758120441,2.189332051,60.8,38.8,1.045,59.755,37.8475,1.2068330681174,1.27284157883785,1
en715,14,7-9-10,NA',a,152,>10&<200,0.758120441,2.189332051,33.6,19.5,1.045,32.555,18.5475,0.771640497622025,0.443545855886201,1
en715,14,7-9-10,NA',b,152,>10&<200,0.758120441,2.189332051,30.3,19.3,1.045,29.255,18.3475,0.600868729452953,0.601214118423698,3
en715,14,7-9-10,NA',c,152,>10&<200,0.758120441,2.189332051,33.4,19.1,1.045,32.355,18.1475,0.782658031052288,0.406321311192788,1
en715,14,20-21-22-23,NA',a,152,>0&<200,0.758120441,2.189332051,22.9,12.8,1.045,21.855,11.8475,0.551289829016771,0.224929085833679,1
en715,14,20-21-22-23,NA',b,152,>0&<200,0.758120441,2.189332051,24.8,13.8,1.045,23.755,12.8475,0.600868729452953,0.240867713555373,1
en715,14,20-21-22-23,NA',c,152,>0&<200,0.758120441,2.189332051,24.2,13.8,1.045,23.155,12.8475,0.567816129162165,0.273920313846162,1
en715,14,20-21-22-23,NA',a,152,>10&<200,0.758120441,2.189332051,11.4,6.09,1.045,10.355,5.1375,0.287419903361979,0.0491763975491151,1
en715,14,20-21-22-23,NA',b,152,>10&<200,0.758120441,2.189332051,10.9,5.88,1.045,9.855,4.9275,0.271444479888098,0.0513931401098419,1
en715,14,20-21-22-23,NA',c,152,>10&<200,0.758120441,2.189332051,10.6,5.72,1.045,9.555,4.7675,0.263732206486914,0.0486226090057654,1
en715,10,22-23-24,NA',a,152,>0&<200,0.758120441,2.189332051,40.6,23,0.9905,39.6095,21.995,0.970341713036814,0.470716318795694,1
en715,10,22-23-24,NA',b,152,>0&<200,0.758120441,2.189332051,38.9,22.4,0.9905,37.9095,21.395,0.909745279170369,0.492002235767413,1
en715,10,22-23-24,NA',c,152,>0&<200,0.758120441,2.189332051,39.2,22.9,0.9905,38.2095,21.895,0.898727745740106,0.535778533276614,1
en715,10,22-23-24,NA',a,152,>10&<200,0.758120441,2.189332051,13.8,7.51,0.9905,12.8095,6.505,0.347300197555457,0.0788913231115342,1
en715,10,22-23-24,NA',b,152,>10&<200,0.758120441,2.189332051,14.8,7.77,0.9905,13.8095,6.765,0.388065071247429,0.0551610067406102,1
en715,10,22-23-24,NA',c,152,>10&<200,0.758120441,2.189332051,16,8.45,0.9905,15.0095,7.445,0.416710658166112,0.0710673389692835,1
en715,10,12-13-14,NA',a,152,>0&<200,0.758120441,2.189332051,63.2,36.7,0.9905,62.2095,35.695,1.4606219506835,0.87802621691192,1
en715,10,12-13-14,NA',b,152,>0&<200,0.758120441,2.189332051,61.2,36,0.9905,60.2095,34.995,1.3890079833868,0.903777914498113,1
en715,10,12-13-14,NA',c,152,>0&<200,0.758120441,2.189332051,64.1,39.8,0.9905,63.1095,38.795,1.33942908295062,1.20232342193423,1
en715,10,12-13-14,NA',a,152,>10&<200,0.758120441,2.189332051,32,17.2,0.9905,31.0095,16.195,0.816096245013135,0.244960123503685,1
en715,10,12-13-14,NA',b,152,>10&<200,0.758120441,2.189332051,34.5,18.4,0.9905,33.5095,17.395,0.887710212309843,0.251967189996429,1
en715,10,12-13-14,NA',c,152,>10&<200,0.758120441,2.189332051,31.9,17,0.9905,30.9095,15.995,0.821605011728267,0.226347851156979,1
en720,2,17-18-19,NA',a,152,>0&<200,0.806034638,2.056741263,40.5,24,0.953,39.547,23.006,1.02431639654608,0.481188402689941,1
en720,2,17-18-19,NA',b,152,>0&<200,0.806034638,2.056741263,38.8,23.1,0.953,37.847,22.106,0.974775672452202,0.471833433516307,1
en720,2,17-18-19,NA',c,152,>0&<200,0.806034638,2.056741263,38.3,23.4,0.953,37.347,22.406,0.925234948358322,0.541006055366025,1
en720,2,17-18-19,NA',a,152,>10&<200,0.806034638,2.056741263,12.1,6.71,0.953,11.147,5.716,0.336319590692327,0.0377335012155718,1
en720,2,17-18-19,NA',b,152,>10&<200,0.806034638,2.056741263,12.5,6.9,0.953,11.547,5.906,0.34932403076697,0.0371625963862923,1
en720,2,17-18-19,NA',c,152,>10&<200,0.806034638,2.056741263,12.2,6.78,0.953,11.247,5.786,0.338177367845847,0.0404565002050802,1
en720,3,21-22-23,NA',a,152,>0&<200,0.806034638,2.056741263,16.2,9.61,0.89,15.31,8.7,0.409330232825682,0.159994802093617,1
en720,3,21-22-23,NA',b,152,>0&<200,0.806034638,2.056741263,16.1,8.84,0.89,15.21,7.93,0.450820589254306,0.0681159080916757,3
en720,3,21-22-23,NA',c,152,>0&<200,0.806034638,2.056741263,17.3,9.66,0.89,16.41,8.75,0.474352433198899,0.0982445846797065,3
en720,3,21-22-23,NA',a,152,>10&<200,0.806034638,2.056741263,4.64,2.65,0.89,3.75,1.74,0.124471069285873,-0.0106060623020132,3
en720,3,21-22-23,NA',b,152,>10&<200,0.806034638,2.056741263,5.53,3.13,0.89,4.64,2.22,0.149860690383986,-0.00458464699078598,3
en720,3,21-22-23,NA',c,152,>10&<200,0.806034638,2.056741263,5.42,3.14,0.89,4.53,2.23,0.142429581769904,0.00350085821515734,1
en720,3,13-14-15,NA',a,152,>0&<200,0.806034638,2.056741263,128,74.2,0.89,127.11,73.29,3.33285221341576,1.46322040833544,1
en720,3,13-14-15,NA',b,152,>0&<200,0.806034638,2.056741263,123,69.5,0.89,122.11,68.59,3.31427444188056,1.17423178169585,1
en720,3,13-14-15,NA',c,152,>0&<200,0.806034638,2.056741263,145,80.4,0.89,144.11,79.49,4.00165198868314,1.20014652002204,1
en720,3,13-14-15,NA',a,152,>10&<200,0.806034638,2.056741263,19,11,0.89,18.11,10.09,0.496645759041145,0.16364040214687,1
en720,3,13-14-15,NA',b,152,>10&<200,0.806034638,2.056741263,19.3,11.5,0.89,18.41,10.59,0.484260578017675,0.208745412763403,1
en720,3,13-14-15,NA',c,152,>10&<200,0.806034638,2.056741263,19.2,11.1,0.89,18.31,10.19,0.50283834955288,0.163991777553748,1
en720,6,8-7-9,NA',a,152,>0&<200,0.806034638,2.056741263,165,98,0.975,164.025,97.004,4.1503360868699,2.1975726128211,1
en720,6,8-7-9,NA',b,152,>0&<200,0.806034638,2.056741263,162,99.4,0.975,161.025,98.404,3.87786210435356,2.56166211819802,1
en720,6,8-7-9,NA',c,152,>0&<200,0.806034638,2.056741263,157,99.2,0.975,156.025,98.204,3.58061775979028,2.84581853092407,1
en720,6,8-7-9,NA',a,152,>10&<200,0.806034638,2.056741263,10.6,6.51,0.975,9.625,5.514,0.254577395937425,0.106256884814876,1
en720,6,8-7-9,NA',b,152,>10&<200,0.806034638,2.056741263,10.7,6.62,0.975,9.725,5.624,0.253958136886251,0.114074506376523,1
en720,6,8-7-9,NA',c,152,>10&<200,0.806034638,2.056741263,11,7.1,0.975,10.025,6.104,0.242811473965128,0.156632205706987,1
en720,6,21-22-23,NA',a,152,>0&<200,0.806034638,2.056741263,12.7,7.69,0.975,11.725,6.694,0.311549228645387,0.126503849946543,1
en720,6,21-22-23,NA',b,152,>0&<200,0.806034638,2.056741263,12.4,7.74,0.975,11.425,6.744,0.289875161854314,0.151449899696922,1
en720,6,21-22-23,NA',c,152,>0&<200,0.806034638,2.056741263,12.3,7.68,0.975,11.325,6.684,0.28739812564962,0.150000556350448,1
en720,6,21-22-23,NA',a,152,>10&<200,0.806034638,2.056741263,2.17,1.81,0.975,1.195,0.814,0.0235937698497102,0.0296741127277966,3
en720,6,21-22-23,NA',b,152,>10&<200,0.806034638,2.056741263,2.3,1.77,0.975,1.325,0.774,0.0341211737196597,0.0165291224904021,1
en720,6,21-22-23,NA',c,152,>10&<200,0.806034638,2.056741263,2.24,1.75,0.975,1.265,0.754,0.0316441375149657,0.0176973655113735,1
en720,14,10-11-12,NA',a,152,>0&<200,0.806034638,2.056741263,112,67.3,0.918,111.082,66.389,2.76765447740971,1.57681905629803,1
en720,14,10-11-12,NA',b,152,>0&<200,0.806034638,2.056741263,106,63.2,0.918,105.082,62.289,2.64999525768675,1.42617567335788,1
en720,14,10-11-12,NA',c,152,>0&<200,0.806034638,2.056741263,110,65.4,0.918,109.082,64.489,2.76146188689798,1.45867629435613,1
en720,14,10-11-12,NA',a,152,>10&<200,0.806034638,2.056741263,2.56,1.75,0.918,1.642,0.839,0.0497265018092319,0.00517737224792817,1
en720,14,10-11-12,NA',b,152,>10&<200,0.806034638,2.056741263,2.39,1.76,0.918,1.472,0.849,0.0385798388881089,0.0169784317609124,1
en720,14,10-11-12,NA',c,152,>10&<200,0.806034638,2.056741263,2.44,1.78,0.918,1.522,0.869,0.0404376160416294,0.0164294477911144,1
en720,14,21-22-23,NA',a,152,>0&<200,0.806034638,2.056741263,12.8,8.3,0.918,11.882,7.389,0.278233091692253,0.205300550034035,1
en720,14,21-22-23,NA',b,152,>0&<200,0.806034638,2.056741263,11.9,7.55,0.918,10.982,6.639,0.26894420592465,0.165509691412043,1
en720,14,21-22-23,NA',c,152,>0&<200,0.806034638,2.056741263,14.1,9.74,0.918,13.182,8.829,0.269563464975824,0.308203285978486,3
en720,14,21-22-23,NA',a,152,>10&<200,0.806034638,2.056741263,2.87,1.86,0.918,1.952,0.949,0.0621116828327018,-9.44626506788564e-06,3
en720,14,21-22-23,NA',b,152,>10&<200,0.806034638,2.056741263,2.9,2.04,0.918,1.982,1.129,0.0528227970650993,0.0210585781560373,1
en720,14,21-22-23,NA',c,152,>10&<200,0.806034638,2.056741263,2.91,1.99,0.918,1.992,1.079,0.0565383513721403,0.01407104088969,1
en720,15,13-14-15,NA',a,152,>0&<200,0.806034638,2.056741263,83.1,49.7,0.9335,82.1665,48.79,2.06686997214922,1.12593099954188,1
en720,15,13-14-15,NA',b,152,>0&<200,0.806034638,2.056741263,83.6,49.6,0.9335,82.6665,48.69,2.10402551521963,1.08223149055286,1
en720,15,13-14-15,NA',c,152,>0&<200,0.806034638,2.056741263,86.7,51.5,0.9335,85.7665,50.59,2.17833660136045,1.13225575686568,1
en720,15,13-14-15,NA',a,152,>10&<200,0.806034638,2.056741263,4.44,2.76,0.9335,3.5065,1.85,0.10258026182689,0.0184831076674438,1
en720,15,13-14-15,NA',b,152,>10&<200,0.806034638,2.056741263,4.02,2.5,0.9335,3.0865,1.59,0.0926721170081139,0.011376941097827,1
en720,15,13-14-15,NA',c,152,>10&<200,0.806034638,2.056741263,3.91,2.43,0.9335,2.9765,1.52,0.0901950808034199,0.00927320115949212,1
en720,15,21-22-23,NA',a,152,>0&<200,0.806034638,2.056741263,13.3,8.34,0.9335,12.3665,7.43,0.305697230611797,0.180519437141122,1
en720,15,21-22-23,NA',b,152,>0&<200,0.806034638,2.056741263,13.4,8.52,0.9335,12.4665,7.61,0.300743158202409,0.197252648204012,1
en720,15,21-22-23,NA',c,152,>0&<200,0.806034638,2.056741263,13.9,8.69,0.9335,12.9665,7.78,0.321178706891135,0.187941841576928,1
en720,15,21-22-23,NA',a,152,>10&<200,0.806034638,2.056741263,2.4,1.64,0.9335,1.4665,0.73,0.0456084291189281,0.00216252208694413,1
en720,15,21-22-23,NA',b,152,>10&<200,0.806034638,2.056741263,2.31,1.57,0.9335,1.3765,0.66,0.0443699110165811,-0.00117973595373771,3
en720,15,21-22-23,NA',c,152,>10&<200,0.806034638,2.056741263,2.32,1.64,0.9335,1.3865,0.73,0.0406543567095401,0.00711659449633211,1
en720,11,21-22-23,NA',a,152,>0&<200,0.806034638,2.056741263,8.28,5.35,0.9515,7.3285,4.3275,0.185839641257167,0.0973504838707952,1
en720,11,21-22-23,NA',b,152,>0&<200,0.806034638,2.056741263,8.06,5.29,0.9515,7.1085,4.2675,0.175931496438391,0.103332249138404,1
en720,11,21-22-23,NA',c,152,>0&<200,0.806034638,2.056741263,8.49,5.33,0.9515,7.5385,4.3075,0.200082599434157,0.0817987325100822,1
en720,11,21-22-23,NA',a,152,>10&<200,0.806034638,2.056741263,1.63,1.29,0.9515,0.6785,0.2675,0.0254515470032307,-0.00794643817094193,3
en720,11,21-22-23,NA',b,152,>10&<200,0.806034638,2.056741263,1.8,1.48,0.9515,0.8485,0.4575,0.0242130289008838,0.00572561517676905,1
en720,11,21-22-23,NA',c,152,>10&<200,0.806034638,2.056741263,2.87,2.08,0.9515,1.9185,1.0575,0.0533182043060381,0.0158842352832905,1
en720,11,11-12,NA',a,152,>0&<200,0.806034638,2.056741263,42.4,28.5,0.9515,41.4485,27.4775,0.865166820394493,0.932951414892294,1
en720,11,11-12,NA',b,152,>0&<200,0.806034638,2.056741263,43.1,27.9,0.9515,42.1485,26.8775,0.945670497047048,0.813183942728063,1
en720,11,11-12,NA',c,152,>0&<200,0.806034638,2.056741263,42.6,28.3,0.9515,41.6485,27.2775,0.889937182441433,0.895093121008129,1
en720,11,11-12,NA',a,152,>10&<200,0.806034638,2.056741263,4.91,3.23,0.9515,3.9585,2.2075,0.108432259860479,0.0360257877928945,1
en720,11,11-12,NA',b,152,>10&<200,0.806034638,2.056741263,5.34,3.66,0.9515,4.3885,2.6375,0.108432259860479,0.0641648412429289,1
en720,11,11-12,NA',c,152,>10&<200,0.806034638,2.056741263,4.87,3.21,0.9515,3.9185,2.1875,0.107193741758132,0.035955512711519,1
ae2426,1,16-17-18,NA',a,152,>0&<200,0.806034638,2.056741263,161,90.6,0.9145,160.0855,89.7265,4.35704475815161,1.51462682181235,1
ae2426,1,16-17-18,NA',b,152,>0&<200,0.806034638,2.056741263,160,89.9,0.9145,159.0855,89.0265,4.33846698661641,1.48739683191727,1
ae2426,1,16-17-18,NA',c,152,>0&<200,0.806034638,2.056741263,168,96.2,0.9145,167.0855,95.3265,4.4437410253159,1.79439264609037,1
ae2426,1,16-17-18,NA',a,152,>0&<200,0.806034638,2.056741263,157,87.1,0.9145,156.0855,86.2265,4.32608180559294,1.31655096721959,1
ae2426,1,16-17-18,NA',b,152,>0&<200,0.806034638,2.056741263,149,85.9,0.9145,148.0855,85.0265,3.90498565079496,1.65911953099422,1
ae2426,1,16-17-18,NA',c,152,>0&<200,0.806034638,2.056741263,158,89.1,0.9145,157.0855,88.2265,4.26415590047559,1.50935619070919,1
ae2426,1,16-17-18,NA',a,152,>10&<200,0.806034638,2.056741263,119,60,0.9145,118.0855,59.1265,3.65108943981382,0.218128569054676,1
ae2426,1,16-17-18,NA',b,152,>10&<200,0.806034638,2.056741263,103,52.1,0.9145,102.0855,51.2265,3.14948960836329,0.202755092934811,1
ae2426,1,16-17-18,NA',c,152,>10&<200,0.806034638,2.056741263,107,54.4,0.9145,106.0855,53.5265,3.25476364706279,0.247992270363407,1
ae2426,1,16-17-18,NA',a,152,>10&<200,0.806034638,2.056741263,119,59.3,0.9145,118.0855,58.4265,3.69443757339597,0.128972674042242,1
ae2426,1,16-17-18,NA',b,152,>10&<200,0.806034638,2.056741263,99.2,51.6,0.9145,98.2855,50.7265,2.94513412147604,0.374390750229002,1
ae2426,1,16-17-18,NA',c,152,>10&<200,0.806034638,2.056741263,109,55.7,0.9145,108.0855,54.8265,3.29811178064493,0.289715693723227,1
ae2426,4,19-20-21,NA',a,152,>0&<200,0.806034638,2.056741263,146,77.2,1.025,144.975,76.22,4.25771560634338,0.730095216823168,1
ae2426,4,19-20-21,NA',b,152,>0&<200,0.806034638,2.056741263,113,59.3,1.025,111.975,58.32,3.3226344390714,0.493806484663488,1
ae2426,4,19-20-21,NA',c,152,>0&<200,0.806034638,2.056741263,112,60.4,1.025,110.975,59.42,3.19259003832497,0.695834510514662,1
ae2426,4,19-20-21,NA',a,152,>10&<200,0.806034638,2.056741263,76.1,40,1.025,75.075,39.02,2.23273850900604,0.320716992436606,1
ae2426,4,19-20-21,NA',b,152,>10&<200,0.806034638,2.056741263,82.3,42.6,1.025,81.275,41.62,2.4556717674285,0.267926847898075,1
ae2426,4,19-20-21,NA',c,152,>10&<200,0.806034638,2.056741263,76.1,39,1.025,75.075,38.02,2.29466441412339,0.19335142813313,1
ae2426,18,22-23-24,NA',a,152,>0&<200,0.806034638,2.056741263,62,47.3,1.03,60.97,46.25,0.911549323327388,2.11503491403096,1
ae2426,18,22-23-24,NA',b,152,>0&<200,0.806034638,2.056741263,76.8,36.9,1.03,75.77,35.85,2.4720821322846,-0.126070350461972,3
ae2426,18,22-23-24,NA',c,152,>0&<200,0.806034638,2.056741263,61.4,38.1,1.03,60.37,37.05,1.4441121073366,0.980427265509386,1
ae2426,18,22-23-24,NA',a,152,>10&<200,0.806034638,2.056741263,22,11.7,1.03,20.97,10.65,0.63907534081105,0.057857029521196,1
ae2426,18,22-23-24,NA',b,152,>10&<200,0.806034638,2.056741263,20.8,11.4,1.03,19.77,10.35,0.583342026205435,0.0939584463709731,1
ae2426,18,22-23-24,NA',c,152,>10&<200,0.806034638,2.056741263,18,9.72,1.03,16.97,8.67,0.513985012474003,0.0533768326697126,1
ae2426,17,21-22-23,NA',a,152,>0&<200,0.806034638,2.056741263,61.4,38.6,1.01,60.39,37.585,1.41222026620116,1.0473293243094,1
ae2426,17,21-22-23,NA',b,152,>0&<200,0.806034638,2.056741263,69.6,39.4,1.01,68.59,38.385,1.87047196406955,0.641429353789911,1
ae2426,17,21-22-23,NA',c,152,>0&<200,0.806034638,2.056741263,56.3,41.8,1.01,55.29,40.785,0.898235253727158,1.77072124617901,1
ae2426,17,21-22-23,NA',a,152,>10&<200,0.806034638,2.056741263,15.3,7.53,1.01,14.29,6.515,0.481473912287395,-0.0551345326897812,3
ae2426,17,21-22-23,NA',b,152,>10&<200,0.806034638,2.056741263,14.4,8.64,1.01,13.39,7.625,0.357002843001521,0.141974558292692,1
ae2426,17,21-22-23,NA',c,152,>10&<200,0.806034638,2.056741263,14.4,8.37,1.01,13.39,7.355,0.373722837383206,0.107585855930753,1
ae2426,16,16-17,NA',a,152,>0&<200,0.806034638,2.056741263,71.3,45.1,1.125,70.175,43.99,1.6215298254978,1.2571607820999,1
ae2426,16,16-17,NA',b,152,>0&<200,0.806034638,2.056741263,74.3,47.2,1.125,73.175,46.09,1.67726314010342,1.33885075178515,1
ae2426,16,16-17,NA',c,152,>0&<200,0.806034638,2.056741263,70.5,43,1.125,69.375,41.89,1.70203350215036,1.03923382115648,1
ae2426,16,16-17,NA',a,152,>10&<200,0.806034638,2.056741263,14.2,10.9,1.125,13.075,9.79,0.203426598310494,0.437227665121683,1
ae2426,16,16-17,NA',b,152,>10&<200,0.806034638,2.056741263,15.1,8.97,1.125,13.975,7.86,0.378676909792594,0.135678811410359,1
ae2426,16,16-17,NA',c,152,>10&<200,0.806034638,2.056741263,15.1,8.91,1.125,13.975,7.8,0.382392464099635,0.128036877552151,1
ae2426,16,22-23-24,NA',a,152,>0&<200,0.806034638,2.056741263,82.5,50.8,1.125,81.375,49.69,1.96212230364323,1.28957436131539,1
ae2426,16,22-23-24,NA',b,152,>0&<200,0.806034638,2.056741263,76.1,54.3,1.125,74.975,53.19,1.34905584298146,2.1316796291286,1
ae2426,16,22-23-24,NA',c,152,>0&<200,0.806034638,2.056741263,75.8,32.5,1.125,74.675,31.39,2.68046280300448,-0.626311901151977,3
ae2426,16,22-23-24,NA',a,152,>10&<200,0.806034638,2.056741263,16,12.3,1.125,14.875,11.19,0.228196960357434,0.50407282593532,1
ae2426,16,22-23-24,NA',b,152,>10&<200,0.806034638,2.056741263,17,11.8,1.125,15.875,10.69,0.321085818033458,0.378464138666232,1
ae2426,16,22-23-24,NA',c,152,>10&<200,0.806034638,2.056741263,15.2,10.7,1.125,14.075,9.59,0.277737684451314,0.349828647143638,1
ae2426,10,11-12,NA',a,152,>0&<200,0.806034638,2.056741263,19.4,15,1.17,18.23,14.0175,0.260862875306836,0.656437547334691,1
ae2426,10,11-12,NA',b,152,>0&<200,0.806034638,2.056741263,18.8,13.1,1.17,17.63,12.1175,0.341366551959391,0.451598518228495,1
ae2426,10,11-12,NA',c,152,>0&<200,0.806034638,2.056741263,19.1,13.2,1.17,17.93,12.2175,0.353751732982861,0.445757303123638,1
ae2426,10,11-12,NA',a,152,>10&<200,0.806034638,2.056741263,3.48,2.44,1.17,2.31,1.4575,0.0527918341125407,0.0425864691512385,1
ae2426,10,11-12,NA',b,152,>10&<200,0.806034638,2.056741263,3.56,2.53,1.17,2.39,1.5475,0.0521725750613672,0.0490952975291633,1
ae2426,10,11-12,NA',c,152,>10&<200,0.806034638,2.056741263,4.2,2.9,1.17,3.03,1.9175,0.0688925694430516,0.0565879770463457,1
ae2426,10,21-22-23,NA',a,152,>0&<200,0.806034638,2.056741263,20.1,12.4,1.17,18.93,11.4175,0.46521836219409,0.281938946563508,1
ae2426,10,21-22-23,NA',b,152,>0&<200,0.806034638,2.056741263,21.2,13,1.17,20.03,12.0175,0.496181314752765,0.290239789516509,1
ae2426,10,21-22-23,NA',c,152,>0&<200,0.806034638,2.056741263,21.2,12.7,1.17,20.03,11.7175,0.51475908628797,0.252030120225466,1
ae2426,10,21-22-23,NA',a,152,>10&<200,0.806034638,2.056741263,4.78,3.21,1.17,3.61,2.2275,0.0856125638247361,0.0601542770123604,1
ae2426,10,21-22-23,NA',b,152,>10&<200,0.806034638,2.056741263,3.89,2.74,1.17,2.72,1.7575,0.0596036836754491,0.055406517344168,1
ae2426,10,21-22-23,NA',c,152,>10&<200,0.806034638,2.056741263,4.08,3.01,1.17,2.91,2.0275,0.0546496112660612,0.07802929773381,1
en727,1,19-20-21,NA',a,152,>0&<200,0.726,1.942,112,63.2,1.09,110.91,62.175,2.87927785031847,0.580986693102582,1
en727,1,19-20-21,NA',b,152,>0&<200,0.726,1.942,105,59.6,1.09,103.91,58.575,2.67840487009722,0.581506599639625,1
en727,1,19-20-21,NA',c,152,>0&<200,0.726,1.942,108,60.9,1.09,106.91,59.875,2.77884136020784,0.553419830581629,1
en727,1,19-20-21,NA',d,152,>0&<200,0.726,1.942,109,60.7,1.09,107.91,59.675,2.84973770616829,0.471392758305398,1
en727,1,19-20-21,NA',e,152,>0&<200,0.726,1.942,111,61.5,1.09,109.91,60.475,2.92063405212873,0.445019317608113,1
en727,1,19-20-21,NA',f,152,>0&<200,0.726,1.942,114,61.4,1.09,112.91,60.375,3.10378294585987,0.256305060719075,3
en727,1,19-20-21,NA',a,152,>10&<200,0.726,1.942,77.7,39.3,1.09,76.61,38.275,2.26484285199464,-0.134700103310426,3
en727,1,19-20-21,NA',b,152,>10&<200,0.726,1.942,79.1,40.4,1.09,78.01,39.375,2.28256693848475,-0.0912051950636936,3
en727,1,19-20-21,NA',c,152,>10&<200,0.726,1.942,73.9,37.7,1.09,72.81,36.675,2.13486621773382,-0.0937692795759299,3
en727,1,19-20-21,NA',d,152,>10&<200,0.726,1.942,73,37.3,1.09,71.91,36.275,2.10532607358364,-0.0864905880573247,3
en727,1,19-20-21,NA',e,152,>10&<200,0.726,1.942,71.6,36.2,1.09,70.51,35.175,2.08760198709353,-0.129985496304055,3
en727,1,19-20-21,NA',f,152,>10&<200,0.726,1.942,68.3,35.1,1.09,67.21,34.075,1.95762535283272,-0.0612278567800862,3
en727,2,19-20-21,NA',a,152,>0&<200,0.726,1.942,17.8,9.29,1.1,16.7,8.245,0.499523837579618,-0.0406596452111969,3
en727,2,19-20-21,NA',b,152,>0&<200,0.726,1.942,17.5,9.35,1.1,16.4,8.305,0.478254933791485,-0.0160515235283272,3
en727,2,19-20-21,NA',c,152,>0&<200,0.726,1.942,17.8,9.62,1.1,16.7,8.575,0.480027342440496,-0.00279745165102255,3
en727,2,19-20-21,NA',a,152,>10&<200,0.726,1.942,17.3,9.08,1.1,16.2,8.035,0.482390553972511,-0.0352136242356687,3
en727,2,19-20-21,NA',b,152,>10&<200,0.726,1.942,16.1,8.68,1.1,15,7.635,0.435126323332216,-0.0102108462269529,3
en727,2,19-20-21,NA',c,152,>10&<200,0.726,1.942,15.7,8.35,1.1,14.6,7.305,0.43099070315119,-0.0244409244669796,3
en727,5,21-22-23,NA',a,152,>0&<200,0.726,1.942,67.2,36.8,1.09,66.11,35.75,1.7936775527992,0.195939776148173,1
en727,5,21-22-23,NA',b,152,>0&<200,0.726,1.942,71,39.7,1.09,69.91,38.65,1.84684981226953,0.304163048256789,1
en727,5,21-22-23,NA',c,152,>0&<200,0.726,1.942,73.4,38.1,1.09,72.31,37.05,2.083170965471,-0.0212039154710018,3
en727,5,21-22-23,NA',a,152,>10&<200,0.726,1.942,41.9,24.6,1.09,40.81,23.55,1.01972577606436,0.290917247619846,1
en727,5,21-22-23,NA',b,152,>10&<200,0.726,1.942,51.8,29.4,1.09,50.71,28.35,1.32103524639625,0.256745208866912,1
en727,5,21-22-23,NA',c,152,>10&<200,0.726,1.942,46.4,23.5,1.09,45.31,22.45,1.35057539054643,-0.101151361599061,3
en727,18,12-13-14,NA',a,152,>0&<200,0.726,1.942,49,32.3,0.74,48.26,31.055,1.01647636020784,0.711847168476366,1
en727,18,12-13-14,NA',b,152,>0&<200,0.726,1.942,43.7,27.7,0.74,42.96,26.455,0.975120158397586,0.497196665023466,1
en727,18,12-13-14,NA',c,152,>0&<200,0.726,1.942,43.2,27.7,0.74,42.46,26.455,0.945580014247402,0.52673680917365,1
en727,18,12-13-14,NA',a,152,>10&<200,0.726,1.942,21.2,12.1,0.74,20.46,10.855,0.567466169125042,0.0366540016644318,1
en727,18,12-13-14,NA',b,152,>10&<200,0.726,1.942,25.7,16,0.74,24.96,14.755,0.602914342105263,0.218254991842105,1
en727,18,12-13-14,NA',c,152,>10&<200,0.726,1.942,25.5,14.4,0.74,24.76,13.155,0.685626745725779,0.0464967776952731,1
en727,18,22-23-24,NA',a,152,>0&<200,0.726,1.942,41.9,26.7,0.74,41.16,25.455,0.927855927757291,0.488807264084814,1
en727,18,22-23-24,NA',b,152,>0&<200,0.726,1.942,44.8,28.3,0.74,44.06,27.055,1.00466030254777,0.501048699820651,1
en727,18,22-23-24,NA',c,152,>0&<200,0.726,1.942,46.1,28.4,0.74,45.36,27.155,1.07555664850821,0.435717717018102,1
en727,18,22-23-24,NA',a,152,>10&<200,0.726,1.942,25.6,16.2,0.74,24.86,14.955,0.585190255615153,0.247109804648005,1
en727,18,22-23-24,NA',b,152,>10&<200,0.726,1.942,26.6,16.9,0.74,25.86,15.655,0.602914342105264,0.268343260263157,1
en727,18,22-23-24,NA',c,152,>10&<200,0.726,1.942,21.6,13,0.74,20.86,11.755,0.537926024974858,0.116282414235669,1
en727,10,13-14-15,NA',a,152,>0&<200,0.726,1.942,6.14,6.91,1.1,5.04,5.78,-0.0437194133422729,0.365397403868589,4
en727,10,13-14-15,NA',b,152,>0&<200,0.726,1.942,41,24.8,1.1,39.9,23.67,0.958873079114985,0.358448380358699,1
en727,10,13-14-15,NA',c,152,>0&<200,0.726,1.942,46.5,27,1.1,45.4,25.87,1.1538380305062,0.285921418441167,1
en727,10,13-14-15,NA',a,152,>10&<200,0.726,1.942,11.4,6.09,1.1,10.3,4.96,0.315488739523969,-0.0394467268923903,3
en727,10,13-14-15,NA',b,152,>10&<200,0.726,1.942,12.7,4.15,1.1,11.6,3.02,0.506908873617164,-0.338834906248743,4
en727,10,13-14-15,NA',c,152,>10&<200,0.726,1.942,12.4,6.6,1.1,11.3,5.47,0.34443808079115,-0.0400127160543079,3
en727,10,21-22-24,NA',a,152,>0&<200,0.726,1.942,38.8,24.3,1.1,37.7,23.17,0.858436589004358,0.431058054679853,1
en727,10,21-22-24,NA',b,152,>0&<200,0.726,1.942,37.1,22.5,1.1,36,21.37,0.864344617834395,0.32497348900771,1
en727,10,21-22-24,NA',c,152,>0&<200,0.726,1.942,37.4,23,1.1,36.3,21.87,0.852528560174321,0.364616362457258,1
en727,10,21-22-24,NA',a,152,>10&<200,0.726,1.942,9.73,5.61,1.1,8.63,4.48,0.24518319644653,0.00414507302715385,1
en727,10,21-22-24,NA',b,152,>10&<200,0.726,1.942,11,6,1.1,9.9,4.87,0.297173850150855,-0.0261406643613812,3
en727,10,21-22-24,NA',c,152,>10&<200,0.726,1.942,9.56,5.54,1.1,8.46,4.41,0.239275167616493,0.00615734764666442,1
en727,6,9-12-13,NA',a,152,>0&<200,0.726,1.942,60.3,39.9,1.1,59.2,38.8835,1.20030467725444,0.963703306245558,1
en727,6,9-12-13,NA',b,152,>0&<200,0.726,1.942,59.5,36.2,1.1,58.4,35.1835,1.37163751332551,0.586452033332384,1
en727,6,9-12-13,NA',c,152,>0&<200,0.726,1.942,60.8,34.9,1.1,59.7,33.8835,1.52524626290647,0.360493562698793,1
en727,6,9-12-13,NA',a,152,>10&<200,0.726,1.942,15,8.3,1.1,13.9,7.2835,0.39090472753939,0.0144484980658733,1
en727,6,9-12-13,NA',b,152,>10&<200,0.726,1.942,13.9,7.78,1.1,12.8,6.7635,0.356638160325176,0.0197751768590345,1
en727,6,9-12-13,NA',c,152,>10&<200,0.726,1.942,11.7,6.87,1.1,10.6,5.8535,0.2804245884177,0.0453439440296681,1
en727,6,22-23-24,NA',a,152,>0&<200,0.726,1.942,38.7,24.4,1.1,37.6,23.3835,0.839914918622193,0.461461775404123,1
en727,6,22-23-24,NA',b,152,>0&<200,0.726,1.942,54.9,35.2,1.1,53.8,34.1835,1.15894847544418,0.743487439634764,1
en727,6,22-23-24,NA',c,152,>0&<200,0.726,1.942,44.9,25.7,1.1,43.8,24.6835,1.129408331294,0.244318083784948,1
en727,6,22-23-24,NA',a,152,>10&<200,0.726,1.942,27.7,15.9,1.1,26.6,14.8835,0.69221419787127,0.136106627733993,1
en727,6,22-23-24,NA',b,152,>10&<200,0.726,1.942,27.3,15.7,1.1,26.2,14.6835,0.680398140211197,0.136791959078277,1
en727,6,22-23-24,NA',c,152,>10&<200,0.726,1.942,26.9,16.4,1.1,25.8,15.3835,0.615409823080791,0.240737818313946,1
ar92,1,17-18-19-20,NA',a,152,>0&<200,0.725,1.931,28.9,17.7,1.125,27.775,16.605,0.663027336904291,0.254601013424657,1
ar92,1,17-18-19-20,NA',b,152,>0&<200,0.725,1.931,27.2,17.5,1.125,26.075,16.405,0.573990541438182,0.332585374680239,1
ar92,1,17-18-19-20,NA',c,152,>0&<200,0.725,1.931,19,15.2,1.125,17.875,14.105,0.223779145938154,0.555693776759215,3
ar92,1,17-18-19-20,NA',d,152,>0&<200,0.725,1.931,25.3,17.2,1.125,24.175,16.105,0.479017959607666,0.410979305194966,1
ar92,1,17-18-19-20,NA',e,152,>0&<200,0.725,1.931,27.1,15.3,1.125,25.975,14.205,0.698642055090734,0.0863570847118971,1
ar92,1,17-18-19-20,NA',f,152,>0&<200,0.725,1.931,27,16.6,1.125,25.875,15.505,0.615541045989033,0.24129891618202,1
ar92,1,17-18-19-20,NA',a,152,>10&<200,0.725,1.931,4.01,2.7,1.125,2.885,1.605,0.0759780654644129,0.0127177190750608,1
ar92,1,17-18-19-20,NA',b,152,>10&<200,0.725,1.931,4.16,2.75,1.125,3.035,1.655,0.0819138518288202,0.00954504126328508,1
ar92,1,17-18-19-20,NA',c,152,>10&<200,0.725,1.931,3.9,2.66,1.125,2.775,1.565,0.0718230150093278,0.0146622826880406,1
ar92,1,17-18-19-20,NA',d,152,>10&<200,0.725,1.931,4.08,2.62,1.125,2.955,1.525,0.0848817450110238,-0.000606934155760625,3
ar92,1,17-18-19-20,NA',e,152,>10&<200,0.725,1.931,4.03,2.69,1.125,2.905,1.595,0.0777588013737351,0.0103843614552123,1
ar92,1,17-18-19-20,NA',f,152,>10&<200,0.725,1.931,3.99,2.79,1.125,2.865,1.695,0.0694487004635649,0.0242206794706456,1
ar92,2,12-13-14,NA',a,152,>0&<200,0.725,1.931,38.9,26.4,1.105,37.795,25.325,0.740192559641585,0.659321922266309,1
ar92,2,12-13-14,NA',b,152,>0&<200,0.725,1.931,38.9,29.1,1.105,37.795,28.025,0.579926327802589,0.968796015947411,1
ar92,2,12-13-14,NA',c,152,>0&<200,0.725,1.931,46.2,28.6,1.105,45.095,27.525,1.04291766422636,0.478173593997329,1
ar92,2,12-13-14,NA',a,152,>10&<200,0.725,1.931,9.42,5.56,1.105,8.315,4.485,0.227340617756798,0.0205102194142546,1
ar92,2,12-13-14,NA',b,152,>10&<200,0.725,1.931,10,5.67,1.105,8.895,4.595,0.255238813669512,-0.00130913768267002,3
ar92,2,12-13-14,NA',c,152,>10&<200,0.725,1.931,10,5.75,1.105,8.895,4.675,0.250490184577986,0.00786046509306629,1
ar92,2,20-21-22,NA',a,152,>0&<200,0.725,1.931,26.8,16.7,1.105,25.695,15.625,0.597733686895811,0.265737735801557,1
ar92,2,20-21-22,NA',b,152,>0&<200,0.725,1.931,24.5,16,1.105,23.395,14.925,0.502761105065295,0.322026797895232,1
ar92,2,20-21-22,NA',c,152,>0&<200,0.725,1.931,23.3,16.2,1.105,22.195,15.125,0.419660095963593,0.416180241207459,1
ar92,2,20-21-22,NA',a,152,>10&<200,0.725,1.931,3.39,2.16,1.105,2.285,1.085,0.0712294363728871,-0.0112699807807818,3
ar92,2,20-21-22,NA',b,152,>10&<200,0.725,1.931,3.06,2.13,1.105,1.955,1.055,0.0534220772796653,0.00487951318086097,1
ar92,2,20-21-22,NA',c,152,>10&<200,0.725,1.931,3.48,2.6,1.105,2.375,1.525,0.0504541840974617,0.0338206267578015,1
ar92,6,10-11,NA',a,152,>0&<200,0.725,1.931,238,135,1.01,236.99,133.998,6.11338509243032,1.2916353042802,1
ar92,6,10-11,NA',b,152,>0&<200,0.725,1.931,239,132,1.01,237.99,130.998,6.35081654700661,0.888417336546016,1
ar92,6,10-11,NA',c,152,>0&<200,0.725,1.931,246,139,1.01,244.99,137.998,6.35081654700661,1.27525253391444,1
ar92,6,10-11,NA',a,152,>10&<200,0.725,1.931,85.3,44.4,1.01,84.29,43.398,2.42726176013342,-0.0289940607913109,3
ar92,6,10-11,NA',b,152,>10&<200,0.725,1.931,84.7,44.5,1.01,83.69,43.498,2.38571125558257,0.0180826608648028,1
ar92,6,10-11,NA',c,152,>10&<200,0.725,1.931,86.1,44.5,1.01,85.09,43.498,2.46881226468427,-0.0650183482368983,3
ar92,6,22-23-24,NA',a,152,>0&<200,0.725,1.931,13.8,7.9,1.01,12.79,6.898,0.349736532590876,0.031461923330177,1
ar92,6,22-23-24,NA',b,152,>0&<200,0.725,1.931,11.8,7.21,1.01,10.79,6.208,0.271977731217141,0.0710898266775962,1
ar92,6,22-23-24,NA',c,152,>0&<200,0.725,1.931,12.2,7.84,1.01,11.19,6.838,0.258325422579004,0.119557303078891,1
ar92,6,22-23-24,NA',a,152,>10&<200,0.725,1.931,2.92,1.96,1.01,1.91,0.958,0.0565086861891571,-0.00356752632073604,3
ar92,6,22-23-24,NA',b,152,>10&<200,0.725,1.931,2.72,1.87,1.01,1.71,0.868,0.0499793211883091,-0.00201175671462491,3
ar92,6,22-23-24,NA',c,152,>10&<200,0.725,1.931,2.77,1.84,1.01,1.76,0.838,0.0547279502798349,-0.00841825093772965,3
ar92,12,7-10-11,NA',a,152,>0&<200,0.725,1.931,92.5,53.6,1.1,91.4,52.445,2.31228557825485,0.585938982600416,1
ar92,12,7-10-11,NA',b,152,>0&<200,0.725,1.931,91.5,54.1,1.1,90.4,52.945,2.22324878278874,0.70260686359284,1
ar92,12,7-10-11,NA',c,152,>0&<200,0.725,1.931,90.8,54.4,1.1,89.7,53.245,2.16389091914467,0.778543378552702,1
ar92,12,7-10-11,NA',a,152,>10&<200,0.725,1.931,40.6,22.4,1.1,39.5,21.245,1.08357780082255,0.0904670231906125,1
ar92,12,7-10-11,NA',b,152,>10&<200,0.725,1.931,40.9,22.6,1.1,39.8,21.445,1.08951358718695,0.0955836710367323,1
ar92,12,7-10-11,NA',c,152,>10&<200,0.725,1.931,41.4,22,1.1,40.3,20.845,1.15480723719543,-0.00286728160332688,3
ar92,12,21-22-23,NA',a,152,>0&<200,0.725,1.931,13.1,8.94,1.1,12,7.785,0.250193395259766,0.180022606384971,1
ar92,12,21-22-23,NA',b,152,>0&<200,0.725,1.931,11,7.44,1.1,9.9,6.285,0.214578677073322,0.132744067992467,1
ar92,12,21-22-23,NA',c,152,>0&<200,0.725,1.931,12,8.05,1.1,10.9,6.895,0.237728243894511,0.143304425513384,1
ar92,12,21-22-23,NA',a,152,>10&<200,0.725,1.931,3.83,2.58,1.1,2.73,1.425,0.0774620120555147,0.00128658169448528,1
ar92,12,21-22-23,NA',b,152,>10&<200,0.725,1.931,2.73,2.02,1.1,1.63,0.865,0.0454087656877155,0.00239301227281079,1
ar92,12,21-22-23,NA',c,152,>10&<200,0.725,1.931,3.27,2.32,1.1,2.17,1.165,0.0596546529622929,0.00472577631402281,1
ar92,17,11-12,NA',a,152,>0&<200,0.725,1.931,53.5,36.9,1.125,52.375,35.765,0.985934115128046,0.990517432569323,1
ar92,17,11-12,NA',b,152,>0&<200,0.725,1.931,51.9,33.7,1.125,50.775,32.565,1.08090669695856,0.718705903370386,1
ar92,17,11-12,NA',c,152,>0&<200,0.725,1.931,51,32.5,1.125,49.875,31.365,1.09871405605178,0.634583939014006,1
ar92,17,11-12,NA',a,152,>10&<200,0.725,1.931,21.7,15.2,1.125,20.575,14.065,0.386419692322912,0.390842743532351,1
ar92,17,11-12,NA',b,152,>10&<200,0.725,1.931,22.5,13,1.125,21.375,11.865,0.56449328325513,0.0911923762843435,1
ar92,17,11-12,NA',c,152,>10&<200,0.725,1.931,20.5,13.5,1.125,19.375,12.365,0.416098624144949,0.267218120920841,1
ar92,17,22-23-24,NA',a,152,>0&<200,0.725,1.931,11.8,8.11,1.125,10.675,6.975,0.219624095483069,0.165829547609037,1
ar92,17,22-23-24,NA',b,152,>0&<200,0.725,1.931,11.5,8.36,1.125,10.375,7.225,0.186977270478829,0.212291915376434,1
ar92,17,22-23-24,NA',c,152,>0&<200,0.725,1.931,9.52,6.3,1.125,8.395,5.165,0.191725899570354,0.0937032139164877,1
ar92,17,22-23-24,NA',a,152,>10&<200,0.725,1.931,3.02,2.27,1.125,1.895,1.135,0.0451119763694952,0.0176105877752417,1
ar92,17,22-23-24,NA',b,152,>10&<200,0.725,1.931,2.66,2.54,1.125,1.535,1.405,0.00771652227372944,0.0699268280552179,3
ar92,17,22-23-24,NA',c,152,>10&<200,0.725,1.931,2.61,2.35,1.125,1.485,1.215,0.0160266231838996,0.0511169146450478,3
ar92,8,12-13,NA',a,152,>0&<200,0.725,1.931,90.2,57.6,1.015,89.185,56.597,1.93435406043304,1.19331903463275,1
ar92,8,12-13,NA',b,152,>0&<200,0.725,1.931,93,50.4,1.015,91.985,49.397,2.52793269687376,0.201852766613078,1
ar92,8,12-13,NA',c,152,>0&<200,0.725,1.931,93.3,54.7,1.015,92.285,53.697,2.29050124229747,0.676911556715686,1
ar92,8,12-13,NA',a,152,>10&<200,0.725,1.931,16.1,9.13,1.015,15.085,8.127,0.413012015235457,0.0361036489092798,1
ar92,8,12-13,NA',b,152,>10&<200,0.725,1.931,16.2,9.33,1.015,15.185,8.327,0.40707622887105,0.0530918694842133,1
ar92,8,12-13,NA',c,152,>10&<200,0.725,1.931,15.1,8.7,1.015,14.085,7.697,0.379178032958336,0.0461748976337695,1
ar92,8,22-23-24,NA',a,152,>0&<200,0.725,1.931,10.6,7.68,1.015,9.585,6.677,0.172612667476963,0.196372848641458,1
ar92,8,22-23-24,NA',b,152,>0&<200,0.725,1.931,12.1,6.83,1.015,11.085,5.827,0.312103647040534,0.00990902368315059,1
ar92,8,22-23-24,NA',c,152,>0&<200,0.725,1.931,12.6,7.58,1.015,11.585,6.577,0.297264181129515,0.0661951178836424,1
ar92,8,22-23-24,NA',a,152,>10&<200,0.725,1.931,2.46,1.78,1.015,1.445,0.777,0.0396510529142405,0.00328765399365427,1
ar92,8,22-23-24,NA',b,152,>10&<200,0.725,1.931,2.31,1.7,1.015,1.295,0.697,0.0354960024591554,0.0030217307645288,1
ar92,8,22-23-24,NA',c,152,>10&<200,0.725,1.931,2.35,1.72,1.015,1.335,0.717,0.0366831597320369,0.00293981691269999,1
ar92,11,11-12,NA',a,152,>0&<200,0.725,1.931,145,89.3,1.12,143.88,88.215,3.3041554797473,1.57079693966059,1
ar92,11,11-12,NA',b,152,>0&<200,0.725,1.931,144,87,1.12,142.88,85.915,3.38132070248459,1.36652872350225,1
ar92,11,11-12,NA',c,152,>0&<200,0.725,1.931,149,87.8,1.12,147.88,86.715,3.6306237297897,1.16143543303925,1
ar92,11,11-12,NA',a,152,>10&<200,0.725,1.931,64.5,34.6,1.12,63.38,33.515,1.77272259773023,0.0793890650987196,1
ar92,11,11-12,NA',b,152,>10&<200,0.725,1.931,66.9,36.7,1.12,65.78,35.615,1.79052995682345,0.177632265216024,1
ar92,11,11-12,NA',c,152,>10&<200,0.725,1.931,64,36.9,1.12,62.88,35.815,1.60652057952682,0.372694076723175,1
ar92,11,22-23-24,NA',a,152,>0&<200,0.725,1.931,11.2,7.48,1.12,10.08,6.395,0.218733727528407,0.134667856353172,1
ar92,11,22-23-24,NA',b,152,>0&<200,0.725,1.931,11,7.81,1.12,9.88,6.725,0.187274059797049,0.184364040531898,1
ar92,11,22-23-24,NA',c,152,>0&<200,0.725,1.931,12.4,7.73,1.12,11.28,6.645,0.275123697990276,0.0920934286544604,1
ar92,11,22-23-24,NA',a,152,>10&<200,0.725,1.931,3.48,2.43,1.12,2.36,1.345,0.0602482315987337,0.0140793884670558,1
ar92,11,22-23-24,NA',b,152,>10&<200,0.725,1.931,2.25,1.84,1.12,1.13,0.755,0.0222591988665272,0.0194637402782096,1
ar92,11,22-23-24,NA',c,152,>10&<200,0.725,1.931,2.15,1.75,1.12,1.03,0.665,0.0216656202300865,0.0150837235199135,1
ar99,2,21-22-23,NA',a,152,>0&<200,0.316930317,2.12180909,121,67.2,1.065,119.935,66.09,1.27410194774825,0.480236999170815,1
ar99,2,21-22-23,NA',b,152,>0&<200,0.316930317,2.12180909,115,67.2,1.065,113.935,66.09,1.13212754554768,0.622211401371381,1
ar99,2,21-22-23,NA',c,152,>0&<200,0.316930317,2.12180909,130,73.7,1.065,128.935,72.59,1.33325794866515,0.59362152110115,1
ar99,2,21-22-23,NA',d,152,>0&<200,0.316930317,2.12180909,151,87.9,1.065,149.935,86.79,1.49416227115913,0.809651879288832,1
ar99,2,21-22-23,NA',e,152,>0&<200,0.316930317,2.12180909,129,73.1,1.065,127.935,71.99,1.32379298851845,0.587159663754263,1
ar99,2,21-22-23,NA',f,152,>0&<200,0.316930317,2.12180909,123,68.8,1.065,121.935,67.69,1.28356690789495,0.513243552340353,1
ar99,2,21-22-23,NA',a,152,>10&<200,0.316930317,2.12180909,86,44.6,1.065,84.935,43.49,0.980688183200413,0.173740638126719,1
ar99,2,21-22-23,NA',b,152,>10&<200,0.316930317,2.12180909,90.4,46.1,1.065,89.335,44.99,1.04930914426402,0.14493672079709,1
ar99,2,21-22-23,NA',c,152,>10&<200,0.316930317,2.12180909,90.3,46.7,1.065,89.235,45.59,1.03274546400729,0.177427218547414,1
ar99,2,21-22-23,NA',d,152,>10&<200,0.316930317,2.12180909,89.2,45.6,1.065,88.135,44.49,1.03274546400729,0.148228053142497,1
ar99,2,21-22-23,NA',e,152,>10&<200,0.316930317,2.12180909,85.7,45.6,1.065,84.635,44.49,0.949927062723623,0.23104645442616,1
ar99,2,21-22-23,NA',f,152,>10&<200,0.316930317,2.12180909,96.9,49.3,1.065,95.835,48.19,1.12739506547433,0.151793826219264,1
ar99,3,15-16-17,NA',a,152,>0&<200,0.316930317,2.12180909,142,76,1.05,140.95,74.98,1.56100855219523,0.429312740587213,1
ar99,3,15-16-17,NA',b,152,>0&<200,0.316930317,2.12180909,145,79.7,1.05,143.95,78.68,1.54444487193849,0.544091795387758,1
ar99,3,15-16-17,NA',c,152,>0&<200,0.316930317,2.12180909,140,79.6,1.05,138.95,78.58,1.42849911014137,0.657383087602621,1
ar99,3,15-16-17,NA',a,152,>10&<200,0.316930317,2.12180909,89.2,45.9,1.05,88.15,44.88,1.02387206386975,0.167453884650866,1
ar99,3,15-16-17,NA',b,152,>10&<200,0.316930317,2.12180909,88.2,44.8,1.05,87.15,43.78,1.02623830390643,0.135888479209272,1
ar99,3,15-16-17,NA',c,152,>10&<200,0.316930317,2.12180909,87.2,44.3,1.05,86.15,43.28,1.01440710372305,0.134447331481327,1
ar99,17,21-22-23,NA',a,152,>0&<200,0.316930317,2.12180909,71,42.1,1.085,69.915,40.99,0.684434930608564,0.403632151161938,1
ar99,17,21-22-23,NA',b,152,>0&<200,0.316930317,2.12180909,69.6,40.5,1.085,68.515,39.39,0.689167410681916,0.356428157772342,1
ar99,17,21-22-23,NA',c,152,>0&<200,0.316930317,2.12180909,68.8,40.5,1.085,67.715,39.39,0.670237490388507,0.375358078065751,1
ar99,17,21-22-23,NA',a,152,>10&<200,0.316930317,2.12180909,26.3,14,1.085,25.215,12.89,0.29163908452033,0.0505220446336529,1
ar99,17,21-22-23,NA',b,152,>10&<200,0.316930317,2.12180909,25.6,13.7,1.085,24.515,12.59,0.282174124373626,0.0520235960335617,1
ar99,17,21-22-23,NA',c,152,>10&<200,0.316930317,2.12180909,31.2,16.5,1.085,30.115,15.39,0.348428845400557,0.0600940233100562,1
ar99,10,9-10,NA',a,152,>0&<200,0.316930317,2.12180909,81.9,48.7,1.11,80.79,47.59,0.785591692176468,0.477670382023537,1
ar99,10,9-10,NA',b,152,>0&<200,0.316930317,2.12180909,67.2,54.1,1.11,66.09,52.99,0.30997744480457,1.09662598683775,3
ar99,10,9-10,NA',c,152,>0&<200,0.316930317,2.12180909,82.3,54.3,1.11,81.19,53.19,0.66254721026931,0.749365160537545,1
ar99,10,9-10,NA',a,152,>10&<200,0.316930317,2.12180909,31,17.2,1.11,29.89,16.09,0.326541125061303,0.100563030725166,3
ar99,10,9-10,NA',b,152,>10&<200,0.316930317,2.12180909,45.6,23.3,1.11,44.49,22.19,0.527671528178772,0.061355272125874,1
ar99,10,9-10,NA',c,152,>10&<200,0.316930317,2.12180909,44.7,22.9,1.11,43.59,21.79,0.515840327995391,0.0625685939801937,1
ar99,10,22-23-24,NA',a,152,>0&<200,0.316930317,2.12180909,74.2,48.6,1.11,73.09,47.49,0.605757449389083,0.654850155228656,1
ar99,10,22-23-24,NA',b,152,>0&<200,0.316930317,2.12180909,79.7,51.2,1.11,78.59,50.09,0.674378410452691,0.655245403303944,1
ar99,10,22-23-24,NA',c,152,>0&<200,0.316930317,2.12180909,82.6,49,1.11,81.49,47.89,0.795056652323172,0.476168830623628,1
ar99,10,22-23-24,NA',a,152,>10&<200,0.316930317,2.12180909,39.2,20.6,1.11,38.09,19.49,0.440120646821756,0.0772354747617298,1
ar99,10,22-23-24,NA',b,152,>10&<200,0.316930317,2.12180909,36.4,19.2,1.11,35.29,18.09,0.40699328630829,0.0732002611234827,1
ar99,10,22-23-24,NA',c,152,>10&<200,0.316930317,2.12180909,42.5,22.1,1.11,41.39,20.99,0.482712967481926,0.0744601978355377,1
ar99,14,11-13,NA',a,152,>0&<200,0.316930317,2.12180909,68,41.6,1.105,66.895,40.515,0.624214121675157,0.451244229579585,1
ar99,14,11-13,NA',b,152,>0&<200,0.316930317,2.12180909,71.8,41.9,1.105,70.695,40.815,0.707032522958821,0.376389237042717,1
ar99,14,11-13,NA',c,152,>0&<200,0.316930317,2.12180909,68.2,38.7,1.105,67.095,37.615,0.697567562812116,0.300911170556935,1
ar99,14,11-13,NA',a,152,>10&<200,0.316930317,2.12180909,45.4,23.2,1.105,44.295,22.115,0.524832040134761,0.0622039079831862,1
ar99,14,11-13,NA',b,152,>10&<200,0.316930317,2.12180909,40.1,20.6,1.105,38.995,19.515,0.460943559144506,0.0570761798345462,1
ar99,14,11-13,NA',c,152,>10&<200,0.316930317,2.12180909,34.5,18.6,1.105,33.395,17.515,0.375758917824166,0.0891714295095823,1
ar99,14,21-22-23,NA',a,152,>0&<200,0.316930317,2.12180909,81.9,48.9,1.105,80.795,47.815,0.78038596409578,0.488848666664321,1
ar99,14,21-22-23,NA',b,152,>0&<200,0.316930317,2.12180909,81.8,47.4,1.105,80.695,46.315,0.813513324609246,0.415904262416878,1
ar99,14,21-22-23,NA',c,152,>0&<200,0.316930317,2.12180909,87.3,50.9,1.105,86.195,49.815,0.860838125342767,0.461485897062637,1
ar99,14,21-22-23,NA',a,152,>10&<200,0.316930317,2.12180909,44.1,23,1.105,42.995,21.915,0.498803399731323,0.0829236092220931,1
ar99,14,21-22-23,NA',b,152,>10&<200,0.316930317,2.12180909,46,26.3,1.105,44.895,25.215,0.465676039217858,0.20364846595031,3
ar99,14,21-22-23,NA',c,152,>10&<200,0.316930317,2.12180909,42.6,21.9,1.105,41.495,20.815,0.489338439584619,0.0631894039638803,1
ar99,6,12-13,NA',a,152,>0&<200,0.316930317,2.12180909,88.1,50.9,1.06,87.04,49.745,0.882489221678354,0.437976672019465,1
ar99,6,12-13,NA',b,152,>0&<200,0.316930317,2.12180909,87,50.3,1.06,85.94,49.145,0.870658021494974,0.433881054709254,1
ar99,6,12-13,NA',c,152,>0&<200,0.316930317,2.12180909,92.7,53.5,1.06,91.64,52.345,0.929814022411876,0.459668080424838,1
ar99,6,12-13,NA',a,152,>10&<200,0.316930317,2.12180909,64,32.2,1.06,62.94,31.045,0.754712259697844,0.0693678221163844,1
ar99,6,12-13,NA',b,152,>10&<200,0.316930317,2.12180909,66.5,33.4,1.06,65.44,32.245,0.785473380174634,0.0704603366267768,1
ar99,6,12-13,NA',c,152,>10&<200,0.316930317,2.12180909,71.8,36.2,1.06,70.74,35.045,0.844629381091536,0.0856294840133,1
ar99,6,22-23-24,NA',a,152,>0&<200,0.316930317,2.12180909,88.3,49.9,1.06,87.24,48.745,0.910884102118467,0.3830370957567,1
ar99,6,22-23-24,NA',b,152,>0&<200,0.316930317,2.12180909,84.3,49.2,1.06,83.24,48.045,0.832798180908156,0.442541729891155,1
ar99,6,22-23-24,NA',c,152,>0&<200,0.316930317,2.12180909,95.4,54.9,1.06,94.34,53.745,0.960575142888666,0.466069534099761,1
ar99,6,22-23-24,NA',a,152,>10&<200,0.316930317,2.12180909,52.8,26.9,1.06,51.74,25.745,0.615104097533954,0.0682890964202193,1
ar99,6,22-23-24,NA',b,152,>10&<200,0.316930317,2.12180909,57.5,29.6,1.06,56.44,28.445,0.662428898267476,0.0926349744078574,1
ar99,6,22-23-24,NA',c,152,>10&<200,0.316930317,2.12180909,53.6,27.6,1.06,52.54,26.445,0.61747033757063,0.0845041434593996,1
ar99,9,14-15,NA',a,152,>0&<200,0.316930317,2.12180909,65.7,39.3,1.08,64.62,38.22,0.624687369682492,0.389850904659264,1
ar99,9,14-15,NA',b,152,>0&<200,0.316930317,2.12180909,68,38.6,1.08,66.92,37.52,0.695674570782776,0.300282416483124,1
ar99,9,14-15,NA',c,152,>0&<200,0.316930317,2.12180909,67.4,39.9,1.08,66.32,38.82,0.65071601008593,0.379749081749417,1
ar99,9,14-15,NA',a,152,>10&<200,0.316930317,2.12180909,38.4,21,1.08,37.32,19.92,0.411725766381643,0.117044574405583,1
ar99,9,14-15,NA',b,152,>10&<200,0.316930317,2.12180909,45.9,23.7,1.08,44.82,22.62,0.525305288142096,0.0751357313662903,1
ar99,9,14-15,NA',c,152,>10&<200,0.316930317,2.12180909,45.7,24.2,1.08,44.62,23.12,0.508741607885363,0.104971759534349,1
ar99,9,21-22-23,NA',a,152,>0&<200,0.316930317,2.12180909,84.4,48.9,1.08,83.32,47.82,0.840015213020018,0.429352141219196,1
ar99,9,21-22-23,NA',b,152,>0&<200,0.316930317,2.12180909,87.9,51.1,1.08,86.82,50.02,0.870776333496807,0.456989351552241,1
ar99,9,21-22-23,NA',c,152,>0&<200,0.316930317,2.12180909,93.8,56,1.08,92.72,54.92,0.894438733863569,0.563395960716474,1
ar99,9,21-22-23,NA',a,152,>10&<200,0.316930317,2.12180909,48.8,24.9,1.08,47.72,23.82,0.56553136876559,0.0667632857299788,1
ar99,9,21-22-23,NA',b,152,>10&<200,0.316930317,2.12180909,41.6,21.4,1.08,40.52,20.32,0.477980487408574,0.0614077317077131,1
ar99,9,21-22-23,NA',c,152,>10&<200,0.316930317,2.12180909,38.8,19.9,1.08,37.72,18.82,0.447219366931784,0.0523518084505247,1
